mean,std,rms,peak_to_peak,crest_factor,kurtosis,skewness,bearing,batch,speed,force,fault
-0.0015460761499999998,0.04018697750872667,0.040216706885926184,0.34594,4.553580195400987,0.9158945499416298,0.003031695706718984,NU204_E_metal_b,1,1000,1,OK
-0.0018664082500000005,0.03902621434426435,0.03907081885243938,0.24594,3.4793230342422836,-0.06562096591158006,-0.09996761318637942,NU204_E_metal_b,1,1000,1,OK
-0.002047823500000001,0.04413084411445608,0.04417833160432357,0.49202999999999997,6.3273100148635635,4.008743227564604,-0.22613708837520166,NU204_E_metal_b,1,1000,1,OK
-0.0019096762,0.04339850579602463,0.04344050147634613,0.35328,4.154417970940507,1.0990993596068996,-0.026825557301314067,NU204_E_metal_b,1,1000,1,OK
-0.0019169994500000001,0.048390328744301145,0.04842828515312964,0.83344,10.08253747693243,16.137308247484295,-0.78795250899885,NU204_E_metal_b,1,1000,1,OK
-0.0017328211499999997,0.042269246802412216,0.042304750257874384,0.33094,4.214183960743649,0.8628617404338614,0.008167683027852566,NU204_E_metal_b,1,1000,1,OK
-0.0018521846,0.039348614579000143,0.03939218268995995,0.32875,4.264043993754406,0.8008744077523962,-0.05637623723318437,NU204_E_metal_b,1,1000,1,OK
-0.0015575210500000003,0.049890448398305004,0.04991475446403726,0.6875,8.326796444515308,7.670172170343378,-0.6666899534203373,NU204_E_metal_b,1,1000,1,OK
-0.0021492260500000004,0.038997230991216915,0.03905641045457618,0.27327999999999997,3.6045299186859863,0.33186888080022303,-0.08540804986660672,NU204_E_metal_b,1,1000,1,OK
-0.0020474826,0.049728954453442636,0.049771086948447035,0.67031,9.349002172324843,9.20659420728286,-0.8620194974758695,NU204_E_metal_b,1,1000,1,OK
-0.0016929631999999997,0.03920384239336332,0.039240379493580654,0.38983999999999996,5.952796660343538,1.5344491944981247,0.11896862721716331,NU204_E_metal_b,1,1000,1,OK
-0.00204003775,0.04628748365210657,0.04633241734321076,0.43421,4.987652560585906,2.0657330860708853,-0.22225245399012622,NU204_E_metal_b,1,1000,1,OK
-0.0015631046999999999,0.04838819903183981,0.04841343926894789,0.73376,7.784615298788093,6.841214596581995,-0.05520139536003136,NU204_E_metal_b,1,1000,1,OK
-0.0021153332500000004,0.04389453547370369,0.043945476208715584,0.45297000000000004,5.79559085422968,1.710026617093786,-0.13693512351118448,NU204_E_metal_b,1,1000,1,OK
-0.0018940577999999996,0.054786392266528594,0.05481912287269548,0.6475,6.997375731289928,3.9623696066831755,-0.23758877453585156,NU204_E_metal_b,1,1000,1,OK
-0.0021826028,0.04648395139007555,0.046535164035570724,0.33406,3.8377429993260304,0.4182698795523341,-0.12370374252491494,NU204_E_metal_b,2,1000,1,OK
-0.0012735923500000002,0.03802732253935726,0.03804864382584861,0.27344,3.9094691700665987,0.22996872866896512,0.03576633004511063,NU204_E_metal_b,2,1000,1,OK
-0.002202807500000001,0.053069743154130475,0.05311544031002129,0.53984,5.998067570191856,4.022243178354089,-0.48693453261486586,NU204_E_metal_b,2,1000,1,OK
-0.00175483685,0.04006886145712384,0.04010727004970922,0.24953,3.1906933541323834,0.4568511352344182,0.02743234807362785,NU204_E_metal_b,2,1000,1,OK
-0.0017854650500000004,0.04804813104939864,0.04808129348078063,0.5675,6.88604602811581,5.2034749748187625,-0.2570143459546716,NU204_E_metal_b,2,1000,1,OK
-0.0017122073499999998,0.04117391925021018,0.041209504734129265,0.36843,4.8190338923323655,1.32216084028238,0.07305573331374554,NU204_E_metal_b,2,1000,1,OK
-0.0019937666999999995,0.050355943579059426,0.050395398196575895,0.5339,5.9745534468354995,2.070985198722232,-0.24391315307451356,NU204_E_metal_b,2,1000,1,OK
-0.0019764333500000004,0.04537408641438344,0.04541711138686528,0.38859,4.510194368267114,0.9896010273704126,-0.06682865272507094,NU204_E_metal_b,2,1000,1,OK
-0.0018851567999999999,0.045779862024143414,0.045818659769903736,0.35719,4.0138668595628015,1.4189369495934718,-0.002383321079508304,NU204_E_metal_b,2,1000,1,OK
-0.0016954814000000003,0.048874648074183756,0.04890404770111632,0.755,9.294322686292173,17.534196435730614,-1.1730768679623846,NU204_E_metal_b,2,1000,1,OK
-0.0016245436,0.0408582812027117,0.040890564739902595,0.39,4.971317987242947,1.2865911525526839,-0.14929964825105171,NU204_E_metal_b,2,1000,1,OK
-0.0019543876000000003,0.04586378816650503,0.045905410311564365,0.6656299999999999,8.380057979856241,7.70499349000081,-0.38111796640514056,NU204_E_metal_b,2,1000,1,OK
-0.0022237492,0.03595917466780417,0.03602786842562504,0.23031000000000001,3.222227821766727,0.06384762805566568,-0.07529302302166128,NU204_E_metal_b,2,1000,1,OK
-0.0018362273499999999,0.04209463153427025,0.04213466191732013,0.38671,4.950555920190158,1.5024914401158993,-0.17930380188716424,NU204_E_metal_b,2,1000,1,OK
-0.0018254864999999998,0.046212818283558006,0.04624885917156049,0.74281,10.189440527644035,17.485023384784114,-1.340524447027239,NU204_E_metal_b,2,1000,1,OK
-0.0019387309500000006,0.050302745771193494,0.05034009246930137,0.60063,7.374837466307743,5.157901766725647,-0.5521794774680298,NU204_E_metal_b,3,1000,1,OK
-0.001817999199999999,0.04649050831091911,0.04652604092439889,0.37468999999999997,4.560671739613346,0.8408723331485946,-0.0629918343527833,NU204_E_metal_b,3,1000,1,OK
-0.0014665622499999992,0.05436545564246149,0.05438523303292515,0.63344,6.786033256059946,5.229249351268718,-0.5329887878015932,NU204_E_metal_b,3,1000,1,OK
-0.0021813812500000008,0.040954034822689216,0.041012088369356325,0.40953,5.5966425784721,2.481303833663123,0.021164891233448294,NU204_E_metal_b,3,1000,1,OK
-0.0021132745000000007,0.04317079483784263,0.04322248785115741,0.53406,9.214647740119265,8.163566226035575,-0.9958297626392186,NU204_E_metal_b,3,1000,1,OK
-0.0016501533500000005,0.04427817542927798,0.04430891361142172,0.58578,7.21141580681033,6.234223953245474,0.3729794406396667,NU204_E_metal_b,3,1000,1,OK
-0.0023571823499999997,0.04322012928316065,0.04328436073091842,0.30313,3.544929332649157,0.5433472101900483,-0.024349626673427653,NU204_E_metal_b,3,1000,1,OK
-0.0019256284,0.04750453511245409,0.04754354741692368,0.56438,6.556515382969501,4.525327206308471,-0.19015617742833915,NU204_E_metal_b,3,1000,1,OK
-0.0017192239500000003,0.04895396148646893,0.04898414106840027,0.47906000000000004,6.185063030439587,1.7875380846977267,-0.4056116543793064,NU204_E_metal_b,3,1000,1,OK
-0.0019273494999999996,0.04010039322660926,0.040146683711408095,0.31531,4.242193482885478,1.1367142477179817,-0.02197481989610837,NU204_E_metal_b,3,1000,1,OK
-0.00200920645,0.042518526996424055,0.04256597289507621,0.38312,4.5590406327221,1.7982286659747597,-0.175365617749927,NU204_E_metal_b,3,1000,1,OK
-0.0018901417500000004,0.039860958824111836,0.03990574738321076,0.32985,4.358018867055923,1.123554214182687,-0.09695420441793441,NU204_E_metal_b,3,1000,1,OK
-0.0016910666499999998,0.0490275581226367,0.04905671372894094,0.71265,7.7014942763504255,7.766129069927391,-0.03828490756858961,NU204_E_metal_b,3,1000,1,OK
-0.00186954015,0.03501777195239833,0.03506764224869755,0.23703000000000002,3.573379673241481,0.41247816145955785,-0.07206550011723067,NU204_E_metal_b,3,1000,1,OK
-0.002026369000000001,0.05008298371795363,0.05012396063178737,0.7956300000000001,9.47650572725825,12.273185030625681,-0.8507327302451452,NU204_E_metal_b,3,1000,1,OK
-0.002138566,0.04314936493946607,0.04320232816892603,0.37546999999999997,4.50276659256338,0.7569101817647135,-0.06310080142449769,NU204_E_metal_b,4,1000,1,OK
-0.0015178098,0.044982660158527296,0.04500825992555738,0.62422,8.182498070556973,6.826726180008734,-0.22528866914837112,NU204_E_metal_b,4,1000,1,OK
-0.0021145316999999996,0.04522685840274499,0.04527626271339376,0.4061,4.973025300813808,1.5301562227273466,-0.09286240938228804,NU204_E_metal_b,4,1000,1,OK
-0.0016213961,0.039689630459314056,0.0397227351942185,0.27249999999999996,3.7880070258077385,0.07574523245017284,0.031515135705711954,NU204_E_metal_b,4,1000,1,OK
-0.00231734785,0.04546349460323027,0.04552251577621614,0.68688,8.76972621553965,10.436747623212595,-0.792871470081736,NU204_E_metal_b,4,1000,1,OK
-0.0014609265499999997,0.04215156314750531,0.04217687259817426,0.31781,4.278885296199324,0.5864435106727401,0.031049281794165492,NU204_E_metal_b,4,1000,1,OK
-0.0021948704,0.048183373500833133,0.04823333844959921,0.74844,9.543399125917746,10.558847172981713,-0.7230978726912032,NU204_E_metal_b,4,1000,1,OK
-0.0017277730499999997,0.044371055511932336,0.04440468181346746,0.36578,4.697477641574652,0.7509878943103758,-0.13281629850165325,NU204_E_metal_b,4,1000,1,OK
-0.00201499865,0.043966439250489125,0.04401258910728217,0.37109,4.483717136453325,1.1391944425361817,0.08482553285788098,NU204_E_metal_b,4,1000,1,OK
-0.0016123431000000003,0.051940807299119325,0.05196582639731966,0.7773399999999999,7.871711629724007,8.886813330732663,-0.34760750208002117,NU204_E_metal_b,4,1000,1,OK
-0.0019898779500000002,0.041502611932681975,0.041550287742573966,0.3175,4.106590092880781,0.79962865115747,0.029296661610174333,NU204_E_metal_b,4,1000,1,OK
-0.0019856123,0.049823533003637135,0.0498630835104532,0.58969,6.8092459610690055,5.513791742833336,-0.4108689097850551,NU204_E_metal_b,4,1000,1,OK
-0.0021937416999999997,0.043605827247564184,0.04366097425150669,0.34563,4.183598811785484,1.0382695670884994,-0.0681634608816612,NU204_E_metal_b,4,1000,1,OK
-0.0013940264000000002,0.05536454424133692,0.05538209158793888,0.66484,6.889591726490449,4.661143712157256,-0.45501313938346777,NU204_E_metal_b,4,1000,1,OK
-0.00207360825,0.04928305772916991,0.04932666246880243,0.36032,4.29544569600685,0.9688787388515867,-0.18492302384470852,NU204_E_metal_b,4,1000,1,OK
-0.0016187720500000001,0.0434071813075699,0.04343735503018235,0.35172000000000003,4.151035436543316,0.6574640611417872,0.10058949134022245,NU204_E_metal_b,5,1000,1,OK
-0.0015721627999999998,0.05428248736110557,0.05430524956188204,1.03454,11.33647308440183,24.889893778004552,-1.2749692099149614,NU204_E_metal_b,5,1000,1,OK
-0.00207313145,0.03864335601485103,0.03869892554192561,0.30094,4.219238589017306,0.8483807804688515,0.04316553327868322,NU204_E_metal_b,5,1000,1,OK
-0.001980011450000001,0.04867672269709128,0.04871697628005717,0.61531,6.825136233590765,4.637803979867299,-0.11689090522174983,NU204_E_metal_b,5,1000,1,OK
-0.0020576583,0.044530802720058466,0.04457831702265492,0.38687,4.49344016056509,1.4258314447874527,-0.01660599385879483,NU204_E_metal_b,5,1000,1,OK
-0.0018375003500000003,0.04582439004608635,0.0458612159741988,0.46547,5.621525607717032,1.7028252102042556,-0.1626961130295351,NU204_E_metal_b,5,1000,1,OK
-0.0021195226499999996,0.0484749122881242,0.04852122728873619,0.8018799999999999,9.019969701005465,12.243702695722599,-0.5436128241836861,NU204_E_metal_b,5,1000,1,OK
-0.0016126279,0.04092296347649693,0.04095472510520074,0.44187,5.459443310281354,2.0158959863619197,0.07771844954905485,NU204_E_metal_b,5,1000,1,OK
-0.00199309845,0.046662964058510906,0.04670550991218565,0.55219,6.025199179477944,4.882906442662744,-0.16528430476581013,NU204_E_metal_b,5,1000,1,OK
-0.00164561995,0.043685920276865804,0.04371690400127292,0.43734,5.65776570071838,2.162505945495009,-0.18385129895749738,NU204_E_metal_b,5,1000,1,OK
-0.0021440681,0.046131944111077225,0.04618174201440424,0.50954,5.768729986774986,2.569631702848393,-0.15116414017185775,NU204_E_metal_b,5,1000,1,OK
-0.00188451845,0.03773805416854527,0.03778507830104958,0.35844,4.908551426631504,1.5697033145581285,-0.10618010544184894,NU204_E_metal_b,5,1000,1,OK
-0.0014696728999999999,0.03783779547689857,0.03786632679551319,0.30938,4.559724024260484,0.8083369920253309,-0.1615146344779241,NU204_E_metal_b,5,1000,1,OK
-0.0018178568000000001,0.0459499229396567,0.04598586762806259,0.46280999999999994,5.501037885074644,2.2106503447625503,-0.06725078860930638,NU204_E_metal_b,5,1000,1,OK
-0.00192170745,0.042666842571138154,0.042710097336738445,0.35750000000000004,4.433846134953839,0.9093698283168923,-0.028909245542401495,NU204_E_metal_b,5,1000,1,OK
-0.002923461500000001,0.2582631078808902,0.2582796537078333,6.2833000000000006,18.923286948219136,141.21911549728276,-7.688082433213354,NU204_E_metal_b,6,1000,1,IR
-0.0006301577500000003,0.23354004615394516,0.23354089632519764,5.0592,15.208043027523454,75.49648146013618,-4.307918597873737,NU204_E_metal_b,6,1000,1,IR
-0.003233702149999999,0.0933558326753838,0.09341182111547323,1.3896899999999999,8.256449674036448,14.304959870632263,-0.7651944471716889,NU204_E_metal_b,6,1000,1,IR
-0.003334479500000001,0.2143706458761115,0.21439657778723314,5.2667,17.64906902457714,116.59335010622249,-6.5641932270338454,NU204_E_metal_b,6,1000,1,IR
-0.0032304383999999997,0.06241215493048606,0.06249570237482886,0.86265,7.565480217571436,6.493673926477275,-0.26987828802599434,NU204_E_metal_b,6,1000,1,IR
-0.0026159789000000017,0.2875357838145503,0.2875476835577937,7.2489,17.80574246556551,121.68783597691484,-6.47662534285354,NU204_E_metal_b,6,1000,1,IR
-0.0030737551000000005,0.07813897532001798,0.07819940814659121,1.09672,7.8065808229088365,15.773320910263223,-0.9205645870045411,NU204_E_metal_b,6,1000,1,IR
-0.0015765474499999995,0.29067850110980215,0.29068277642354967,6.7231000000000005,15.871597405130018,99.70093354345201,-6.355821595745452,NU204_E_metal_b,6,1000,1,IR
-0.0020779661499999995,0.08270607002900282,0.08273217006076211,1.41062,8.936910508414979,25.671549859861706,-0.6942254539279271,NU204_E_metal_b,6,1000,1,IR
-0.0017198539499999996,0.2107535217238253,0.21076053904041012,4.4535,13.851739103021792,70.72280916741072,-4.3762789202121235,NU204_E_metal_b,6,1000,1,IR
-0.0019145332499999994,0.08203929785103477,0.08206163433332384,1.38782,8.653983140470018,23.099559575232316,-0.33620380331073657,NU204_E_metal_b,6,1000,1,IR
0.00015207590000000038,0.20119293234144087,0.2011929898163128,4.4353,14.38469602068285,67.6323241715752,-3.787835937595515,NU204_E_metal_b,6,1000,1,IR
-0.0027348285499999994,0.07355320324905264,0.07360402839107613,1.2754699999999999,9.058199864517663,22.79040418622474,-0.5410643442613494,NU204_E_metal_b,6,1000,1,IR
-0.0035333940999999996,0.23828958757945554,0.2383157829910829,5.2175,14.872703584775254,95.50266346247997,-6.017788582752911,NU204_E_metal_b,6,1000,1,IR
-0.0018798908499999994,0.06958548091610303,0.06961086943813626,0.84797,6.646375828004414,6.628363302511273,-0.2241856732739979,NU204_E_metal_b,6,1000,1,IR
-0.003258762100000001,0.20270173613950773,0.20272792941377127,3.5985,11.883414421320234,46.97948165431524,-3.7378853199399504,NU204_E_metal_b,7,1000,1,IR
0.0016812867000000002,0.06428494788778193,0.06430693003014865,1.04625,12.102583650550935,41.429883496774885,3.9686254928684788,NU204_E_metal_b,7,1000,1,IR
-0.003631710800000002,0.230915814938596,0.23094437189957834,4.2928999999999995,11.879051121422929,62.50240775723957,-4.160626887906108,NU204_E_metal_b,7,1000,1,IR
-0.0024868109999999994,0.19244074417660217,0.19245681138425358,4.5964,17.849199388123402,121.71521038815403,-6.475838234626485,NU204_E_metal_b,7,1000,1,IR
-0.0030545792500000007,0.06882822307604812,0.06889597046417717,0.80296,5.984965408309305,7.492813639461353,-0.5463941724585064,NU204_E_metal_b,7,1000,1,IR
-0.00139342535,0.17508320956930076,0.1750887543713008,3.4008000000000003,12.333173582471682,53.45546904790066,-3.018991978205731,NU204_E_metal_b,7,1000,1,IR
-0.00149933835,0.06454698593921362,0.06456439738218596,0.93703,8.04669478946216,8.634388740013486,-0.11283397620765306,NU204_E_metal_b,7,1000,1,IR
-0.0018225312500000004,0.188585457912773,0.1885942643781287,3.6052999999999997,11.254318931695712,50.98340411128593,-2.8785872799617973,NU204_E_metal_b,7,1000,1,IR
-0.0017455004000000004,0.07858144995639492,0.07860083363995449,1.5667200000000001,11.75636386037362,30.032946749292663,1.0292867797723115,NU204_E_metal_b,7,1000,1,IR
-0.0012386418500000003,0.1753184803055973,0.17532285581263124,3.8781,14.685478331197158,72.89389518997461,-4.022159832265731,NU204_E_metal_b,7,1000,1,IR
-0.0024657802999999996,0.07825642870562717,0.07829526618031754,1.14141,8.81483688184328,21.63161242570296,-1.950601025500913,NU204_E_metal_b,7,1000,1,IR
-0.0013255788499999994,0.1975801650039281,0.1975846116535066,4.2019,13.885696750571356,65.9448259508368,-3.50379239205656,NU204_E_metal_b,7,1000,1,IR
-0.0006629307499999992,0.07820452062649477,0.07820733036997966,1.26969,8.13747249764569,18.797380027987415,0.4125980931269188,NU204_E_metal_b,7,1000,1,IR
-0.0028033674499999997,0.20960680118620945,0.20962554704180228,4.1608,13.09477799217196,61.7559107223539,-4.323557264808232,NU204_E_metal_b,7,1000,1,IR
-0.0010817163999999994,0.0712249001210284,0.07123311384195205,1.05484,8.51078897582819,13.474608310459722,0.8321300718859362,NU204_E_metal_b,7,1000,1,IR
-0.0031560140499999998,0.18011544116420017,0.1801430891554218,4.2946,16.531303054488397,96.95149714896537,-5.525339932141437,NU204_E_metal_b,8,1000,1,IR
-0.0009337084499999993,0.09088067427988393,0.09088547061569278,1.44718,9.221716016017258,28.064306607199914,-1.3792897365303123,NU204_E_metal_b,8,1000,1,IR
-0.0029413275999999994,0.1809308039802686,0.18095471045816103,3.8282,13.054647729362054,67.5054078904214,-3.6007087987542863,NU204_E_metal_b,8,1000,1,IR
-0.0025023139500000005,0.08400375249209804,0.0840410138435873,1.24515,7.979675271982352,20.233347258879384,-1.0186098383056958,NU204_E_metal_b,8,1000,1,IR
-0.0033497897000000004,0.17146102607057526,0.17149374493610176,3.676,13.43081055730753,72.63331871967941,-4.745911583802369,NU204_E_metal_b,8,1000,1,IR
-0.0009509186499999997,0.08965373872116185,0.08965878157192006,1.45969,8.344191019369198,20.75984729738666,0.27827594088841573,NU204_E_metal_b,8,1000,1,IR
-0.0041450472000000025,0.17589070027713663,0.17593953467106743,3.7279,13.912165930051849,87.87707050091217,-5.711067449842874,NU204_E_metal_b,8,1000,1,IR
-0.0017218852500000006,0.06383703314684804,0.06386025125072671,0.73265,6.672225549616065,5.757449985948215,-0.5275544574085291,NU204_E_metal_b,8,1000,1,IR
-0.002169764999999999,0.15777237844238623,0.15778729758609455,3.2167,12.772257531696289,61.55057989258863,-3.5544554851947376,NU204_E_metal_b,8,1000,1,IR
-0.00150006145,0.08594912560920065,0.08596221482337416,1.2790599999999999,10.242523436711052,23.490947175479377,2.211115180431703,NU204_E_metal_b,8,1000,1,IR
-0.0008544048999999996,0.17813979989445414,0.1781418488569413,3.8822,14.227426156530784,87.54259637408724,-5.017765815574326,NU204_E_metal_b,8,1000,1,IR
-0.0005883292999999998,0.09866757505761348,0.09866932906995478,2.03954,11.525364677343104,48.26098853916171,-1.450531305960487,NU204_E_metal_b,8,1000,1,IR
-0.001893565500000001,0.15759701483005673,0.15760839023874307,3.1582999999999997,12.295030721807683,57.19662356491047,-2.961863793444325,NU204_E_metal_b,8,1000,1,IR
-0.0040291643,0.21528581248206508,0.21532351293116894,3.6314,10.329108835926169,35.69195691232237,-2.579604863374561,NU204_E_metal_b,8,1000,1,IR
-0.0029504655499999993,0.11704697368829046,0.11708415476292724,2.05857,11.181700911202515,38.04340574864945,-2.3019812430996125,NU204_E_metal_b,8,1000,1,IR
-0.0012684111000000001,0.13923297154968792,0.13923874903659111,3.0366,12.666014397590835,60.583039709022955,-2.438798054828673,NU204_E_metal_b,9,1000,1,IR
-0.0026215285000000003,0.11931384670974862,0.11934264295864118,2.29136,11.394083173365331,49.88751920341735,-3.2922674875115576,NU204_E_metal_b,9,1000,1,IR
-0.0024445699000000013,0.15470437069870943,0.15472368349829219,3.0505,12.714278483563337,60.61472813085904,-3.7998071276078162,NU204_E_metal_b,9,1000,1,IR
-0.0027669532500000002,0.1336410074352788,0.1336696483821362,2.52345,12.042374761083925,50.11287153753178,-3.2491307593583554,NU204_E_metal_b,9,1000,1,IR
-0.0014199120999999996,0.160484315839951,0.16049059717313308,3.2798,12.448081290674153,73.19842144440344,-3.6772799354985417,NU204_E_metal_b,9,1000,1,IR
-0.0027544341999999997,0.1262759753555298,0.12630601276167538,2.4616,10.640031860840875,37.910132429893764,-1.6637765309195944,NU204_E_metal_b,9,1000,1,IR
-1.4099150000000282e-05,0.17551500830291003,0.17551500886920357,3.9362,13.895677729860155,79.13678221441228,-3.634958867942686,NU204_E_metal_b,9,1000,1,IR
-0.0035711351499999994,0.19088674189973415,0.1909201436186221,3.067,9.594063597914339,34.61663046712349,-2.8607509703788034,NU204_E_metal_b,9,1000,1,IR
-0.0029804880000000003,0.0868798649240236,0.08693097398473533,1.5750199999999999,11.943959125343754,37.635712320354095,-2.249170997466357,NU204_E_metal_b,9,1000,1,IR
-0.0039427919,0.1598670459124363,0.1599156589478833,2.6718,9.903970695678792,35.607003613223505,-2.5107606354644303,NU204_E_metal_b,9,1000,1,IR
-0.00234788225,0.10841314119613223,0.1084385620297151,1.83454,11.122427090738219,37.985528030150725,-2.694660034515226,NU204_E_metal_b,9,1000,1,IR
-0.0026761182000000004,0.13391065416078723,0.13393739174103075,2.2438599999999997,10.600475203707095,43.0727241003322,-2.584646810711522,NU204_E_metal_b,9,1000,1,IR
-0.0012747788000000001,0.13569997519307342,0.1357059627591569,2.5519,11.411436671713282,40.738303562235075,-1.5146428576199207,NU204_E_metal_b,9,1000,1,IR
-0.0025104339499999995,0.14917587449656705,0.14919699665352795,3.1151,12.743554110645306,71.39004621373743,-3.8431845804540172,NU204_E_metal_b,9,1000,1,IR
-0.0019591599500000004,0.12741521925661398,0.12743028056910452,2.4192,10.56577756862002,38.91757722117161,-1.5596353408954233,NU204_E_metal_b,9,1000,1,IR
-0.00248638085,0.11975537607854889,0.11978118462198448,2.34391,13.471230937415875,58.06390891042413,-3.7015455190512316,NU204_E_metal_b,10,1000,1,IR
-0.00168394855,0.1452725455331887,0.14528230507674164,3.1752000000000002,13.138558057650073,65.36484807429954,-3.0160842651707753,NU204_E_metal_b,10,1000,1,IR
-0.0016039894499999994,0.1399230420191273,0.13993223527851675,2.7786,10.139908057467,36.884831637526105,-0.7594015919441145,NU204_E_metal_b,10,1000,1,IR
-0.0016149670999999993,0.13762668429848618,0.13763615931044162,2.8092,11.903122029907676,56.472431796799434,-2.2561916811423948,NU204_E_metal_b,10,1000,1,IR
-0.002061509,0.11341543622157642,0.11343417030457599,1.7620099999999999,9.624084145621508,30.75107052408228,-2.170447117829097,NU204_E_metal_b,10,1000,1,IR
-0.0014727416500000003,0.13119144092885093,0.13119970709173032,2.6203,11.512983020182434,50.09145999519009,-1.633530770766159,NU204_E_metal_b,10,1000,1,IR
-0.00073317785,0.16391560759044688,0.1639172472972417,3.1944999999999997,13.98266526428283,52.776139327832325,-3.697927099747865,NU204_E_metal_b,10,1000,1,IR
-0.0019658898999999996,0.16787288968609967,0.16788440015278464,3.6431999999999998,12.450233601798592,47.60546327469048,-1.9915087694315172,NU204_E_metal_b,10,1000,1,IR
-0.0021945445499999996,0.13935611597514763,0.1393733944677417,2.7264,12.356734271824077,47.560337013015676,-2.2515587224283737,NU204_E_metal_b,10,1000,1,IR
-0.00433664075,0.1843073377514506,0.18435834996555447,3.33156,13.541019435606945,54.278373329245795,-4.4180262430198765,NU204_E_metal_b,10,1000,1,IR
-0.0018911423499999999,0.13881116864881668,0.13882405036966106,2.636,10.998814657360642,48.87698979532656,-2.5159493514755473,NU204_E_metal_b,10,1000,1,IR
-0.002383480099999999,0.23599147977855675,0.23600351587520904,4.1777999999999995,11.325255007697807,57.869448317876746,-4.451250901233595,NU204_E_metal_b,10,1000,1,IR
-0.0028610895999999996,0.1295067806254306,0.12953838065091997,2.3213999999999997,10.119780665875494,38.94859926478134,-2.0540810181647524,NU204_E_metal_b,10,1000,1,IR
-0.00293921265,0.1596622900907864,0.15968934168577548,3.3203000000000005,13.396009886554326,54.65029975649789,-3.3564659610599894,NU204_E_metal_b,10,1000,1,IR
-0.0018578141500000002,0.1358910479916668,0.13590374681254905,2.4575,10.278598145838709,40.20941448424934,-1.7052558657133443,NU204_E_metal_b,10,1000,1,IR
-0.0023078095,0.043489775940475824,0.0435509655006761,0.30328,3.856860532687671,0.11427652360203844,0.0573704867826388,NU204_E_metal_b,11,1000,1,RE
-0.00176734445,0.04529138485160265,0.04532585408109733,0.33531,3.8540917439182385,0.4043499116420901,-0.13043145215973106,NU204_E_metal_b,11,1000,1,RE
-0.0014692133000000001,0.03987056211998827,0.03989762288012583,0.29235,3.7009723723052628,0.1536506291941495,0.0415205899759943,NU204_E_metal_b,11,1000,1,RE
-0.0015887433000000002,0.045077141338204944,0.04510513026805044,0.36515,4.589943511296023,0.551582586671342,-0.0888017419304172,NU204_E_metal_b,11,1000,1,RE
-0.0018912476999999998,0.043701541999304615,0.043742446101924154,0.28484,3.5327242477462297,0.1022793500703032,-0.060521849923277055,NU204_E_metal_b,11,1000,1,RE
-0.0023474939000000003,0.044944589704472133,0.04500585374497277,0.30874999999999997,3.4855465888706236,-0.042919582853869986,0.007517347671807908,NU204_E_metal_b,11,1000,1,RE
-0.0013696881999999996,0.04810590850311536,0.048125403672855824,0.30984,3.340855093765889,0.06908802976851414,0.009648623361562894,NU204_E_metal_b,11,1000,1,RE
-0.0021896567500000004,0.04662996365881006,0.04668134646199451,0.30922,3.320384088025242,-0.010495269409982466,-0.015854531740787877,NU204_E_metal_b,11,1000,1,RE
-0.00144281995,0.04747933811398901,0.04750125553236049,0.30907,3.5986417218708295,0.10859495383257167,-0.016593190665250376,NU204_E_metal_b,11,1000,1,RE
-0.00161374545,0.04844081847930985,0.048467690984024016,0.35219,3.7332085834178,0.5924875055099812,-0.05040980040045049,NU204_E_metal_b,11,1000,1,RE
-0.0017898451499999998,0.04030470179062436,0.04034442380419055,0.27328,3.4198034570931,0.19675835914405848,-0.07470794795678824,NU204_E_metal_b,11,1000,1,RE
-0.0019353000499999998,0.044769555013983976,0.04481136510343852,0.30672,3.716914216193323,0.5199737538399911,-0.08757001990125249,NU204_E_metal_b,11,1000,1,RE
-0.0020087498999999997,0.044366713770478426,0.044412164628087086,0.26515,3.092395994433102,-0.225536764554771,0.09207718857930401,NU204_E_metal_b,11,1000,1,RE
-0.0015651327500000002,0.04796707144945457,0.04799259926240922,0.35578,3.85476100155516,0.2462391748807402,0.0017383583541620237,NU204_E_metal_b,11,1000,1,RE
-0.0018723400000000001,0.04067191332856521,0.0407149873005251,0.29296999999999995,3.6573755728048454,-0.03983256691239134,0.044925739300429396,NU204_E_metal_b,11,1000,1,RE
-0.0015670318500000003,0.04830227961998899,0.04832769190957206,0.3025,3.15885145695864,0.1428928030657053,-0.047553398511349786,NU204_E_metal_b,12,1000,1,RE
-0.0021958107999999993,0.04913833936365838,0.0491873762309747,0.34531,3.7548252041891876,0.29617716181831666,-0.024760811021695976,NU204_E_metal_b,12,1000,1,RE
-0.0019718992999999997,0.04986228502190758,0.04990126105075191,0.35641,4.058013680136221,0.2900258020165243,0.01212290692727294,NU204_E_metal_b,12,1000,1,RE
-0.0014520333,0.042940513231521704,0.042965056467911225,0.31969000000000003,4.007675403117448,0.5295962632865199,0.09252165020767894,NU204_E_metal_b,12,1000,1,RE
-0.0017824917500000002,0.04604940438868791,0.0460838900418761,0.28906,3.4176802317877435,-0.02661203640442844,-0.025763284871503526,NU204_E_metal_b,12,1000,1,RE
-0.0015817343500000001,0.046340510727342896,0.046367497431120355,0.39781,4.336874128234381,1.1389352797366792,-0.12491196259442715,NU204_E_metal_b,12,1000,1,RE
-0.00223233745,0.040345029355387696,0.04040674107346159,0.28765,3.832033860847444,0.18521090287382735,0.07216238303591545,NU204_E_metal_b,12,1000,1,RE
-0.0012957798500000002,0.03979058177171165,0.03981167470919727,0.25016,3.4773719269844654,-0.15623981462652337,-0.10546235840023946,NU204_E_metal_b,12,1000,1,RE
-0.0019499748000000002,0.04303085307333246,0.043075012686467774,0.31281000000000003,3.6383042099308387,0.17859521049838323,0.12048255710192574,NU204_E_metal_b,12,1000,1,RE
-0.00171782975,0.047436257695911074,0.04746735176142511,0.30719,3.4398379926619667,-0.3216554514445842,0.019951269273131136,NU204_E_metal_b,12,1000,1,RE
-0.0019792162500000005,0.04968150561409727,0.04972091408097645,0.36797,4.2644026949038745,0.4613519877350387,0.0759266450954271,NU204_E_metal_b,12,1000,1,RE
-0.0015477862000000003,0.04413162323372294,0.04415875690465239,0.32234,3.7152313946300266,0.3089977163853299,0.04802593769948974,NU204_E_metal_b,12,1000,1,RE
-0.0017527674499999998,0.04880254961439569,0.04883401522094341,0.34641,3.67960732262164,0.263935397213781,-0.05950829493182983,NU204_E_metal_b,12,1000,1,RE
-0.0020817236499999997,0.044732321921469476,0.04478073467285845,0.3425,3.9427669351528705,0.42939449780697636,-0.061086550188754404,NU204_E_metal_b,12,1000,1,RE
-0.0015035573499999997,0.05199432850168294,0.05201606368272841,0.40171999999999997,4.562821236294495,0.509251635295211,0.0416384673847693,NU204_E_metal_b,12,1000,1,RE
-0.0012915627499999998,0.04753058177317384,0.04754812654599077,0.6189,6.946856248489806,4.175095247971682,-0.13073353925071185,NU204_E_metal_b,13,1000,1,RE
-0.0017859306,0.04457945015176302,0.044615209558417857,0.33391000000000004,3.9154808803770385,0.6089561596629753,0.12576910414422213,NU204_E_metal_b,13,1000,1,RE
-0.0025139232,0.04671463223365337,0.046782226054143526,0.3714,4.01455885794399,0.7453153383593758,-0.0030803964421742594,NU204_E_metal_b,13,1000,1,RE
-0.0017944002499999995,0.04340048476182907,0.04343756381081883,0.30156,3.6438507621962404,-0.029316054112754397,-0.039848433542204034,NU204_E_metal_b,13,1000,1,RE
-0.0012919566500000001,0.04948934919253276,0.04950621006990863,0.48983999999999994,5.125619586748308,1.434462646097579,0.023146488868013744,NU204_E_metal_b,13,1000,1,RE
-0.00169967765,0.037674357832502774,0.03771267879911705,0.29500000000000004,4.677737185938916,0.24356186799916024,0.12429549668230151,NU204_E_metal_b,13,1000,1,RE
-0.0025057663,0.04825169112844056,0.0483167109963483,0.325,3.757706107390505,0.1424021022051818,0.1704873873060835,NU204_E_metal_b,13,1000,1,RE
-0.0017862839999999997,0.0491566939811141,0.04918913877759556,0.44313,5.848038960402008,1.5721764305552206,0.37569390913540296,NU204_E_metal_b,13,1000,1,RE
-0.0013482867999999998,0.043116811059081654,0.043137886749348306,0.27922,3.3902912502363,-0.0054429112925848955,-0.017120335029602755,NU204_E_metal_b,13,1000,1,RE
-0.00208535715,0.046806771845343396,0.046853202718972024,0.37563,4.272066547949138,0.46260586747266563,-0.059505304370974454,NU204_E_metal_b,13,1000,1,RE
-0.00177187465,0.04413817595761938,0.0441737265423813,0.33375,4.135037143057236,0.14778289634264263,0.034893556126125186,NU204_E_metal_b,13,1000,1,RE
-0.0016059190000000001,0.04528605924949801,0.04531452458300324,0.34438,4.058522111671491,0.5164868858791722,0.24547213149764135,NU204_E_metal_b,13,1000,1,RE
-0.001994553,0.04613538154914269,0.04617847628879481,0.35484,3.843782087783401,0.2479303733100089,0.019023937653386648,NU204_E_metal_b,13,1000,1,RE
-0.00173953515,0.040820211453757464,0.04085725939986134,0.28203,3.571947853176253,0.35229878816456006,-0.06520402707552202,NU204_E_metal_b,13,1000,1,RE
-0.00167093765,0.049647494185820144,0.04967560479310979,0.6015699999999999,6.168218812355564,3.091686193309849,0.035799911247420935,NU204_E_metal_b,13,1000,1,RE
-0.0024645468,0.046715344471017016,0.04678030996022974,0.35968999999999995,3.911260959056318,0.7822230995680339,-0.03334343227728153,NU204_E_metal_b,14,1000,1,RE
-0.0016573258,0.044075303591263035,0.04410645208435326,0.28391,3.2414758667636874,-0.07090789407892384,0.0004962563860861478,NU204_E_metal_b,14,1000,1,RE
-0.0021143667,0.04339607939754773,0.043447557510409435,0.31172,3.5962896179506676,0.13996304479040367,-0.022767316405647726,NU204_E_metal_b,14,1000,1,RE
-0.0015164043,0.043314188604914344,0.04334072468825539,0.29420999999999997,3.861033732215058,0.09502041833479291,0.08913794754302248,NU204_E_metal_b,14,1000,1,RE
-0.0017709274,0.04964540835049843,0.04967698414903838,0.5534399999999999,6.067397310104916,2.1631130880710465,-0.17499626862292056,NU204_E_metal_b,14,1000,1,RE
-0.0017270375000000002,0.040256138884016295,0.04029316786225197,0.29186999999999996,4.2811228094479,0.18257209877449299,0.014465116429720834,NU204_E_metal_b,14,1000,1,RE
-0.0023434229500000005,0.04404635409760013,0.044108649269885405,0.29188000000000003,3.9711032393727863,0.13417652757999843,-0.016701076080338856,NU204_E_metal_b,14,1000,1,RE
-0.0016565724999999998,0.04160378070165305,0.04163674820538937,0.25531000000000004,3.103508452739209,0.020926039049860456,0.025978680562552082,NU204_E_metal_b,14,1000,1,RE
-0.0015378203000000004,0.04267495837884629,0.042702657574340205,0.31953,4.3835679237088385,0.4383572426251763,-0.16204283313144274,NU204_E_metal_b,14,1000,1,RE
-0.0018774899499999999,0.04622933863825846,0.046267447729944296,0.30796999999999997,3.458154876704988,0.26573819096600326,0.03935211320280325,NU204_E_metal_b,14,1000,1,RE
-0.0015842322,0.04199654457037011,0.042026414878200115,0.26406,3.4019080717294594,-0.19537708538326948,-0.04193397516422845,NU204_E_metal_b,14,1000,1,RE
-0.0014179496500000002,0.04138914448738211,0.04141342611529898,0.30984,3.9313337550658387,0.39216503203520636,0.020879188227754246,NU204_E_metal_b,14,1000,1,RE
-0.0019953088,0.042893893219525935,0.04294027634675224,0.26468,3.2093412461334374,0.06106826024088807,0.07014894589314852,NU204_E_metal_b,14,1000,1,RE
-0.0018981478,0.04352179949358017,0.04356317247664637,0.28593,3.3822146465339955,0.0018905873001355822,-0.077287512996511,NU204_E_metal_b,14,1000,1,RE
-0.0019945008500000007,0.048365311727888737,0.04840641912160517,0.43655999999999995,5.587482092416985,1.4547119125623462,-0.10166842685510273,NU204_E_metal_b,14,1000,1,RE
-0.0019239020499999997,0.04676154659603539,0.04680110724279055,0.35688,4.026400465750266,0.4301358032338718,-0.003948837143266183,NU204_E_metal_b,15,1000,1,RE
-0.0015751486500000002,0.042353627360539915,0.04238290744940786,0.29297,3.7272100831819412,-0.08458280351786795,0.039731712891474084,NU204_E_metal_b,15,1000,1,RE
-0.0020360884,0.048202575742183326,0.048245559009649115,0.4239,4.929158349112257,0.9491663652388347,-0.08224046254618925,NU204_E_metal_b,15,1000,1,RE
-0.001926405,0.04335066896095994,0.04339345037660361,0.32906,4.09762299279777,0.32674741034674604,0.14356831207869114,NU204_E_metal_b,15,1000,1,RE
-0.0022087443,0.046381394825850776,0.0464339567275312,0.42155999999999993,5.501792610504136,1.1452300131018651,-0.21539388946024335,NU204_E_metal_b,15,1000,1,RE
-0.0014432776500000002,0.038980695814869355,0.039007405663365545,0.27047,3.7213446403673403,0.03468428295351167,0.06874423078998643,NU204_E_metal_b,15,1000,1,RE
-0.0015229858,0.04868408150514913,0.04870789748846695,0.30437000000000003,3.1276242222541235,0.07689828064082338,0.02111884609538996,NU204_E_metal_b,15,1000,1,RE
-0.0017309668999999999,0.046045220303491376,0.0460777447278613,0.37406,5.123731671208425,0.500718501559883,0.15123059146967638,NU204_E_metal_b,15,1000,1,RE
-0.0024778105999999998,0.04624566706942185,0.046311999180183104,0.3039,3.3434099745418897,0.2723765537876299,0.10513917800790676,NU204_E_metal_b,15,1000,1,RE
-0.0014801305999999996,0.04977127030142424,0.049793273983646524,0.34625,4.085692378187771,0.3103636092326192,0.14309139698437548,NU204_E_metal_b,15,1000,1,RE
-0.00193358445,0.04601889070764783,0.04605949468663022,0.32641,4.135303726102061,-0.006552033477720709,-0.14548155593401027,NU204_E_metal_b,15,1000,1,RE
-0.0017162460499999998,0.04595441923516211,0.04598645613379202,0.29999,3.4112217637211653,0.017065913287251266,0.03222692927795994,NU204_E_metal_b,15,1000,1,RE
-0.0014826416,0.05029182826125855,0.05031367821948595,0.50249,5.279280096383974,1.3171176323646545,0.010310857425619711,NU204_E_metal_b,15,1000,1,RE
-0.00194768085,0.044059436134184025,0.0441024644793882,0.28906,3.379856471958952,0.02812605442180116,0.058291491424522654,NU204_E_metal_b,15,1000,1,RE
-0.00181391135,0.04355607226186176,0.04359382645818307,0.28937,3.4658577205864582,0.23838598374010722,-0.03124382101581612,NU204_E_metal_b,15,1000,1,RE
-0.00162280405,0.04902704285984681,0.049053893062283575,0.3839,4.175815357609136,0.4498698387308724,0.021547719634948885,NU204_E_metal_b,16,1000,2,OK
-0.00169251585,0.0708070531342963,0.0708272785264658,0.80812,6.141701460934363,6.019505574501842,-0.5112985250972377,NU204_E_metal_b,16,1000,2,OK
-0.0019838653500000004,0.051890184681871745,0.05192809440029249,0.42218999999999995,4.871544063411175,0.9770402097833313,-0.1822109958136357,NU204_E_metal_b,16,1000,2,OK
-0.0029398463999999996,0.060604321519817726,0.060675583917528426,0.8001499999999999,7.380398689012587,7.892842138121935,-0.4390802730117872,NU204_E_metal_b,16,1000,2,OK
-0.0015112417500000004,0.06335544676752095,0.06337346831868304,0.52891,4.401053112596884,2.1017009978763,0.17357058332316117,NU204_E_metal_b,16,1000,2,OK
-0.0010592285,0.04927169509126632,0.04928307926846627,0.39561999999999997,4.318114922177078,0.5179206924035413,-0.018256023203227438,NU204_E_metal_b,16,1000,2,OK
-0.0021827919000000006,0.07545587241007325,0.07548743777373795,1.39172,10.757154090114115,22.888492612819686,-0.9348280373230105,NU204_E_metal_b,16,1000,2,OK
-0.0017284493499999999,0.05521976379681139,0.055246808513534584,0.43765,4.440256489022402,0.9799386127678384,0.12975232338361786,NU204_E_metal_b,16,1000,2,OK
-0.0018796642499999993,0.06178441071519274,0.06181299657124181,1.11046,9.501885243875346,18.599348056808374,-0.39164151951309534,NU204_E_metal_b,16,1000,2,OK
-0.0019142292000000002,0.04804559397032159,0.04808371214237868,0.35375,4.061874412309842,0.3682669500181035,-0.10993718721878944,NU204_E_metal_b,16,1000,2,OK
-0.0020632742999999996,0.04666697130171894,0.04671256053046653,0.31047,3.5256042085851207,0.29252211540284456,0.04580035808715653,NU204_E_metal_b,16,1000,2,OK
-0.0017175305499999999,0.07766257608293489,0.07768156560618376,1.4689,10.463357601733211,26.749913138939057,-0.9131807168649482,NU204_E_metal_b,16,1000,2,OK
-0.0022121333000000003,0.04581533381624924,0.04586870770396,0.29328,3.3212184869740287,0.22573425541216618,0.03257881104542091,NU204_E_metal_b,16,1000,2,OK
-0.001656063650000001,0.06756059042461719,0.06758088431898274,1.1985999999999999,9.731450048742118,19.20754289076336,-1.018248137091488,NU204_E_metal_b,16,1000,2,OK
-0.00165435795,0.048974911074393376,0.04900284496813902,0.3389,3.603056110615555,0.22874091234788096,0.004222154400092868,NU204_E_metal_b,16,1000,2,OK
-0.0016895338,0.05882875480438795,0.05885301110645181,0.79672,6.993015179046334,7.626386436064449,-0.21213307958099228,NU204_E_metal_b,17,1000,2,OK
-0.0014168678000000003,0.04678950138578219,0.04681094908558028,0.34781,3.721778844549576,0.39648983924508885,-0.01763584700803025,NU204_E_metal_b,17,1000,2,OK
-0.0023412224999999997,0.07038860122805485,0.07042752661876342,0.97109,8.199918806266036,12.258922089696764,-0.6241926617369326,NU204_E_metal_b,17,1000,2,OK
-0.0018742148499999998,0.05784942397885559,0.057879776571695164,0.41172,3.6632829730667726,0.42965508394595364,-0.10955422625115077,NU204_E_metal_b,17,1000,2,OK
-0.0017098306000000005,0.06617957248502658,0.06620165658789504,0.8268800000000001,6.573249408377629,4.048947156808444,-0.20233580172195584,NU204_E_metal_b,17,1000,2,OK
-0.00126315605,0.0588049432164092,0.0588185082256577,0.50141,4.569140022540837,0.8712233860606706,0.1123680653888308,NU204_E_metal_b,17,1000,2,OK
-0.0019590569999999997,0.05839901169817047,0.058431861784922615,0.67266,7.225338832331015,3.2253097367890824,-0.379005395057588,NU204_E_metal_b,17,1000,2,OK
-0.0020993988999999987,0.07500968999072376,0.07503906361519848,1.1975,9.363922817630717,15.313185306481842,-0.9090223870141836,NU204_E_metal_b,17,1000,2,OK
-0.0016648817000000005,0.05137346952575761,0.051400439708128375,0.41156000000000004,4.812021091735643,0.998850494970227,0.24782763901998398,NU204_E_metal_b,17,1000,2,OK
-0.0022426306499999994,0.07911872952749625,0.07915050697422871,1.13,7.3099973975958,10.41595952671702,-0.36609680156687907,NU204_E_metal_b,17,1000,2,OK
-0.0019286069500000006,0.05258282984496792,0.052618186202799094,0.38297000000000003,4.186955421665225,0.7146299549552428,0.19229193651297452,NU204_E_metal_b,17,1000,2,OK
-0.0029450171000000003,0.05743257585195947,0.05750803330588145,0.54172,5.860572525708879,1.9602956828321805,-0.26688264756519253,NU204_E_metal_b,17,1000,2,OK
-0.0008961149000000004,0.09179758501025403,0.09180195877882355,1.42016,8.23446482031249,10.132842884556172,-0.35768218796608925,NU204_E_metal_b,17,1000,2,OK
-0.00287420265,0.05702892514156768,0.057101307722991754,0.42,4.504099997983809,0.6538621543938969,-0.16619423441531309,NU204_E_metal_b,17,1000,2,OK
-0.0020042888499999995,0.07820407542125511,0.07822975512097421,1.36469,9.764954508916617,19.220893042826287,-0.7943092176610961,NU204_E_metal_b,17,1000,2,OK
-0.0019352809499999996,0.049819731369294885,0.04985730584442101,0.38719000000000003,3.9958035562864764,0.5880337651470762,0.07515564615531588,NU204_E_metal_b,18,1000,2,OK
-0.0016935770000000006,0.058047785466288734,0.058072485744930964,0.50235,4.5229680911829595,2.4034812663569527,-0.1609484997267149,NU204_E_metal_b,18,1000,2,OK
-0.0020815304,0.0641559096386937,0.06418966825256503,0.7293700000000001,5.722727815863436,4.166247671105051,-0.03803401040233922,NU204_E_metal_b,18,1000,2,OK
-0.0018171778000000002,0.04934893483495674,0.0493823805066303,0.40422,4.632218974726968,0.662285705494396,-0.0713286070552748,NU204_E_metal_b,18,1000,2,OK
-0.0024435993499999993,0.06936267573660031,0.06940570555166256,0.97328,8.210276020835725,8.398041046673173,-0.2076574291105616,NU204_E_metal_b,18,1000,2,OK
-0.0016226264499999998,0.05377531004720348,0.05379978519723942,0.5286,5.091284268065347,2.082248213578433,-0.06644424050387078,NU204_E_metal_b,18,1000,2,OK
-0.0023918776499999997,0.07290983429024207,0.0729490576698776,1.51343,11.1592942527638,28.27197332020409,-1.0319881655188672,NU204_E_metal_b,18,1000,2,OK
-0.0013915664499999998,0.057212647196817346,0.05722956802608471,0.7659400000000001,7.43986045475537,7.3863164174253,0.33672650926425063,NU204_E_metal_b,18,1000,2,OK
-0.00199703215,0.04305716049937111,0.04310344774698119,0.27359,3.505288043010012,0.062765128439076,-0.053875631308880526,NU204_E_metal_b,18,1000,2,OK
-0.0016368417000000002,0.07705603526154974,0.07707341838130741,1.48657,10.527754147165101,26.988663027715994,-1.0567867336170877,NU204_E_metal_b,18,1000,2,OK
-0.0016394220000000002,0.057233689351230244,0.05725716462808135,0.6393800000000001,5.627068718697682,2.9688720767483483,0.06156579055118075,NU204_E_metal_b,18,1000,2,OK
-0.0020546745500000007,0.08129809572833757,0.08132405582950446,1.35641,8.870806954247746,16.406482685296492,-0.7233082469153432,NU204_E_metal_b,18,1000,2,OK
-0.0021313904,0.04845493715021564,0.04850179129958563,0.44499999999999995,5.080430916004234,1.239477866580792,-0.07948111010663268,NU204_E_metal_b,18,1000,2,OK
-0.0015116834500000001,0.05252437525226914,0.05254612433371455,0.46421999999999997,4.576360351008991,1.320586156237427,0.05325907544432031,NU204_E_metal_b,18,1000,2,OK
-0.0021807316500000004,0.07993223416149586,0.07996197626733295,1.4914,10.717969214952037,26.644720505140917,-1.1052162258343208,NU204_E_metal_b,18,1000,2,OK
-0.0018473205000000001,0.06469425719572112,0.06472062659721269,0.86297,7.7448261296899625,6.789300908665997,-0.4290401794617073,NU204_E_metal_b,19,1000,2,OK
-0.0008126177999999999,0.05707410861904558,0.057079893328101886,0.39265000000000005,3.495626714876258,-0.0241414616432305,-0.014520363178816163,NU204_E_metal_b,19,1000,2,OK
-0.00195405145,0.06686502528902147,0.06689357161918272,0.90281,7.848287769544787,10.488575368514573,-0.5334199538848241,NU204_E_metal_b,19,1000,2,OK
-0.00174699765,0.061534139436510385,0.06155893368944111,0.6825,6.5840971522468195,2.972220487037501,-0.0013791832231120325,NU204_E_metal_b,19,1000,2,OK
-0.0014992010500000002,0.05089599603015822,0.050918071602233744,0.48828,5.655555894763441,1.2626038978576206,-0.03629445369035642,NU204_E_metal_b,19,1000,2,OK
-0.0024923502999999996,0.060146058032057345,0.06019767526087299,0.7185900000000001,6.509719823926587,4.804298196857159,-0.0804413003860015,NU204_E_metal_b,19,1000,2,OK
-0.0015648728999999998,0.05761788567859893,0.05763913234309873,0.47015,4.182748598034132,1.3860034574990863,0.22354960659191064,NU204_E_metal_b,19,1000,2,OK
-0.0018795190999999997,0.07794244282402232,0.07796510107364227,1.18828,8.17070703722029,15.66071718757119,-0.6672176200029581,NU204_E_metal_b,19,1000,2,OK
-0.0019450985,0.05704376228846685,0.057076914984937784,0.42203,4.26774993119866,0.6844216762407691,-0.20288807980074486,NU204_E_metal_b,19,1000,2,OK
-0.0017970696500000003,0.06726906414303864,0.067293063907116,1.0614,8.549320934384786,16.779924787649175,-0.8862525688479161,NU204_E_metal_b,19,1000,2,OK
-0.00217200835,0.056103253486500616,0.056145281832430165,0.42374999999999996,3.949040645334012,0.9391256192777391,-0.13106898537759049,NU204_E_metal_b,19,1000,2,OK
-0.0020148557500000003,0.06033263992905888,0.06036627439641093,0.46359,4.291469079221533,1.3270124177961593,-0.11821561880843584,NU204_E_metal_b,19,1000,2,OK
-0.002193014799999999,0.07928990791819565,0.07932022952304768,1.31656,9.748837145955457,22.29870433184161,-1.089331119769756,NU204_E_metal_b,19,1000,2,OK
-0.0016965760000000002,0.05010477635199427,0.050133491633908164,0.315,3.3005879823475754,0.04838520877779651,0.011473660543298144,NU204_E_metal_b,19,1000,2,OK
-0.0020603482,0.06510915555873062,0.06514174677022581,1.30891,10.441230604379173,25.878273425410192,-0.8620242853723192,NU204_E_metal_b,19,1000,2,OK
-0.00231329325,0.049449981769602275,0.04950406066854003,0.38875000000000004,3.967553314769168,0.4445704173296705,-0.0681344719176263,NU204_E_metal_b,20,1000,2,OK
-0.0012346520500000002,0.06427280631795801,0.0642846637828208,0.64828,6.054632273024562,3.1645192634184838,-0.05494731093505331,NU204_E_metal_b,20,1000,2,OK
-0.0016178292999999998,0.05803151285180484,0.058054059767712454,0.5409299999999999,4.820334721115176,0.9981291171361977,-0.0802855587470608,NU204_E_metal_b,20,1000,2,OK
-0.0025512385,0.05747586421269316,0.057532458533247344,0.43328,3.8755513962809047,0.6997517255761627,0.11043800514985742,NU204_E_metal_b,20,1000,2,OK
-0.0019502877999999992,0.05482063607404493,0.05485531662533454,0.54625,5.141343033826304,2.805504604316684,-0.17905872874117837,NU204_E_metal_b,20,1000,2,OK
-0.0019372070499999998,0.04769339114444267,0.047732717605551984,0.34969,3.797185852642886,0.2677612974665293,-0.10902557011896215,NU204_E_metal_b,20,1000,2,OK
-0.0017707771499999984,0.07452392371039605,0.07454495862838675,1.2748499999999998,9.285537382220959,17.460336415516245,-0.8429819042280942,NU204_E_metal_b,20,1000,2,OK
-0.0015705882999999998,0.05072411654180399,0.050748426050022576,0.44172,4.470680524680017,1.0160121777345887,0.020631754464260726,NU204_E_metal_b,20,1000,2,OK
-0.002263423499999999,0.07058403170166014,0.07062031306360313,1.24343,8.982826222090862,16.261432275450836,-0.27492639082806697,NU204_E_metal_b,20,1000,2,OK
-0.0022040369000000002,0.051495685398674065,0.05154283066863689,0.36438,3.552967456857819,0.4229579315437455,0.05147852526052717,NU204_E_metal_b,20,1000,2,OK
-0.0018293876,0.0487584387908218,0.048792745488539076,0.36188,4.159839705016714,0.5228208946373556,0.015994051732268186,NU204_E_metal_b,20,1000,2,OK
-0.0018976561999999996,0.07394545280882737,0.0739697985001711,1.425,10.356794469275565,24.753448364549534,-0.803080879046669,NU204_E_metal_b,20,1000,2,OK
-0.0014672019,0.054357618484214255,0.05437741598026478,0.41891,4.3705644285534655,0.5999130616415589,0.13362062449660597,NU204_E_metal_b,20,1000,2,OK
-0.0016868784000000003,0.07275786120646932,0.07277741357094411,1.12859,8.066101434447896,13.726134926408381,-0.36755964620425946,NU204_E_metal_b,20,1000,2,OK
-0.0008138512500000002,0.05619400074496966,0.05619989389298505,0.48141,4.5067700747316675,0.5499951099162108,0.03555897715535561,NU204_E_metal_b,20,1000,2,OK
-0.001348518650000001,0.18120727071839018,0.18121228839059825,3.2085999999999997,9.023670604917092,27.333230639261284,0.2676922868614203,NU204_E_metal_b,21,1000,2,IR
-0.0021751868499999974,0.1936754043989624,0.19368761887878638,4.0595,13.506800357937221,62.63761899842338,-3.0483275666991174,NU204_E_metal_b,21,1000,2,IR
-0.0056308361500000004,0.2233094117964962,0.22338039240865626,5.1528,16.34386957885263,86.52263546838951,-5.057455520276238,NU204_E_metal_b,21,1000,2,IR
-0.0028360323000000006,0.22788208845094207,0.22789973522575585,5.12,13.864430324458358,53.475930437003285,-2.779666226760371,NU204_E_metal_b,21,1000,2,IR
-0.0020994077499999946,0.2524772452290839,0.25248597361312514,4.8744,10.715842790323435,35.1437072005184,-1.3884145277289688,NU204_E_metal_b,21,1000,2,IR
-0.0026812674499999984,0.24172077235462178,0.24173564276468068,3.9312,8.258608358980847,22.750532009483685,-0.5690831101027362,NU204_E_metal_b,21,1000,2,IR
-0.003404210899999999,0.30913232416575126,0.3091510674346294,6.973,14.892719078104253,97.63114819885682,-5.631082608678507,NU204_E_metal_b,21,1000,2,IR
-0.002000985449999999,0.2107367404537496,0.21074624010843498,3.7123,9.318790214190853,31.364474209164158,-0.8386638292362236,NU204_E_metal_b,21,1000,2,IR
-0.0007963491499999992,0.2669877997233706,0.26698898736295357,5.968999999999999,13.076569316523203,68.56285496238802,-2.577064250814528,NU204_E_metal_b,21,1000,2,IR
-0.0028600485000000015,0.21026066930927806,0.2102801201631004,4.2977,12.830504366781508,48.88491899694837,-1.5973524956984935,NU204_E_metal_b,21,1000,2,IR
-0.0004404040499999972,0.24990232926005232,0.24990271732281516,5.6691,13.346393491558485,76.71937674772703,-3.476541040028803,NU204_E_metal_b,21,1000,2,IR
-0.002278439500000001,0.23526280956749174,0.23527384226076864,4.0585,10.626765712564309,41.03719708821948,-1.7378388745757107,NU204_E_metal_b,21,1000,2,IR
-0.0029251962500000004,0.31091461272850035,0.3109283730720218,7.1327,14.49851602624824,89.11925776483716,-4.926391990385058,NU204_E_metal_b,21,1000,2,IR
-0.0025906434000000007,0.219616745736135,0.21963202508048804,4.0135000000000005,10.684234228319148,30.552013072325217,-1.5210167387109264,NU204_E_metal_b,21,1000,2,IR
0.0006679435999999996,0.3042561084337085,0.3042568416122756,6.519299999999999,13.1204937869142,66.25793886070333,-3.022046762046364,NU204_E_metal_b,21,1000,2,IR
-0.0014129182000000007,0.24275349926993114,0.2427576110972349,3.7093,9.142864728187634,25.313471187547545,-1.1690323095197739,NU204_E_metal_b,22,1000,2,IR
-0.0027090631500000014,0.23833072579179163,0.23834612201500754,4.9595,13.173279151578987,59.75752496028024,-3.329458917103096,NU204_E_metal_b,22,1000,2,IR
-0.003121355149999999,0.21582130676921848,0.21584387717409437,3.5202999999999998,9.806625176088371,26.460237902160177,-1.4690394186383666,NU204_E_metal_b,22,1000,2,IR
-0.005342349400000002,0.2399386590203153,0.23999812663764444,4.4423,11.809258845920704,48.87990808206503,-3.366340205586626,NU204_E_metal_b,22,1000,2,IR
-0.0003916924499999985,0.21911422338752912,0.21911457348541516,3.8154999999999997,9.882044656167645,32.86977445025643,-1.0801881708708025,NU204_E_metal_b,22,1000,2,IR
-0.0036873149000000017,0.23931829513332586,0.2393466997405509,5.1638,13.968439939318568,93.70298232543225,-5.5409370897791534,NU204_E_metal_b,22,1000,2,IR
-0.0031893819999999997,0.20177313496380958,0.20179834030701455,3.9472,12.999611374449017,52.06427514064516,-3.0074341816261745,NU204_E_metal_b,22,1000,2,IR
-0.0010772331500000004,0.17446248697739933,0.1744658126785838,3.3552,10.297719492528051,40.158011776024814,-0.6828758539249301,NU204_E_metal_b,22,1000,2,IR
0.00040341045000000133,0.2235750158684807,0.22357537981759656,4.3115,10.842875463200723,35.51114342122904,-0.7555816896802567,NU204_E_metal_b,22,1000,2,IR
-0.00032778395000000016,0.2436922307934708,0.24369245124011557,4.9997,11.374993299520332,50.50644198594807,-1.6250793692449976,NU204_E_metal_b,22,1000,2,IR
-0.0028810689000000004,0.34015870629236633,0.34017090708128306,6.2958,12.215918273713669,44.291871578735744,-3.1317211923285675,NU204_E_metal_b,22,1000,2,IR
-0.0003014531000000007,0.20106554573492263,0.20106577171575912,3.7864,11.908541068764773,40.86184410246154,-1.496808526186784,NU204_E_metal_b,22,1000,2,IR
-0.0022001140000000004,0.22621121926892862,0.22622191809094958,4.6808000000000005,11.854289021286865,59.58854966468072,-3.0591503393484962,NU204_E_metal_b,22,1000,2,IR
-0.00235569995,0.22377317834352983,0.22378557743567756,4.2219,12.170578779961104,44.736087120449845,-2.53073615263791,NU204_E_metal_b,22,1000,2,IR
-0.0029370557499999997,0.2945245214823557,0.2945391655635787,6.5342,13.928538135667537,72.9178675231108,-4.282250853146227,NU204_E_metal_b,22,1000,2,IR
-0.0046564742999999995,0.3081500958133143,0.30818527593423634,7.0824,15.086379405718706,90.64135314863951,-5.283995623207324,NU204_E_metal_b,23,1000,2,IR
-0.004451424199999997,0.21112831093079293,0.21117523257687662,3.5380000000000003,10.039056067942207,24.98554309782819,-0.7956483103059631,NU204_E_metal_b,23,1000,2,IR
0.0005649961499999993,0.25783710270742677,0.2578377217422029,5.037,10.261880930849534,52.15290467454483,-2.0070462423959414,NU204_E_metal_b,23,1000,2,IR
-0.0010691147,0.22313336810976747,0.22313592935753482,3.7083,10.012730833769492,21.479878525130587,-0.6783353379205483,NU204_E_metal_b,23,1000,2,IR
-0.002100730000000001,0.23150741551613116,0.2315169464758282,5.0639,14.896965654132305,83.32316118196421,-4.600685400972706,NU204_E_metal_b,23,1000,2,IR
-0.00234141525,0.24737457359558787,0.24738565416566066,5.1334,12.676967913021848,47.54493397541815,-1.9248363152564945,NU204_E_metal_b,23,1000,2,IR
-0.0008746446499999984,0.22236706548706836,0.2223687856165832,4.7971,13.17226242828194,72.41758840032753,-3.788864875664824,NU204_E_metal_b,23,1000,2,IR
-0.002445124,0.23396702881378875,0.23397980511857774,4.8629999999999995,11.878802953064424,52.979914439754545,-1.8192434967190396,NU204_E_metal_b,23,1000,2,IR
-0.001525119499999999,0.25001438177843266,0.2500190334465382,4.9395,11.008361891729843,60.00053028264892,-3.120327789819186,NU204_E_metal_b,23,1000,2,IR
0.00016321179999999737,0.27627819394541,0.27627824215422614,5.2225,12.356745769702222,39.47309013298152,-1.740181195863531,NU204_E_metal_b,23,1000,2,IR
-8.660174999999743e-05,0.2918444475930264,0.2918444604421023,6.6167,15.2029611707508,77.544058649032,-3.688781059996022,NU204_E_metal_b,23,1000,2,IR
0.0018424785999999994,0.24563290474625457,0.24563981481322206,4.7534,11.489586906528167,38.926232490132186,-1.4722130094983072,NU204_E_metal_b,23,1000,2,IR
0.0003871240499999995,0.2314263659729192,0.2314266897582507,3.8274999999999997,9.316557231373231,28.280393805555804,-0.9634280061841661,NU204_E_metal_b,23,1000,2,IR
-0.0013882386499999998,0.2633492729693102,0.26335293197535065,5.9285,15.01141441770628,87.30985294245647,-4.683311388651584,NU204_E_metal_b,23,1000,2,IR
-0.0017180789500000002,0.20384849743711786,0.2038557374778769,3.0976,8.990671651804263,21.926991922527076,-1.0094674687210095,NU204_E_metal_b,23,1000,2,IR
-0.0015611767500000005,0.20597967623319127,0.20598559244271197,3.9866,11.713440592555228,57.670645190751344,-2.816611367143209,NU204_E_metal_b,24,1000,2,IR
-0.0025428946499999987,0.2366289010325415,0.23664256404347322,4.6966,12.066721857676546,41.637185381778544,-1.576112423875456,NU204_E_metal_b,24,1000,2,IR
-0.00147660615,0.2505079665801414,0.2505123184313288,5.850700000000001,16.25868151117089,101.10453482245936,-5.631945616502678,NU204_E_metal_b,24,1000,2,IR
-0.0009663477500000003,0.21612119740664137,0.21612335782245842,3.3645,8.808395442217108,20.015666219458662,-0.5217415527425794,NU204_E_metal_b,24,1000,2,IR
-0.0018653436999999987,0.18730403009636712,0.18731331825970074,4.0073,12.819163219728207,66.44909089235797,-2.872222581776562,NU204_E_metal_b,24,1000,2,IR
-0.00017739184999999514,0.2209444754515026,0.22094454666365512,3.0778,7.621369368140181,19.820797397860254,-0.5814187610310273,NU204_E_metal_b,24,1000,2,IR
-0.0005527597499999997,0.3678534054666251,0.36785382077223894,6.8375,12.571569843400686,39.49230019982184,-2.982580889517803,NU204_E_metal_b,24,1000,2,IR
-0.000142784899999998,0.28553463873557505,0.2855346744361935,6.2048000000000005,15.144220254644765,74.48496765053244,-4.4749943949255035,NU204_E_metal_b,24,1000,2,IR
-0.001120227949999999,0.20359925073389454,0.20360233252608678,3.4461000000000004,9.818649792451975,30.258857608505103,-1.3695744378404988,NU204_E_metal_b,24,1000,2,IR
-0.002037262000000001,0.2385865750651642,0.23859527287392318,4.6454,10.957886837018501,56.44901622242592,-2.9555058512481027,NU204_E_metal_b,24,1000,2,IR
0.0014308446000000027,0.26159328435888946,0.26159719749634197,5.2382,12.23751642081244,55.747139077516216,-1.9722554848050438,NU204_E_metal_b,24,1000,2,IR
-0.0014657772500000024,0.2372566876485424,0.237261215408049,5.5758,15.201388873428337,89.8371154004469,-4.843754700358139,NU204_E_metal_b,24,1000,2,IR
0.0011330367500000005,0.21595342846074386,0.21595640077623646,3.8317,10.346995930513218,30.468304037399086,-1.0898240934175771,NU204_E_metal_b,24,1000,2,IR
-0.002797350500000003,0.20415125855394334,0.20417042278199568,4.2773,12.831437405589883,66.18614116684859,-3.945431175822016,NU204_E_metal_b,24,1000,2,IR
0.000634303749999998,0.30258477386759514,0.30258543870740207,5.4171,11.082159188904715,44.126962747144766,-2.2049757736529894,NU204_E_metal_b,24,1000,2,IR
0.00014091840000000168,0.23162429098262888,0.23162433384944897,4.4386,11.068785206594127,45.93437593345063,-1.54884711150499,NU204_E_metal_b,25,1000,2,IR
-0.0016708931500000021,0.32866426714530284,0.32866851443677675,5.2033000000000005,9.706740560369958,34.65172985078315,-2.5314061987507817,NU204_E_metal_b,25,1000,2,IR
-0.00456648155,0.22282108556880006,0.22286787325185525,3.4019,9.418584964140972,29.28806943445526,-2.1935468477473687,NU204_E_metal_b,25,1000,2,IR
-0.004769930400000002,0.24547257250345633,0.24551891187337377,5.258,13.26089291923539,53.848086764881806,-2.238537807364728,NU204_E_metal_b,25,1000,2,IR
-0.0016459382000000007,0.20504250889449377,0.20504911500981116,3.8117,10.370198378560454,40.37840657692016,-2.0640955729234505,NU204_E_metal_b,25,1000,2,IR
0.0013257941499999987,0.27214916122855,0.27215239056001594,5.0285,11.244435493301884,45.56417005435135,-1.947638755772328,NU204_E_metal_b,25,1000,2,IR
-0.0007218868499999986,0.23380694018288833,0.23380805460528714,5.422499999999999,13.288250506361054,71.13432852959362,-3.0480891793202636,NU204_E_metal_b,25,1000,2,IR
-0.003504047500000002,0.22139242094917652,0.22142014904389265,4.1191,12.512411413158237,39.68869082171047,-2.2662487667633915,NU204_E_metal_b,25,1000,2,IR
-0.0008972295000000006,0.20301840233845397,0.20302038495883623,4.3488,13.01839714536984,62.7668079622584,-2.9903126734984466,NU204_E_metal_b,25,1000,2,IR
-0.0019245139999999993,0.24227645395978387,0.2422840974918979,4.3811,10.879376844318665,36.57525726425822,-1.2908070243232643,NU204_E_metal_b,25,1000,2,IR
-0.003566912900000001,0.23916937938619356,0.23919597593524264,5.2341999999999995,12.97179013095111,66.12579644579546,-3.765828342687194,NU204_E_metal_b,25,1000,2,IR
0.0006466475500000032,0.26799744835356004,0.26799822849614696,5.5576,13.932181645199499,55.58216235431798,-2.2689634531118976,NU204_E_metal_b,25,1000,2,IR
-0.0013815516500000002,0.21667146732170156,0.2166758718369464,4.4544999999999995,13.086828616219227,72.41005791935176,-4.197360186228813,NU204_E_metal_b,25,1000,2,IR
-0.002325881049999999,0.21245187103885582,0.21246460230016992,3.755,10.272299368327552,32.77841618854633,-1.8180927339173982,NU204_E_metal_b,25,1000,2,IR
-0.0022324604499999994,0.2674477828421448,0.26745710016157703,5.682,12.507800308830937,68.15590680392114,-3.5814270733052536,NU204_E_metal_b,25,1000,2,IR
-0.0017824996,0.061475210609096005,0.06150104734276247,0.6182799999999999,6.074530697304695,2.1170636063637085,-0.048866295336646194,NU204_E_metal_b,26,1000,2,RE
-0.0014802935500000003,0.045994101420143554,0.04601791645045028,0.35453,3.8606702281120255,0.3360787870212145,-0.05530039432666785,NU204_E_metal_b,26,1000,2,RE
-0.002620788750000001,0.07538643949313438,0.07543198123557499,0.72969,5.149539938330629,3.298521153183745,-0.1821437633084857,NU204_E_metal_b,26,1000,2,RE
-0.00101605295,0.04414819432854512,0.044159884805875425,0.34938,4.7201210083833205,0.4659308989905071,-0.17133493354692758,NU204_E_metal_b,26,1000,2,RE
-0.001553729,0.047650722673966334,0.047676046870065575,0.35516000000000003,3.8738530588189675,0.24613413653692628,-0.0398216957956751,NU204_E_metal_b,26,1000,2,RE
-0.0022515391,0.0576628946280065,0.05770683534209279,0.47407,4.356676267371317,1.430992030473229,0.11791553493090731,NU204_E_metal_b,26,1000,2,RE
-0.0012891859499999999,0.04644205117089969,0.046459940996240436,0.40484,5.189201596694002,0.9265486740727629,-0.028335231079051875,NU204_E_metal_b,26,1000,2,RE
-0.001933568849999999,0.06424044537507452,0.06426953796695307,0.6609400000000001,5.409405621972329,2.718710184242169,-0.07752403176648111,NU204_E_metal_b,26,1000,2,RE
-0.00238528395,0.04521856837381658,0.045281436652337484,0.3111,3.554215853080538,0.06834164466848769,-0.04285105222147647,NU204_E_metal_b,26,1000,2,RE
-0.0013096943499999998,0.06385543575883099,0.0638688654607283,0.51641,4.053774842128652,1.705229083515639,-0.04012033011405044,NU204_E_metal_b,26,1000,2,RE
-0.002002312450000001,0.050400132572493025,0.050439891142550035,0.3889,4.126099309211917,0.7986761326087146,-0.09226744487500682,NU204_E_metal_b,26,1000,2,RE
-0.0019490609000000002,0.045604389683530096,0.04564602060201059,0.28078000000000003,3.142442607443459,-0.05857499442460634,0.022237341245912805,NU204_E_metal_b,26,1000,2,RE
-0.0016775188500000003,0.06416003068558417,0.06418195702116918,0.74766,6.383258146286685,4.023662316997935,0.22219388332165121,NU204_E_metal_b,26,1000,2,RE
-0.0018642055500000003,0.05097741992746315,0.05101149483002402,0.35438000000000003,3.675642139576009,0.20680026458704814,0.0059408620567821665,NU204_E_metal_b,26,1000,2,RE
-0.0019129702,0.061327934766113895,0.0613577626520297,0.5861000000000001,5.345207938235519,2.2544500585919796,0.11212973959598004,NU204_E_metal_b,26,1000,2,RE
-0.0021703236,0.0656849075483709,0.06572075307059977,0.5862499999999999,4.552899746577254,1.645411669098694,0.04198073817828903,NU204_E_metal_b,27,1000,2,RE
-0.00140893905,0.048896783842457395,0.04891707860637854,0.37156,3.9319600736524736,0.6939395309979668,-0.08396550195954867,NU204_E_metal_b,27,1000,2,RE
-0.00258487945,0.06765409427866559,0.06770345688690942,0.73797,5.72585238369054,3.5059284892071263,0.020701014652705584,NU204_E_metal_b,27,1000,2,RE
-0.0015237341000000004,0.04713773970949474,0.047162360739551414,0.31218,3.707193559829062,0.15319288832700773,-0.08285371603247359,NU204_E_metal_b,27,1000,2,RE
-0.0021865888,0.056579357585960444,0.05662159372024303,0.44047000000000003,4.164135703508205,0.9312847856417372,0.012518209625058653,NU204_E_metal_b,27,1000,2,RE
-0.0015034151999999998,0.04929386946512522,0.04931679048872093,0.39734,4.274000759400731,0.9029262282210371,0.08947093018675271,NU204_E_metal_b,27,1000,2,RE
-0.0016726366000000001,0.0481312268161665,0.04816028143631352,0.38671999999999995,5.372684550071979,0.7699383008771159,-0.2874416850551662,NU204_E_metal_b,27,1000,2,RE
-0.0021587290499999992,0.07096192645160666,0.0709947541501099,0.8843799999999999,6.53217277180024,4.5032836926680675,-0.06010184316420875,NU204_E_metal_b,27,1000,2,RE
-0.0019122087,0.04603458242275914,0.04607428047132326,0.31406,3.5336417266751097,0.30879133804428394,0.028155547995312117,NU204_E_metal_b,27,1000,2,RE
-0.0014471545999999997,0.06468887342624718,0.06470505854717488,0.50313,3.909586138702984,1.4977215272830442,0.052054313257905556,NU204_E_metal_b,27,1000,2,RE
-0.0017773311,0.044229952971592656,0.0442656485969462,0.35922,4.602892004479887,0.6120217700098523,0.15909959526991121,NU204_E_metal_b,27,1000,2,RE
-0.0018145467000000002,0.053494361272570165,0.05352512744204104,0.375,3.5088192961963056,0.37564074621666776,-0.15341959153586296,NU204_E_metal_b,27,1000,2,RE
-0.0016230941499999997,0.062215599142109994,0.0622367673584633,0.61172,5.327397518741993,2.475526908150849,-0.10800068783298837,NU204_E_metal_b,27,1000,2,RE
-0.0021015238500000006,0.05259054527760911,0.05263251708866271,0.41593,4.224384701675099,0.6151021393418206,0.04604070369391399,NU204_E_metal_b,27,1000,2,RE
-0.0017594934500000004,0.06478519528404224,0.06480908381694717,0.62219,5.075060171024854,2.2681762728914663,0.15056038467038696,NU204_E_metal_b,27,1000,2,RE
-0.001623745,0.04783306861795655,0.047860620568847254,0.33313000000000004,4.129908840518838,0.13994230291586396,0.013266135635961109,NU204_E_metal_b,28,1000,2,RE
-0.0017593946499999996,0.06739302415415244,0.06741598604319766,0.5411,4.141747623791873,1.430852617081678,-0.112924709901482,NU204_E_metal_b,28,1000,2,RE
-0.0020273709,0.04902386833168419,0.04906577115432382,0.33421999999999996,3.77676729908422,0.3747943202007957,0.024298874293704018,NU204_E_metal_b,28,1000,2,RE
-0.0017482861500000002,0.058864275768932814,0.05889023235022301,0.45641,3.900307246777745,1.3266633885523236,0.0515526354352476,NU204_E_metal_b,28,1000,2,RE
-0.0017693497499999995,0.04676677234011192,0.046800230700816875,0.32484,3.505538274988384,0.3575585332437079,-0.05670325522746211,NU204_E_metal_b,28,1000,2,RE
-0.0012510982000000003,0.05452663099437074,0.05454098215381086,0.34109,3.237198763712829,0.16526499316363896,-0.0669079143430741,NU204_E_metal_b,28,1000,2,RE
-0.00227425685,0.060732544555429355,0.06077511178432321,0.49859,4.23693173800828,1.738064164388648,-0.19015700038940067,NU204_E_metal_b,28,1000,2,RE
-0.0021550042,0.049786153195139786,0.049832771276259014,0.34906000000000004,4.195231263399532,0.08934439447673803,0.012279583853380367,NU204_E_metal_b,28,1000,2,RE
-0.00174219905,0.05559947506538049,0.055626764107538085,0.36797,3.337062706742004,0.6597927548330835,-0.003586624198749332,NU204_E_metal_b,28,1000,2,RE
-0.0011449831,0.04737965635277751,0.047393489240681305,0.34109,4.121030190626925,0.19788124819786823,-0.16349060421166292,NU204_E_metal_b,28,1000,2,RE
-0.00226796915,0.055347506379062744,0.05539395406040033,0.64282,6.465145990652753,3.454417627915582,-0.04899498443643782,NU204_E_metal_b,28,1000,2,RE
-0.0015569071499999998,0.04662575773802535,0.046651744281631664,0.35438000000000003,4.0828055399204946,0.3853751498366309,0.00429665230808923,NU204_E_metal_b,28,1000,2,RE
-0.0025611059000000005,0.049303911473879435,0.0493703853545337,0.34969,3.569953905247671,0.34651719923423263,0.0014406058611697201,NU204_E_metal_b,28,1000,2,RE
-0.0005881196999999998,0.06788714229546952,0.06788968974613785,0.585,4.398164155949562,2.104839395732303,0.08674836608379695,NU204_E_metal_b,28,1000,2,RE
-0.00204405675,0.04480119661740445,0.04484780246955867,0.32437,3.807990371789572,0.2861656824410783,0.005438696816259165,NU204_E_metal_b,28,1000,2,RE
-0.0016518594499999996,0.05830923427610998,0.05833262758961603,0.79828,7.559062881619498,7.175594492159698,-0.298341425661571,NU204_E_metal_b,29,1000,2,RE
-0.0023655993,0.046109635668190874,0.04617027790149698,0.28015999999999996,3.1676222593249355,-0.08071942432706436,0.044182545645307554,NU204_E_metal_b,29,1000,2,RE
-0.0018120186499999999,0.06084636097180048,0.06087333615876982,0.56094,4.607435992475889,1.8046687374629649,0.06648815322944275,NU204_E_metal_b,29,1000,2,RE
-0.0022110736000000002,0.0492524385564264,0.04930204407749414,0.36968999999999996,3.8030877524121105,0.30989233396981763,0.04675481402689706,NU204_E_metal_b,29,1000,2,RE
-0.00146149935,0.06813447003938566,0.06815014297782501,0.6414,4.773430924508123,2.1614257699224604,-0.058183982066258896,NU204_E_metal_b,29,1000,2,RE
-0.0020543440500000003,0.04764356923098958,0.047687839315111225,0.33453,3.8466829832206697,0.2392906149450651,0.04374609468332935,NU204_E_metal_b,29,1000,2,RE
-0.00135248625,0.05599505513917625,0.05601138651288528,0.52,4.7060074104639735,1.640587720024782,0.2457810969666105,NU204_E_metal_b,29,1000,2,RE
-0.0020815344000000005,0.05977046810209292,0.059806702321743926,0.5371900000000001,4.585104835320469,2.7281059282035853,0.1802037422539663,NU204_E_metal_b,29,1000,2,RE
-0.0015926411000000004,0.0467538791539337,0.046780997441418934,0.36813,4.89322614992659,0.5123939270423943,-0.15948928112890062,NU204_E_metal_b,29,1000,2,RE
-0.00193548005,0.06238388921685213,0.06241390643794399,0.57235,5.129626044450913,1.613635203878884,-0.10018283205356732,NU204_E_metal_b,29,1000,2,RE
-0.0019898663,0.04644124227353091,0.0464838525920633,0.28532,3.247149097658305,-0.05370376108210184,0.1666332460167778,NU204_E_metal_b,29,1000,2,RE
-0.002218916350000001,0.05629724311896112,0.05634095466500113,0.43438,4.112816358504907,0.586867316125073,-0.07432290828313616,NU204_E_metal_b,29,1000,2,RE
-0.0014528256999999998,0.05148874564000739,0.05150923829854175,0.34219,3.3580383968694187,-0.008778753708169607,-0.01418212311206901,NU204_E_metal_b,29,1000,2,RE
-0.0018120324500000002,0.04953272822098334,0.04956586150379767,0.40875,4.980847553332334,1.2963533170136579,-0.14670000984395765,NU204_E_metal_b,29,1000,2,RE
-0.0018448648999999998,0.062300970198044134,0.06232827940924437,0.45718000000000003,4.256655285765034,0.9063924345508756,-0.11287038412114021,NU204_E_metal_b,29,1000,2,RE
-0.00150016315,0.05969482349741805,0.05971367047724091,0.68407,6.554780452646615,3.3147481376616916,-0.054830328724524334,NU204_E_metal_b,30,1000,2,RE
-0.00202986535,0.04729283659606692,0.04733637868110971,0.27922,3.096138827757159,-0.08488659767270423,-0.056531252254323344,NU204_E_metal_b,30,1000,2,RE
-0.00144171205,0.05916714543309925,0.059184707757465795,0.47453,4.0128609061187905,1.4659946625058167,-0.06998639021392976,NU204_E_metal_b,30,1000,2,RE
-0.0020212338500000004,0.04793807176136491,0.04798066392281538,0.37546999999999997,3.9565938542532093,0.457196806458148,-0.020503295026394877,NU204_E_metal_b,30,1000,2,RE
-0.0020732813499999996,0.047934351130665416,0.0479791674987612,0.35156,4.034876178395518,0.6384418697346028,-0.03636716021025287,NU204_E_metal_b,30,1000,2,RE
-0.0013115880499999998,0.06286541725816137,0.06287909788042158,0.50453,4.475414080131412,1.2801065650694392,-0.20864597872578036,NU204_E_metal_b,30,1000,2,RE
-0.0020773239999999993,0.05481501708786306,0.05485436512570076,0.42016,4.278419765905583,0.835622628735543,-0.0010601257583803677,NU204_E_metal_b,30,1000,2,RE
-0.0021261237000000004,0.06400464335420004,0.06403994669646475,0.4525,3.6061866368284905,0.6926299051495315,-0.06980810248613677,NU204_E_metal_b,30,1000,2,RE
-0.0014705203499999998,0.0487751746848762,0.04879733697283032,0.39984,4.684476944454484,0.7885801786088229,-0.026781292297051958,NU204_E_metal_b,30,1000,2,RE
-0.0017646535999999997,0.04633688566715503,0.046370475258066854,0.35250000000000004,4.107570581064183,0.5631008892846059,-0.07303375464390005,NU204_E_metal_b,30,1000,2,RE
-0.0017065460499999993,0.05933236703945063,0.05935690421446234,0.5920300000000001,5.02249913376316,2.6600439597650665,0.04297944098630963,NU204_E_metal_b,30,1000,2,RE
-0.0019487557000000002,0.0488086465998045,0.04884753455071085,0.32453,3.425761433799217,0.1491482541656306,-0.029615608905625593,NU204_E_metal_b,30,1000,2,RE
-0.0018157976999999997,0.06147112774135378,0.06149794034828451,0.52984,4.946832337426179,1.8338712603777596,-0.07004395872620912,NU204_E_metal_b,30,1000,2,RE
-0.0024013811999999994,0.04655019646097159,0.04661209523527949,0.38251,5.001491540409235,0.8805350810787993,-0.14575505504483188,NU204_E_metal_b,30,1000,2,RE
-0.0014859825000000002,0.06054591047781203,0.06056414301860082,0.52156,4.403925932182073,1.7821276105579287,-0.10622575352212713,NU204_E_metal_b,30,1000,2,RE
-0.0021707715500000006,0.02430377845190472,0.024400530653277963,0.18875,3.9509796475286425,0.9825426074616961,-0.01612162413205026,NU204_E_metal_b,31,500,1,OK
-0.0016135869499999996,0.022425533168026847,0.022483509528440672,0.22266,5.434649775002203,2.059709290760396,-0.19796449759942197,NU204_E_metal_b,31,500,1,OK
-0.0020629722999999994,0.02168940658244671,0.0217872947519707,0.171875,4.087795250116777,0.8458699847452746,-0.04838129430205312,NU204_E_metal_b,31,500,1,OK
-0.0019732806499999996,0.021443728754831637,0.021534329323999332,0.19937100000000002,5.042646017258586,1.8210187303446776,0.0526022277456312,NU204_E_metal_b,31,500,1,OK
-0.0017456195999999997,0.022120519614477883,0.022189289664214244,0.20187100000000002,4.837468960221493,2.169962156952736,-0.12775282536187701,NU204_E_metal_b,31,500,1,OK
-0.00186294995,0.022043653928447243,0.02212223453978717,0.202969,5.085381397510593,1.9142657599581838,0.1932859838520642,NU204_E_metal_b,31,500,1,OK
-0.0017590455999999999,0.02315199407837121,0.023218722428846403,0.25734,6.110155303969007,4.826813974561938,-0.580993798049294,NU204_E_metal_b,31,500,1,OK
-0.0018135916999999996,0.020321036593261576,0.020401804897581612,0.15875,3.9212216959041224,0.8025476933408582,-0.0690402275602211,NU204_E_metal_b,31,500,1,OK
-0.00205952245,0.021358659323428602,0.021457724968326382,0.183439,4.9152461482139245,0.858604335834225,0.15154643838991425,NU204_E_metal_b,31,500,1,OK
-0.0020690548000000006,0.022945124078528795,0.023038222734067075,0.32281,7.751900051557165,7.243885850669875,-0.18815728290024722,NU204_E_metal_b,31,500,1,OK
-0.0016981275500000002,0.02145906013653274,0.021526144548418266,0.182812,4.275312738562949,1.3269330702313056,0.058068913073824856,NU204_E_metal_b,31,500,1,OK
-0.0020926596000000004,0.028332604961251496,0.028409782260549007,0.45922,8.249975232139308,16.05192652055382,-0.5158507373333164,NU204_E_metal_b,31,500,1,OK
-0.0016506312000000001,0.020721578031620964,0.020787216732380744,0.199376,4.953525107553296,1.5596149197449511,-0.06870547795410077,NU204_E_metal_b,31,500,1,OK
-0.0021893786,0.01984159482368421,0.01996202053403888,0.138907,3.561463123373297,0.3859871655719407,-0.08263105518075413,NU204_E_metal_b,31,500,1,OK
-0.0016981357999999998,0.023611587965920746,0.023672573824315236,0.197653,4.798379797777893,0.8884129654001969,0.11043807023541022,NU204_E_metal_b,31,500,1,OK
-0.0019290600000000002,0.023929743376728048,0.024007371587903163,0.22077999999999998,5.759897517047494,2.263265975977215,-0.20428464554358505,NU204_E_metal_b,32,500,1,OK
-0.0020160803000000005,0.024164982676208705,0.024248937451309384,0.43953,9.76826306206706,21.033609262505063,-0.9251611623509008,NU204_E_metal_b,32,500,1,OK
-0.0016592333500000003,0.022948351303418622,0.023008256840857534,0.21469,4.889549033554992,1.1065571986923732,-0.11390957585551956,NU204_E_metal_b,32,500,1,OK
-0.0021351561,0.020504701684457588,0.02061556894048682,0.178749,5.070439739099997,0.7965258641041357,-0.12950042704695883,NU204_E_metal_b,32,500,1,OK
-0.0017309195000000002,0.022629555880508898,0.02269565777113664,0.21907,5.039730557863079,2.149422941403629,0.03297382723975128,NU204_E_metal_b,32,500,1,OK
-0.0019906318000000004,0.024525054287541523,0.024605708743501577,0.39203,8.979217071255903,15.562381028431695,-0.8027154834533651,NU204_E_metal_b,32,500,1,OK
-0.0017862425,0.019237051702103384,0.019319803841090236,0.172187,5.176035989936682,0.8286343362224784,-0.04385832535231723,NU204_E_metal_b,32,500,1,OK
-0.0015820347999999998,0.02400983510559556,0.02406189967368121,0.22719,5.201584317837523,3.0818409284569945,0.061683583288102736,NU204_E_metal_b,32,500,1,OK
-0.0019626537999999994,0.019914935636854078,0.02001141352725227,0.148594,4.341272538378684,0.7967733189639743,-0.05225358433564767,NU204_E_metal_b,32,500,1,OK
-0.0019140646999999998,0.02256490208975598,0.022645936721541464,0.201406,4.802185987588399,1.1775084912141898,0.07457558640741746,NU204_E_metal_b,32,500,1,OK
-0.0018974987499999999,0.022318579048764078,0.02239909534472726,0.22406399999999999,5.76898298843209,3.3852446634505773,-0.3096608186290209,NU204_E_metal_b,32,500,1,OK
-0.0015962500499999998,0.02120190694470753,0.021261911304352732,0.211246,5.871532347820621,1.939828740662687,-0.32250845044303356,NU204_E_metal_b,32,500,1,OK
-0.00211391475,0.021057134075960455,0.02116297547754669,0.163125,4.223177411646311,0.4245893348171115,-0.0850812243209159,NU204_E_metal_b,32,500,1,OK
-0.0019182582500000002,0.023552999922335463,0.023630986438471578,0.26468,5.778853132329609,3.713018080443308,0.14420625206882662,NU204_E_metal_b,32,500,1,OK
-0.00217376355,0.023325271363516198,0.02342634269690806,0.170156,3.841828883169147,0.493794397151746,-0.13218388068107456,NU204_E_metal_b,32,500,1,OK
-0.0021309402,0.018951791335117478,0.01907121655652334,0.12937500000000002,3.6622729228099375,0.30500063314077996,-0.16014454095767341,NU204_E_metal_b,33,500,1,OK
-0.0016714003999999999,0.019965877631391637,0.02003571433437862,0.152188,4.078666656760077,0.8926303673118712,-0.08571423140489785,NU204_E_metal_b,33,500,1,OK
-0.0018170117999999997,0.021795045324645823,0.0218706545989073,0.164688,4.022239005338007,0.39194791140432805,0.0368534784569784,NU204_E_metal_b,33,500,1,OK
-0.0019024875500000004,0.021636417533858567,0.021719899230368624,0.18125,4.539339660570179,1.16048970675706,-0.006971944611840535,NU204_E_metal_b,33,500,1,OK
-0.00190657255,0.021833534204291318,0.021916620057353106,0.33999999999999997,8.284124081399401,8.16815990350288,-0.1074848106963489,NU204_E_metal_b,33,500,1,OK
-0.00178687305,0.01920009683868147,0.019283065988363015,0.15796900000000003,4.748363152169714,0.9307627848282092,-0.21612635322293866,NU204_E_metal_b,33,500,1,OK
-0.0019959335000000003,0.021009793694067958,0.021104387733448228,0.18,4.6050613373620335,0.8694739188127878,-0.21148553612311663,NU204_E_metal_b,33,500,1,OK
-0.0017734207,0.023999158827128643,0.02406459318976606,0.22594,4.798335840936048,2.015005615950227,0.09867166165086019,NU204_E_metal_b,33,500,1,OK
-0.0020760794000000003,0.0251687480269382,0.025254227030709335,0.40844,8.847627754684206,14.307492459242717,-0.6854582315942492,NU204_E_metal_b,33,500,1,OK
-0.00189967585,0.018934187718523846,0.019029246776879335,0.14625,4.006989918941209,0.5890937068897917,-0.1698610302433317,NU204_E_metal_b,33,500,1,OK
-0.0017781063000000003,0.022404863551182704,0.022475310292879497,0.24031000000000002,5.381015809081646,2.5678616329282216,0.04661779619530641,NU204_E_metal_b,33,500,1,OK
-0.0019643652,0.019501360344922836,0.019600045559679192,0.160781,4.1374393622239785,0.6902154684571609,0.03900326524054349,NU204_E_metal_b,33,500,1,OK
-0.0018367104500000004,0.02019118717190122,0.020274554118103003,0.149999,3.930394697501537,0.5677811242102093,0.042450291318944004,NU204_E_metal_b,33,500,1,OK
-0.0019204848500000002,0.023419172581973152,0.023497785139951433,0.22311999999999999,5.053667794336017,1.7241485001549384,-0.18241697917121039,NU204_E_metal_b,33,500,1,OK
-0.0018745404999999998,0.02159567289005832,0.021676876842860456,0.160157,3.9068358700341568,0.45502479573642507,-0.02002791727937247,NU204_E_metal_b,33,500,1,OK
-0.0022768830000000004,0.020481386853083608,0.020607556954218398,0.142969,4.155029157033214,0.5216196372349269,-0.3420987019289869,NU204_E_metal_b,34,500,1,OK
-0.0016923459,0.02312379456659532,0.023185640163759767,0.200155,4.45448127679612,1.256649403853495,0.08560407490060801,NU204_E_metal_b,34,500,1,OK
-0.0017384467500000003,0.026964104021407462,0.02702008702391366,0.36,7.344165835749312,6.439417960181416,-0.25646247255167637,NU204_E_metal_b,34,500,1,OK
-0.00214670635,0.02427948080742332,0.0243741981700151,0.25203,5.173093248873093,3.575226720457681,-0.13551001635423346,NU204_E_metal_b,34,500,1,OK
-0.0016731207000000002,0.021534194495282998,0.021599094088351138,0.23875,6.40212035904679,2.1553675667643226,-0.05697680445914977,NU204_E_metal_b,34,500,1,OK
-0.0019495181000000002,0.023614976247666064,0.023695310168893337,0.19437500000000002,4.220244398036103,1.4491596534646254,-0.12124770543486366,NU204_E_metal_b,34,500,1,OK
-0.00182233315,0.025268382982858214,0.025334010276266715,0.24312499999999998,5.772872056383794,1.8051223105400798,-0.1281597792675932,NU204_E_metal_b,34,500,1,OK
-0.0019381235500000001,0.031132663685202924,0.031192933030271736,0.46047,7.914613215769447,10.893099036077915,-0.4399616650644124,NU204_E_metal_b,34,500,1,OK
-0.00198937245,0.020988194475218526,0.021082265297505686,0.160625,3.9799328400410174,0.6251443811614097,-0.055204190096392644,NU204_E_metal_b,34,500,1,OK
-0.0019584221999999997,0.019922487369307382,0.020018514442726888,0.15468700000000002,4.089963829945772,0.9543588905369313,0.007978447733159907,NU204_E_metal_b,34,500,1,OK
-0.0019218793499999997,0.023375004076188973,0.02345387890728967,0.213751,5.243055977481824,1.9235002449037655,-0.16873636037878173,NU204_E_metal_b,34,500,1,OK
-0.00200547615,0.02138116365567947,0.021475010916392277,0.190624,4.692896333900009,1.9577086500733074,-0.13965588927467987,NU204_E_metal_b,34,500,1,OK
-0.0016087320499999995,0.020966992184299,0.02102861812067432,0.27281,6.501615998513165,5.065133920127517,0.014722672595697851,NU204_E_metal_b,34,500,1,OK
-0.0021590587999999996,0.021080834501171736,0.02119110941332827,0.159843,4.077464672314629,0.7273273604381658,-0.21351023198778488,NU204_E_metal_b,34,500,1,OK
-0.0017187580499999997,0.02104812541241043,0.021118184406122547,0.205786,5.534566691543538,2.2790559027550588,-0.01893574570295197,NU204_E_metal_b,34,500,1,OK
-0.0018898478,0.0202238377091314,0.020311945657480724,0.1375,3.8693486741903755,0.5086165485561933,-0.19904676050015618,NU204_E_metal_b,35,500,1,OK
-0.00186250225,0.020077541511154134,0.020163744388465462,0.154375,4.39372758814973,0.6345249908235866,-0.17205815705786784,NU204_E_metal_b,35,500,1,OK
-0.0019821781,0.023921626610424414,0.024003609097564577,0.33391000000000004,7.101848697298442,9.435097438168002,-0.4330552072277723,NU204_E_metal_b,35,500,1,OK
-0.0017559273,0.02351196510166451,0.023577442262144872,0.22031,4.877543489296973,2.3649218653264796,0.24695569842999174,NU204_E_metal_b,35,500,1,OK
-0.0019459318999999998,0.021685370895121493,0.021772504720826678,0.19405899999999998,5.159718711303812,1.7491400811222295,0.22882788211099883,NU204_E_metal_b,35,500,1,OK
-0.00158061835,0.02410002699084486,0.024151804390724254,0.19875,4.140477389689609,1.3664831915873048,0.21033630733921443,NU204_E_metal_b,35,500,1,OK
-0.0021992154999999998,0.02732055443411791,0.027408926345317504,0.41734,9.46881306951805,16.633483048994588,-1.3178208612524305,NU204_E_metal_b,35,500,1,OK
-0.0015871764000000002,0.019818014490593224,0.019881469444537544,0.145312,3.7723569784026365,0.27392342762934696,0.09588987654770585,NU204_E_metal_b,35,500,1,OK
-0.0023042050000000006,0.020462231571475042,0.020591558502616916,0.173907,4.727374083298691,1.1392135978683369,-0.252038587977809,NU204_E_metal_b,35,500,1,OK
-0.0014870281999999997,0.024246843995387415,0.024292399976211698,0.27453,6.116727871495059,3.143702342457204,-0.050401834016843804,NU204_E_metal_b,35,500,1,OK
-0.0021784389499999997,0.027203844675782143,0.02729092818873989,0.209536,4.282741839767258,1.1738062578909325,-0.23542756854639488,NU204_E_metal_b,35,500,1,OK
-0.0015170360000000005,0.029893842092936863,0.029932310189872413,0.49360000000000004,9.793096427925581,18.784356236157425,-0.8919524856897814,NU204_E_metal_b,35,500,1,OK
-0.0021267164000000004,0.022360427812430625,0.022461336883652986,0.16328199999999998,3.7982155933954886,-0.01968407593807031,0.10003156143346993,NU204_E_metal_b,35,500,1,OK
-0.0015203034500000001,0.024346853735635034,0.02439427411103859,0.218594,4.867945627710428,1.7462150071951879,0.03002251480343273,NU204_E_metal_b,35,500,1,OK
-0.0019115631,0.023839251552268338,0.023915768606875464,0.19797199999999998,4.658432761720697,1.6905709536982307,-0.11719725756573669,NU204_E_metal_b,35,500,1,OK
-0.0018238690500000012,0.1600606917584742,0.16007108278671958,3.7403000000000004,16.075982964572635,96.31741295090836,-5.357119615555868,NU204_E_metal_b,36,500,1,IR
-0.0020495487,0.027483019809862935,0.02755933648952728,0.37438000000000005,7.262874419203164,12.68284624015709,-0.5548294992663559,NU204_E_metal_b,36,500,1,IR
-0.002090481949999999,0.11473450631181217,0.11475354919739321,2.14518,11.20488219312705,41.78429870789339,-2.08976344829815,NU204_E_metal_b,36,500,1,IR
-0.00030329725,0.024454872256085797,0.02445675297915348,0.33046699999999996,9.640691068065122,23.086030773737622,2.913466921665786,NU204_E_metal_b,36,500,1,IR
-0.0039877468,0.1371243059002137,0.13718227798500907,3.6125,18.517698038791842,136.73113534207872,-6.894944475805448,NU204_E_metal_b,36,500,1,IR
-0.00189360405,0.0229583289128263,0.02303628882367324,0.291246,8.457959591120108,6.174348676789494,0.62988544587583,NU204_E_metal_b,36,500,1,IR
-0.0022604904500000004,0.08635794733391593,0.08638752736826039,1.75034,13.565615728348389,54.60735162738752,-3.0681503086957505,NU204_E_metal_b,36,500,1,IR
-0.0024398194499999997,0.06277051068383671,0.06281790931301565,1.2618800000000001,13.939177689547408,55.92813823204845,-3.7511024826614885,NU204_E_metal_b,36,500,1,IR
-0.0016745174,0.020715923273571763,0.02078349069813382,0.200779,5.367721987626321,1.7103419543710725,0.019036403612311292,NU204_E_metal_b,36,500,1,IR
-0.0022042166499999997,0.09004966520132511,0.09007663833597965,1.8134299999999999,11.42249554387536,43.12185884019339,-1.6543675603422103,NU204_E_metal_b,36,500,1,IR
-0.0018340673,0.023852208538178717,0.023922618063449808,0.24421,5.303349309992055,3.5340106621529648,-0.06608949103508208,NU204_E_metal_b,36,500,1,IR
-0.0017925113000000002,0.08996088057384063,0.08997873710150331,2.06111,15.166916584531608,76.01991322134779,-4.2073147193096965,NU204_E_metal_b,36,500,1,IR
-0.0019048294499999997,0.02366313313127079,0.02373967659471865,0.23125,5.844645753551151,2.0130648479143343,-0.10187576654405453,NU204_E_metal_b,36,500,1,IR
-0.00148930705,0.08899294400640086,0.08900540499551461,1.65672,10.6928337672073,40.94679154990847,-1.3516912768718903,NU204_E_metal_b,36,500,1,IR
-0.0019931331000000003,0.025309768772494533,0.025388126651477362,0.23625,4.929863542835163,1.5048384253880362,0.007901863356241446,NU204_E_metal_b,36,500,1,IR
-0.00153703215,0.03597619502295162,0.036009013818203664,0.42766000000000004,6.439498764689232,4.66779496414338,-0.20871530081847417,NU204_E_metal_b,37,500,1,IR
-0.0018689165500000002,0.02899340718523512,0.029053579973554164,0.3325,5.904952166175782,5.641168463269459,0.254907343391596,NU204_E_metal_b,37,500,1,IR
-0.00208060045,0.04468950922676576,0.04473791605743078,0.6159399999999999,7.19121560304693,11.237905829420676,-0.14294491991037067,NU204_E_metal_b,37,500,1,IR
-0.0026802099500000003,0.1019853546359443,0.10202056697350492,2.8509800000000003,20.12045277628278,182.84903337943354,-8.919250001506255,NU204_E_metal_b,37,500,1,IR
-0.0017265601500000003,0.022114677054159745,0.022181973563264103,0.18406,4.52214045400022,0.7592131972810527,-0.06284005589856896,NU204_E_metal_b,37,500,1,IR
-0.0017489362499999998,0.04422380415866961,0.04425837358366129,0.55813,7.188018317000311,11.95494716806481,0.4174990959493101,NU204_E_metal_b,37,500,1,IR
-0.00224795765,0.026913501268519283,0.027007218741047414,0.32531,6.074672167210259,6.325655556543257,0.14739557019016247,NU204_E_metal_b,37,500,1,IR
-0.0016282706,0.0563122970522913,0.05633583286374952,1.0275,10.847270181980726,33.081784470574235,-1.938474999202093,NU204_E_metal_b,37,500,1,IR
-0.00206032445,0.02576464333646421,0.02584689116885196,0.26625,6.214287008472526,2.255186988714242,0.0425501178800786,NU204_E_metal_b,37,500,1,IR
-0.0020891688000000005,0.10514928692865406,0.10517003930720628,2.2571399999999997,12.372344905179105,51.25508827368648,-1.7124549225669758,NU204_E_metal_b,37,500,1,IR
-0.0018778064,0.02376488569711043,0.023838958640691604,0.27343,6.842580771190416,4.662242801155167,0.4493913447254226,NU204_E_metal_b,37,500,1,IR
-0.0016776375999999994,0.08741860564157784,0.08743470180788998,2.32309,19.580326399026063,155.99340081551023,-7.785258115786719,NU204_E_metal_b,37,500,1,IR
-0.00209421705,0.05822541348817913,0.05826306309251122,1.05594,9.46946436928605,41.27086402976946,0.49987408149082657,NU204_E_metal_b,37,500,1,IR
-0.00169562205,0.02589197208581593,0.02594743441323472,0.263279,6.660003345527553,3.33328234024792,0.6279974436072552,NU204_E_metal_b,37,500,1,IR
-0.0018917136500000002,0.022085646382092854,0.022166514309842393,0.198595,4.8708605462636525,1.7845026686395018,-0.009299117522642128,NU204_E_metal_b,37,500,1,IR
-0.00153000975,0.07413757777360529,0.07415336383450497,1.42672,9.899213765113485,48.96446984377998,-0.3087482886687896,NU204_E_metal_b,38,500,1,IR
-0.0019279672000000001,0.025396828961177793,0.02546990339219203,0.2389,5.195936473028387,1.3865766439008835,0.011823029583476233,NU204_E_metal_b,38,500,1,IR
-0.00181920445,0.04682067798482534,0.046856006997925116,1.02828,12.911898361864054,46.29276197070754,-2.2160883093800603,NU204_E_metal_b,38,500,1,IR
-0.0019779796999999997,0.020098409239285155,0.020195505877382596,0.14250000000000002,3.8452119234591056,0.3588203049758292,-0.10846795813604337,NU204_E_metal_b,38,500,1,IR
-0.0017512228500000007,0.09294393193730215,0.09296042849210742,1.87796,10.879898214818045,49.355344160128574,-0.6125584972129111,NU204_E_metal_b,38,500,1,IR
-0.0020571879499999995,0.02142352390230042,0.021522067713258004,0.1825,4.377785687476455,0.6759454021547273,0.09856334396691274,NU204_E_metal_b,38,500,1,IR
-0.00203473175,0.0856908621158976,0.08571501609088243,2.0578600000000002,16.714690906444307,92.49621852726106,-5.25894425007338,NU204_E_metal_b,38,500,1,IR
-0.0010677618499999996,0.10440807084779803,0.10441353060560268,2.3216900000000003,13.954130193178425,83.73725657481668,-3.797415572825961,NU204_E_metal_b,38,500,1,IR
-0.0030236103500000003,0.04760625393087451,0.047702176395627204,1.00938,13.38387571051213,44.497681048439354,-2.758891100380043,NU204_E_metal_b,38,500,1,IR
-0.0019107735999999997,0.02453479883167168,0.024609092008057814,0.204532,4.4381970681501715,1.3436612125073726,0.05885628925006358,NU204_E_metal_b,38,500,1,IR
-0.0016726281999999996,0.12199400572070215,0.12200547166778275,2.6064,12.896142922870878,62.844775512653186,-3.4361999336170475,NU204_E_metal_b,38,500,1,IR
-0.00201491005,0.10751253567751733,0.10753141489964237,1.8970099999999999,10.105883950417677,48.55009112666498,-1.9876769696632484,NU204_E_metal_b,38,500,1,IR
-0.00200173395,0.02642030395971988,0.02649602611960089,0.23563,4.535019683993653,1.869286734383743,-0.10903855977091013,NU204_E_metal_b,38,500,1,IR
-0.0020415664500000002,0.056370887241005106,0.05640784450684033,1.0336,12.49276596475062,34.20212497685989,-2.503717784280572,NU204_E_metal_b,38,500,1,IR
-0.00196686105,0.027989518758156424,0.028058540637445804,0.252033,5.763663979878375,1.7713879223694304,0.28501542051776785,NU204_E_metal_b,38,500,1,IR
-0.0018245976500000003,0.09504033744797033,0.09505785027449577,1.75376,12.319866235331945,57.60655100957376,-4.0924214743498935,NU204_E_metal_b,39,500,1,IR
-0.0020114095,0.021182904955242086,0.0212781867300649,0.161718,3.833127372867605,0.6121512603923644,-0.11699922842002931,NU204_E_metal_b,39,500,1,IR
-0.0020563771499999993,0.12389931696813276,0.12391638080638442,2.46686,12.421279494960018,68.08391915489818,-3.549203525702992,NU204_E_metal_b,39,500,1,IR
-0.00201576795,0.024403721585430988,0.024486832127645207,0.21625,4.498744444596052,2.127446263089359,0.015331800735075294,NU204_E_metal_b,39,500,1,IR
-0.0025201626000000005,0.05214054531990197,0.05220141459565238,0.77688,9.596291669109693,20.94120745729547,-1.8146733672600681,NU204_E_metal_b,39,500,1,IR
-0.0014028198999999997,0.0938981739863025,0.09390865232572432,1.8188900000000001,10.666748752027456,44.11678630782291,-0.7915776741031402,NU204_E_metal_b,39,500,1,IR
-0.0024462468,0.02315368683980771,0.023282554363351006,0.23687000000000002,5.811647548990202,1.7984839843006384,-0.043344972605139004,NU204_E_metal_b,39,500,1,IR
-0.00232671745,0.05022023968354833,0.05027410951936571,1.1375,16.761311300310656,94.18747229955122,-5.485386577641659,NU204_E_metal_b,39,500,1,IR
-0.0016339120499999998,0.02702723341454675,0.02707657686325078,0.24391000000000002,4.708867027170158,2.198947907480674,0.12485132518124739,NU204_E_metal_b,39,500,1,IR
-0.0016065916499999999,0.07494593113523401,0.07496314914981285,1.61984,12.970906519105695,51.52180703654696,-1.2106254546905921,NU204_E_metal_b,39,500,1,IR
-0.0020662448,0.02525223041250699,0.02533662385519961,0.21969,5.020005851091242,1.3487714296551756,-0.003214042359484605,NU204_E_metal_b,39,500,1,IR
-0.0011024764499999997,0.14987756669637511,0.14988162146557252,2.7866999999999997,11.581139722315518,50.542956593920444,-3.1106848316588507,NU204_E_metal_b,39,500,1,IR
-0.0019598549,0.02721055765432989,0.0272810461509207,0.23532,4.541981246412656,1.2214961826670105,0.0018963277621014392,NU204_E_metal_b,39,500,1,IR
-0.0024498293999999994,0.10693904954140514,0.10696710700448156,2.15938,11.812977235581958,57.89480042405009,-2.4950877298113876,NU204_E_metal_b,39,500,1,IR
-0.00183499,0.02242103631789218,0.02249600093057297,0.167813,3.8270802115319436,1.2189128802427325,0.028171936903265263,NU204_E_metal_b,39,500,1,IR
-0.0016249801999999995,0.11211643875754433,0.11212821411368586,2.9114,16.900295924437675,110.25327853013597,-4.436826352238305,NU204_E_metal_b,40,500,1,IR
-0.0023679682000000003,0.03191214321300183,0.03199987746606774,0.42313,7.192527541521329,5.947784011777129,-0.16270320929795576,NU204_E_metal_b,40,500,1,IR
-0.00241468735,0.04927398589297422,0.04933311667408895,0.85781,9.93875986467978,30.23314605463485,-1.531832414684561,NU204_E_metal_b,40,500,1,IR
-0.0019992252000000004,0.028750167028730286,0.028819594125875626,0.27109,5.004234250145538,2.527351162001848,-0.03338216480517108,NU204_E_metal_b,40,500,1,IR
-0.00183265395,0.04435589308095607,0.04439373685002939,0.6692199999999999,7.954500455614748,16.67107353687181,-0.5632533540940519,NU204_E_metal_b,40,500,1,IR
-0.0020390694,0.018402521483253692,0.018515145177924748,0.13156299999999999,3.6372385608022646,0.510573287103504,-0.072255594359738,NU204_E_metal_b,40,500,1,IR
-0.0018649759,0.14101045021667843,0.14102278257578782,2.8385,12.868842656857224,65.7690933751537,-3.7893697299049025,NU204_E_metal_b,40,500,1,IR
-0.001975788,0.024834546471065682,0.024913017413482154,0.181406,3.8947911603630088,0.6798667842521029,0.03381148905912705,NU204_E_metal_b,40,500,1,IR
-0.0010871219499999998,0.08647678016480659,0.08648361314033115,1.8048199999999999,12.176873303052282,44.75920383200102,-0.9385218243401215,NU204_E_metal_b,40,500,1,IR
-0.00186076695,0.023877308113374407,0.023949703471718133,0.19656,4.762480676835596,1.2287658756193736,-0.2601129305426347,NU204_E_metal_b,40,500,1,IR
-0.0004959536000000008,0.08017046343209039,0.08017199746101811,1.56219,10.124732147214884,41.31759878127148,-0.36479186219786786,NU204_E_metal_b,40,500,1,IR
-0.0020356385499999997,0.024943771606015627,0.025026697070115296,0.25812999999999997,5.281959486289935,2.3588079102364254,0.06347309356397283,NU204_E_metal_b,40,500,1,IR
-0.00228514445,0.04136225538866942,0.04142533109095059,0.53062,8.196192789734171,18.3043383985237,-1.6997254372280581,NU204_E_metal_b,40,500,1,IR
-0.0019046882,0.023244795554064907,0.023322700475920343,0.2536,5.634424715768871,3.4634779151102775,0.0001703231341049707,NU204_E_metal_b,40,500,1,IR
-0.0027140552499999994,0.0864059218359591,0.0864485362757631,1.59782,11.294696730148669,35.68329901102155,-2.0565695435041538,NU204_E_metal_b,40,500,1,IR
-0.0017939148,0.021760510923006286,0.021834329986054873,0.16406199999999999,3.842847481630487,1.2379860354558332,-0.09878409683666957,NU204_E_metal_b,41,500,1,RE
-0.0018670331,0.018913415091203107,0.01900534353829588,0.181254,5.335867767696924,1.2856665992490255,-0.20339193320128057,NU204_E_metal_b,41,500,1,RE
-0.00175545795,0.019572485595853922,0.019651051498943445,0.172344,4.397016617896792,1.9573368165778184,0.03677731604671987,NU204_E_metal_b,41,500,1,RE
-0.001844695,0.01777317622016574,0.017868651112943303,0.152344,5.4477531283538285,1.2881322712118486,-0.33726329323431214,NU204_E_metal_b,41,500,1,RE
-0.0018018834000000001,0.0182415554230308,0.018330333549575688,0.153594,4.935480293106514,1.195228374653177,0.19216221424695526,NU204_E_metal_b,41,500,1,RE
-0.0018450023999999998,0.02285945520539661,0.02293379005187629,0.3075,8.352740631473944,7.03287944642698,0.6503092948147451,NU204_E_metal_b,41,500,1,RE
-0.00173498825,0.015812544622693225,0.015907443278927715,0.119062,3.9682681178326424,0.7909745604144884,-0.03257670356633527,NU204_E_metal_b,41,500,1,RE
-0.00180936875,0.02285115160877075,0.022922673166986925,0.2236,4.894280836389329,3.3216523149969515,0.04258270950386072,NU204_E_metal_b,41,500,1,RE
-0.0017237450999999999,0.018359582996081935,0.018440324968931405,0.170156,4.85517474072954,0.9076121596149096,-0.07970721257125103,NU204_E_metal_b,41,500,1,RE
-0.0018740532000000002,0.021896178726356335,0.021976230755363167,0.27297,7.323366859019878,5.129034888082966,0.08976602689924093,NU204_E_metal_b,41,500,1,RE
-0.0016426563,0.019994893959365607,0.020062255709819996,0.169219,4.306893564202071,1.8245140938038267,-0.015019833221064744,NU204_E_metal_b,41,500,1,RE
-0.00199343285,0.016539836690359532,0.01665953097392668,0.141094,4.380015266588329,0.8167118916813227,0.12362237689339374,NU204_E_metal_b,41,500,1,RE
-0.0017373482,0.020144376454468916,0.020219156300582995,0.23015999999999998,5.72625278121331,2.9889275304617904,0.14755358965332127,NU204_E_metal_b,41,500,1,RE
-0.00157483605,0.017643884870199588,0.01771402782817159,0.20922400000000002,7.021553833295422,3.8649905968155283,0.3770015362405358,NU204_E_metal_b,41,500,1,RE
-0.0021418804,0.020777002157722147,0.020887112541227305,0.25203,6.747701470072058,3.9301077659185895,-0.03197055449726317,NU204_E_metal_b,41,500,1,RE
-0.0017429681,0.021003566976945068,0.021075762466697023,0.2539,6.397870549787611,3.476679400790754,0.0654808179161947,NU204_E_metal_b,42,500,1,RE
-0.0017295378499999998,0.01623063028961737,0.01632252004969905,0.115,3.9917855699740024,0.2084043138477214,0.034848381574070546,NU204_E_metal_b,42,500,1,RE
-0.0017662529,0.02003279354689147,0.020110506373513696,0.16312500000000002,4.211132152869971,1.0528449204043104,-0.054691542424277304,NU204_E_metal_b,42,500,1,RE
-0.00179656425,0.017643049246544074,0.017734284023336197,0.118437,3.4890046826012204,0.6507332764186087,-0.00766169788941626,NU204_E_metal_b,42,500,1,RE
-0.0020040558500000003,0.020211440096813447,0.02031055269156892,0.15703099999999998,4.246560953302029,0.6929506991523211,-0.09931127474547431,NU204_E_metal_b,42,500,1,RE
-0.0015443609000000001,0.017693134032287672,0.017760406596526584,0.13437500000000002,3.862186354079021,0.6086556111464194,-0.005573118015182123,NU204_E_metal_b,42,500,1,RE
-0.0018290684000000002,0.020007533745919345,0.02009096557674568,0.215939,6.245095564009399,2.8722177396025526,-0.23324397221444285,NU204_E_metal_b,42,500,1,RE
-0.0017592108999999999,0.021421374025451453,0.02149348943584929,0.201095,5.081538776008628,2.1224248999424518,-0.03292841346465176,NU204_E_metal_b,42,500,1,RE
-0.00183155645,0.01590876228844975,0.016013847650703357,0.14453100000000002,5.229848680140376,0.9817419029316659,-0.09750104905266477,NU204_E_metal_b,42,500,1,RE
-0.0016082693,0.020955880102939188,0.021017503206377415,0.159375,4.059140572611554,0.517119854043639,-0.10079467790353262,NU204_E_metal_b,42,500,1,RE
-0.0020432735499999995,0.01658990756804006,0.01671526248421611,0.157812,5.393633518177325,1.7029130374397239,-0.025467642212143867,NU204_E_metal_b,42,500,1,RE
-0.0018626532500000002,0.019618111555772946,0.019706338527095475,0.147968,4.321249220544633,0.4782246603305569,-0.07330964062077715,NU204_E_metal_b,42,500,1,RE
-0.0016503145999999997,0.018062090325946547,0.0181373274001884,0.14875,4.2470976180977935,1.843205495908431,-0.010727938320376378,NU204_E_metal_b,42,500,1,RE
-0.0018087488500000003,0.017549267302858863,0.01764223215099403,0.119063,3.8437879866680675,0.22861919689090593,-0.14210580138462303,NU204_E_metal_b,42,500,1,RE
-0.0017373356,0.02056379206683589,0.02063705112546582,0.143125,3.664525495441539,0.48600267702282096,-0.03383591968006945,NU204_E_metal_b,42,500,1,RE
-0.0016562475000000002,0.017473579826682448,0.017551898693323752,0.13781300000000002,4.255266128467868,0.5820745211328435,0.07395072463476875,NU204_E_metal_b,43,500,1,RE
-0.0018403061500000002,0.02015763198050405,0.020241463726400014,0.15,3.9754536078854796,0.8013973476149276,0.03353515600790515,NU204_E_metal_b,43,500,1,RE
-0.00172123405,0.01867273477577784,0.018751897788261924,0.161875,4.366224737597017,1.2905230530363854,0.07640164662398985,NU204_E_metal_b,43,500,1,RE
-0.0019171791000000002,0.020356243737584993,0.02044632570427863,0.14140599999999998,3.866807227053776,0.43741678632910297,0.03530825023351752,NU204_E_metal_b,43,500,1,RE
-0.0017187375,0.0187402637814003,0.018818914559303627,0.18,5.048112615668062,2.9003489598832877,0.0173659177313109,NU204_E_metal_b,43,500,1,RE
-0.0016985799,0.020366049878734853,0.02043676004996389,0.1575,4.342664873640615,1.575651927045004,0.3015498498390025,NU204_E_metal_b,43,500,1,RE
-0.00225124505,0.019542952638929027,0.01967219108596123,0.205626,5.869707115767266,1.9531092923948767,-0.043486787356155854,NU204_E_metal_b,43,500,1,RE
-0.0015354853,0.0176737698041787,0.01774034537988522,0.164687,4.756108079816082,1.87136756807479,-0.15587086515470233,NU204_E_metal_b,43,500,1,RE
-0.0022837608499999998,0.023524527296473988,0.023635121073151764,0.22921999999999998,4.8588708153668865,2.7825413537200356,-0.09409583596272433,NU204_E_metal_b,43,500,1,RE
-0.0012770324,0.018118799850103763,0.01816374740406753,0.14937499999999998,4.361379743822024,1.4548991957476574,-0.05701096155255405,NU204_E_metal_b,43,500,1,RE
-0.00190421065,0.01793118558563025,0.018032011388247497,0.128438,3.665370355914775,0.6242001585588053,0.2003332865325048,NU204_E_metal_b,43,500,1,RE
-0.0018173433,0.022122569688798364,0.02219709049190445,0.200935,4.969570225441546,2.677438703010824,-0.17738385699827824,NU204_E_metal_b,43,500,1,RE
-0.0018710909999999999,0.02017456466935071,0.020261146096114478,0.153125,4.141226740183805,1.0816035694439243,0.036884692845478795,NU204_E_metal_b,43,500,1,RE
-0.0016231367,0.023588868485928234,0.023644646099980116,0.2425,5.24050981672778,2.5106799489425535,-0.03257679977922522,NU204_E_metal_b,43,500,1,RE
-0.00198703475,0.017821912599347605,0.017932341614984155,0.137032,3.9297154556277545,0.6649810607823805,0.032666716772207886,NU204_E_metal_b,43,500,1,RE
-0.0017217175500000002,0.02097368415994516,0.02104423290507669,0.181406,4.610811923517171,1.3214214635476713,-0.03871971162584489,NU204_E_metal_b,44,500,1,RE
-0.00191265145,0.024257195615601888,0.024332483940254897,0.24797,5.57403018668464,3.13065298248162,0.09432436741204986,NU204_E_metal_b,44,500,1,RE
-0.0015363942000000002,0.01528286436857932,0.015359897475119585,0.118282,4.465785016541327,0.44669934175342174,-0.14439692382114794,NU204_E_metal_b,44,500,1,RE
-0.0020365514,0.01826850256607005,0.018381668248865498,0.135625,3.9866348912331633,0.6387788275539057,-0.08435759176942421,NU204_E_metal_b,44,500,1,RE
-0.00152828265,0.02000051164383755,0.020058816362726203,0.19609500000000002,5.943521185105299,3.001563864723046,0.3396508194169263,NU204_E_metal_b,44,500,1,RE
-0.0018087498000000002,0.016094452046518857,0.016195769895768927,0.130625,4.109900327578085,0.6244729699287257,-0.03745384387389002,NU204_E_metal_b,44,500,1,RE
-0.0017918792499999996,0.022417066707401345,0.022488568451785953,0.22375,5.377843425618114,1.9721956051323115,0.061765779994238976,NU204_E_metal_b,44,500,1,RE
-0.0019743708,0.018080348651442327,0.01818782965099478,0.137656,4.364182066971283,0.6325087191051715,0.017600029730816334,NU204_E_metal_b,44,500,1,RE
-0.0016892184999999999,0.01892963009490129,0.019004850819475932,0.122969,3.2475393038471605,0.3265616091002417,0.1211366584126841,NU204_E_metal_b,44,500,1,RE
-0.00200437445,0.0195015593480306,0.019604293762861557,0.13734400000000002,3.6902119951420405,0.6880809288942227,0.01094591255398037,NU204_E_metal_b,44,500,1,RE
-0.00163326015,0.021128846051507156,0.02119187755216294,0.29686999999999997,8.228152487706451,9.26225001070369,-0.23739881345054675,NU204_E_metal_b,44,500,1,RE
-0.0019801582999999998,0.01889286435767605,0.01899635097934877,0.170468,4.7212751595030085,1.9193046183500906,0.08149097248589339,NU204_E_metal_b,44,500,1,RE
-0.0017178077,0.016928448952036056,0.017015382664397238,0.119219,3.8659724143400727,0.5830687856021122,-0.017978580692142383,NU204_E_metal_b,44,500,1,RE
-0.0018575062,0.022926133505762187,0.023001259243942928,0.213434,5.699253184780342,2.5781391299758543,0.2515295995833055,NU204_E_metal_b,44,500,1,RE
-0.0015416986500000002,0.018928266571764454,0.018990948110591727,0.20844000000000001,5.562123564599047,2.0752989740258547,-0.08292902765779822,NU204_E_metal_b,44,500,1,RE
-0.0015773320499999999,0.01796933325809114,0.01803842881562298,0.15875,4.755458520073852,1.3173798023317618,0.1730303058620767,NU204_E_metal_b,45,500,1,RE
-0.0019917046,0.02413631817093328,0.024218355478070448,0.23922,5.374435936323545,2.0882945670962956,0.014564643719234783,NU204_E_metal_b,45,500,1,RE
-0.0016690656500000004,0.01650993973628561,0.016594092028182576,0.10546900000000001,3.1920396674937144,-0.019053191276606096,-0.02812722565636872,NU204_E_metal_b,45,500,1,RE
-0.0017793703499999999,0.018669652933197455,0.01875425550344528,0.13328099999999998,3.9574484834316923,0.6221241828226485,0.015934609324795405,NU204_E_metal_b,45,500,1,RE
-0.0019987528,0.018399413691473354,0.018507658872625815,0.164375,4.601122194117807,1.1985238027808904,0.004148636184401181,NU204_E_metal_b,45,500,1,RE
-0.0015306176,0.018151219241240385,0.018215640262724913,0.140938,4.211710315612231,0.8258367791435512,0.09853171368588258,NU204_E_metal_b,45,500,1,RE
-0.0021073468000000002,0.020355856687215103,0.020464647859318518,0.130469,3.3823694634687462,0.15681161835089252,-0.050687833677718994,NU204_E_metal_b,45,500,1,RE
-0.00155358525,0.01754450550051112,0.017613157024976598,0.155937,5.216270988200201,1.8952356166637685,0.47498363468118276,NU204_E_metal_b,45,500,1,RE
-0.0018735840000000002,0.019421154410095426,0.019511318654202362,0.14546900000000001,4.004086109432351,0.49127579075603345,0.009403531370315764,NU204_E_metal_b,45,500,1,RE
-0.00180546995,0.017754766659813202,0.017846329059074517,0.174844,5.2444398895810584,1.580877617159076,-0.17445237254472784,NU204_E_metal_b,45,500,1,RE
-0.0018107853500000002,0.01976684365631835,0.019849610870672187,0.135157,3.4478257758250157,0.8177318176393298,0.043871603474507366,NU204_E_metal_b,45,500,1,RE
-0.0017992188499999999,0.02075265761336442,0.020830506150541026,0.15359299999999998,3.968026480136835,0.689755136806474,0.13230558060389283,NU204_E_metal_b,45,500,1,RE
-0.0018353097499999996,0.01918100527457522,0.01926860984144231,0.158594,4.70324536880116,1.2619283189558193,-0.006328406482480237,NU204_E_metal_b,45,500,1,RE
-0.0017756167,0.0198282404089632,0.019907584795272378,0.165,4.897630777549376,1.3603128230443327,-0.17390687284086728,NU204_E_metal_b,45,500,1,RE
-0.0019165680999999998,0.017819321480251917,0.017922093942910382,0.15875,4.603256754640288,1.304615711978955,-0.12449801219875055,NU204_E_metal_b,45,500,1,RE
-0.0017531126500000003,0.024020278951786916,0.024084169175731338,0.23437000000000002,5.326320333659783,2.5947469731301602,-0.02442066837993248,NU204_E_metal_b,46,500,2,OK
-0.00213828615,0.021173718817451878,0.02128141527765006,0.15875,3.7885168325563914,0.7316432308952425,0.07651695528538727,NU204_E_metal_b,46,500,2,OK
-0.0016421875,0.01868855334632295,0.018760565182411617,0.122032,3.3897699446507383,0.21467809117611036,-0.07540277864342275,NU204_E_metal_b,46,500,2,OK
-0.0020956271999999997,0.022786735802619914,0.022882897148302266,0.17968699999999999,4.076450608305983,0.6183035837435882,-0.017853786336219733,NU204_E_metal_b,46,500,2,OK
-0.00205469005,0.02985086731310212,0.02992149779917438,0.33625,5.90077412518005,4.692447908111637,-0.19291547831296693,NU204_E_metal_b,46,500,2,OK
-0.0015645262999999998,0.022007164040061096,0.022062706353245743,0.164219,3.7393417960196467,0.8032205946200035,-0.00554737910076065,NU204_E_metal_b,46,500,2,OK
-0.0019381264999999998,0.01949060741118457,0.01958673305038196,0.144062,3.7732683551613913,0.45598414758734274,0.0004355105269863482,NU204_E_metal_b,46,500,2,OK
-0.00183249305,0.020608780548607895,0.020690091021524713,0.170468,4.689732872564691,1.2234391861100038,-0.008123315214875209,NU204_E_metal_b,46,500,2,OK
-0.00210327575,0.027604487179245144,0.02768449893549904,0.22469,4.080622888035795,0.9662491355832707,0.016891843955355364,NU204_E_metal_b,46,500,2,OK
-0.00175186375,0.029213675214674866,0.029266155301765767,0.39688,7.677468997317983,11.097911862171966,-0.6391769127488992,NU204_E_metal_b,46,500,2,OK
-0.0019885910500000003,0.022946466747691734,0.023032473392301193,0.177657,3.9482516033383037,0.6830313100241754,-0.10819689916219896,NU204_E_metal_b,46,500,2,OK
-0.0018467058500000002,0.017306967806964432,0.017405213505376126,0.138281,4.0307463035905995,0.9591770555215726,0.07063812310718197,NU204_E_metal_b,46,500,2,OK
-0.0021718758,0.02198406571548037,0.0220910884718971,0.192192,4.781566111347383,2.0336685107052688,-0.2871142814742364,NU204_E_metal_b,46,500,2,OK
-0.0017067233500000002,0.022904251039050093,0.022967751745725188,0.148125,3.6804211807859297,0.13619193519104478,-0.021043583985140283,NU204_E_metal_b,46,500,2,OK
-0.0020189012500000003,0.029626796995531446,0.029695505762180285,0.46562,8.571330693554486,17.794326884815337,-1.0259111203201106,NU204_E_metal_b,46,500,2,OK
-0.0019229446499999994,0.040782252684747,0.04082756238338896,0.79109,10.80764988750654,33.881124076354205,-1.5036329275080498,NU204_E_metal_b,47,500,2,OK
-0.0018237628500000001,0.026197938192981954,0.026261341863970746,0.29156,7.062472319986649,3.255553789708406,-0.33638787737403836,NU204_E_metal_b,47,500,2,OK
-0.0019240613,0.01995063233215848,0.020043196909154112,0.135312,3.5236394832674724,0.1666623636522142,-0.007969010140231176,NU204_E_metal_b,47,500,2,OK
-0.0018531341,0.02294339777852503,0.023018114771114727,0.265,6.285918783477894,2.7315914392142053,0.21694238321075351,NU204_E_metal_b,47,500,2,OK
-0.0021015649500000003,0.0250618563906075,0.025149815525814547,0.28844000000000003,6.169428950313333,4.57494800704423,-0.33199555335721054,NU204_E_metal_b,47,500,2,OK
-0.001894847,0.02510692500760778,0.025178326562562692,0.3014,6.497254676299248,4.152894001953884,-0.2365437626828243,NU204_E_metal_b,47,500,2,OK
-0.0021071934500000006,0.021387497342074402,0.021491051784241797,0.160937,4.216871324392336,0.2938867868981805,-0.11718768557029036,NU204_E_metal_b,47,500,2,OK
-0.0017389170500000002,0.02110509395944796,0.021176610293999074,0.26297,6.891565645959673,3.37339700191046,-0.3334926491776486,NU204_E_metal_b,47,500,2,OK
-0.0019142208499999995,0.01973248458301432,0.019825115113952615,0.149844,3.9722341861499175,0.5724768555300113,0.005279710142700947,NU204_E_metal_b,47,500,2,OK
-0.00176156475,0.0329269406600463,0.03297402813728788,0.5289,8.055430743677631,14.147899553252653,-0.45420384812638165,NU204_E_metal_b,47,500,2,OK
-0.0020087439,0.02181729567424874,0.021909574222092495,0.182812,4.3074775914557515,0.9694664142606961,-0.10393797658894435,NU204_E_metal_b,47,500,2,OK
-0.0016260889499999998,0.022885819877342947,0.022943515788376844,0.341411,10.869301910840342,14.451329614248863,1.1995630516017444,NU204_E_metal_b,47,500,2,OK
-0.0020876451500000002,0.021591660120416495,0.021692350011649326,0.20922,4.941373338639489,1.772830641397567,-0.07755252984621074,NU204_E_metal_b,47,500,2,OK
-0.0019601678499999997,0.0238109283187781,0.023891474743141378,0.193284,4.538857528295958,0.8278927824567313,-0.08942649682287986,NU204_E_metal_b,47,500,2,OK
-0.0016885896999999997,0.030697674937146365,0.030744082060156715,0.51422,8.588970049042798,15.827322011925705,-0.45531103024924613,NU204_E_metal_b,47,500,2,OK
-0.0020285855,0.02377908725646245,0.023865459347795194,0.29000000000000004,7.182346566308001,3.642922094535784,-0.2154624289347553,NU204_E_metal_b,48,500,2,OK
-0.0016200123999999998,0.03167617828261044,0.031717577315549736,0.5245299999999999,9.374612601771044,17.7146018258342,-1.2226530344422937,NU204_E_metal_b,48,500,2,OK
-0.0019000087000000001,0.0204759088728404,0.02056387310865684,0.174531,4.6577315223598985,0.7750587385338084,0.07011114467791289,NU204_E_metal_b,48,500,2,OK
-0.0019238953499999996,0.0201983970066606,0.020289815547619636,0.18187399999999998,5.090238487264938,1.0705047976543547,-0.0629741568647568,NU204_E_metal_b,48,500,2,OK
-0.0021362529000000002,0.02532203644937649,0.02541198745467009,0.33218000000000003,6.960101027733496,4.766783551407897,-0.1220006406292465,NU204_E_metal_b,48,500,2,OK
-0.00195218365,0.019208190777397025,0.019307138937300045,0.12906299999999998,3.544699202831268,0.27220967034204113,0.031478889899347454,NU204_E_metal_b,48,500,2,OK
-0.0019587456500000005,0.02956292211141608,0.02962774119447933,0.48031,8.749232629597211,18.63141987900858,-0.9729245233823224,NU204_E_metal_b,48,500,2,OK
-0.0016265648500000001,0.019420157576193916,0.01948815623642877,0.134688,3.7122034081792203,0.10011192892124932,0.07729722730345417,NU204_E_metal_b,48,500,2,OK
-0.0021092113499999996,0.018696246417168574,0.01881484527203074,0.15718700000000002,4.227034495905584,0.5658957142245513,-0.01987289615299419,NU204_E_metal_b,48,500,2,OK
-0.0016673341500000002,0.02575002881299138,0.025803952934340166,0.226407,5.0562020606683555,1.267029099672956,0.20674794249273828,NU204_E_metal_b,48,500,2,OK
-0.0023588895500000003,0.03504359787469087,0.03512290010679838,0.55749,7.954069827677049,16.777739620051307,-0.39258756481950563,NU204_E_metal_b,48,500,2,OK
-0.00152811375,0.023543067767377905,0.0235926084088277,0.22766,5.1923042114395415,1.6232259500785622,0.09512682227185627,NU204_E_metal_b,48,500,2,OK
-0.0020523445000000004,0.024334164316926206,0.024420558366872878,0.303902,8.592760118239287,6.4705309337496235,0.6336570418434387,NU204_E_metal_b,48,500,2,OK
-0.0016751456,0.01988463858549988,0.019955073652010158,0.171719,4.38484976431975,0.9130049970225871,0.030001401129522737,NU204_E_metal_b,48,500,2,OK
-0.0021050005499999996,0.025955988764444753,0.026041205426313937,0.22375,4.500175705444981,1.2819302149583347,0.1170188879363922,NU204_E_metal_b,48,500,2,OK
-0.00194998895,0.0226438591254192,0.022727666246162462,0.185781,4.283061839507451,0.5161914964653702,-0.016992659675500954,NU204_E_metal_b,49,500,2,OK
-0.0018414075,0.022131311453742385,0.022207785307040526,0.192502,5.33326481512999,1.2013532688657644,-0.19070725411671263,NU204_E_metal_b,49,500,2,OK
-0.00193031735,0.03092585073434491,0.030986035059598904,0.49297,8.39087671268405,14.850731887194794,-0.2979244396915114,NU204_E_metal_b,49,500,2,OK
-0.00187373675,0.02058133117451777,0.020666448227101758,0.189218,5.057956686670546,2.220696799499998,0.14890456604818705,NU204_E_metal_b,49,500,2,OK
-0.0018989038,0.018518647499709735,0.018615749806552517,0.143125,3.8861716961051873,0.4670242365455519,0.07693033125247634,NU204_E_metal_b,49,500,2,OK
-0.0016295342000000003,0.022834422666617508,0.022892493097666427,0.204842,5.166759229559712,1.361582717440002,0.19673974668111768,NU204_E_metal_b,49,500,2,OK
-0.00211594005,0.02812329921483215,0.028202786405285778,0.46656,8.354493652295293,15.613908728909056,-0.6131146428590323,NU204_E_metal_b,49,500,2,OK
-0.00168530365,0.01961508827751902,0.019687354736672154,0.171407,4.500045901797748,0.5092641029915996,0.056258605515894754,NU204_E_metal_b,49,500,2,OK
-0.0021970174999999996,0.02132965034244886,0.021442501477822846,0.21094000000000002,4.991488521555985,1.859628161606226,0.0013428861399120088,NU204_E_metal_b,49,500,2,OK
-0.0017137487499999998,0.018663989275155002,0.018742503313091012,0.120781,3.418006598683903,0.2545025241300025,-0.1453147432260748,NU204_E_metal_b,49,500,2,OK
-0.00232155885,0.02158668078688023,0.021711158948537902,0.16812500000000002,4.497963477282564,0.8986858166881548,-0.06949467712163164,NU204_E_metal_b,49,500,2,OK
-0.00177091915,0.02687422639140736,0.026932511928382256,0.42437,7.930563646197172,12.480084786847454,-0.3772583224021616,NU204_E_metal_b,49,500,2,OK
-0.0022843764999999996,0.023788876286989006,0.023898305609214642,0.22203,4.805361596669862,1.9023452454196095,-0.13735408692307582,NU204_E_metal_b,49,500,2,OK
-0.0017061011500000003,0.022931333665578552,0.02299471341017599,0.21234999999999998,4.702385199206204,1.011570700799851,-0.008535438831751951,NU204_E_metal_b,49,500,2,OK
-0.0019501569999999997,0.02198424431470834,0.022070571139266762,0.196246,4.920126412442611,0.8458337936407267,-0.0516694474632115,NU204_E_metal_b,49,500,2,OK
-0.0020015577999999996,0.022246034372600417,0.022335896644944883,0.23765,5.442360426910006,2.39537677956623,0.1272538773443853,NU204_E_metal_b,50,500,2,OK
-0.0019424902500000001,0.02537292560772944,0.02544717316848214,0.29735,6.963052391982796,3.051424652701905,-0.23816407396750316,NU204_E_metal_b,50,500,2,OK
-0.00181202915,0.02181183461992452,0.021886972817806202,0.23204000000000002,5.604246919894269,3.750977784088513,-0.35262331535575053,NU204_E_metal_b,50,500,2,OK
-0.0019648430499999998,0.01947184820833475,0.019570730207622875,0.14750000000000002,3.8402246212932027,0.735234832458795,-0.08566752824651376,NU204_E_metal_b,50,500,2,OK
-0.0017298413999999997,0.018702576077153543,0.018782404084431523,0.119531,3.2110905360614503,-0.06062340495787799,-0.05649242567754634,NU204_E_metal_b,50,500,2,OK
-0.0019748307999999997,0.01955258381714259,0.01965206072184327,0.128125,3.434754296529001,0.20201586288483941,-0.04042013236724013,NU204_E_metal_b,50,500,2,OK
-0.0020696776500000002,0.02267229954176986,0.022766570494623196,0.169995,4.529448123262744,0.6824650004075403,-0.2663411676157132,NU204_E_metal_b,50,500,2,OK
-0.0017284463000000003,0.03693779433786702,0.036978212195271754,0.6906300000000001,10.044022627126648,28.451983287116462,-1.3973347945613706,NU204_E_metal_b,50,500,2,OK
-0.00227655095,0.026214065903499718,0.02631273333238059,0.222658,4.673402738007171,1.1117776258657797,-0.028008996968090425,NU204_E_metal_b,50,500,2,OK
-0.0017378062999999998,0.022315277565446396,0.022382841275388497,0.217501,6.387482189636288,2.0525684224777105,-0.40671311318163206,NU204_E_metal_b,50,500,2,OK
-0.0020356279000000002,0.023157254239402965,0.023246552537002235,0.183594,4.22105599717685,1.1030849381016266,-0.03104072176314843,NU204_E_metal_b,50,500,2,OK
-0.00195093585,0.02525671729980813,0.02533195451308964,0.194687,3.8550519246171375,1.0781838040859135,-0.14095378116203267,NU204_E_metal_b,50,500,2,OK
-0.0019304648500000003,0.024773358799669493,0.02484846073209058,0.20421899999999998,4.225613857215614,1.3075049488724746,-0.14250046089412302,NU204_E_metal_b,50,500,2,OK
-0.0020442216000000004,0.019902736749111753,0.020007442916433624,0.20406,6.887936683143363,2.3891803683807016,-0.376275816200774,NU204_E_metal_b,50,500,2,OK
-0.0015568702000000004,0.021582847311568554,0.021638926565200268,0.18984499999999999,5.625047972377251,1.7207668209437088,0.24388877541927856,NU204_E_metal_b,50,500,2,OK
-0.0016975306499999996,0.04289163674334961,0.04292521534985174,0.5275000000000001,6.603111893321672,7.113091006796665,-0.20744775778230498,NU204_E_metal_b,51,500,2,IR
-0.00213580505,0.0831219885965779,0.08314942363877956,1.75596,13.058418837837866,47.60988659498551,-2.7115181544133846,NU204_E_metal_b,51,500,2,IR
-0.0023781169000000003,0.031058459258358574,0.03114937128568063,0.23422,4.2636494580246245,1.1783239607461304,-0.21670906798925174,NU204_E_metal_b,51,500,2,IR
-0.00261805715,0.11333766657657972,0.11336790060799669,1.86808,10.031940204419536,32.63782981785763,-2.108365599326539,NU204_E_metal_b,51,500,2,IR
-0.0021265607,0.031147368194119875,0.03121987837629825,0.26516,4.8196856562463415,1.4718316604114197,-0.1407478663647311,NU204_E_metal_b,51,500,2,IR
-0.0031614356,0.060183119047121036,0.06026609737898157,1.2124899999999998,14.508488819203773,55.334942524088724,-4.14579856778276,NU204_E_metal_b,51,500,2,IR
-0.0022679523499999996,0.032286713758632395,0.032366270918870656,0.31421,4.861233485760182,2.495698401610327,-0.026857539314917897,NU204_E_metal_b,51,500,2,IR
-0.001815258850000001,0.08306224612453121,0.08308207927071098,1.37,9.486040875698652,22.285108515469204,-0.7483292535918757,NU204_E_metal_b,51,500,2,IR
-0.00229201515,0.025767067776548382,0.025868805833456396,0.25,5.091846946782722,1.6285901280233697,0.17012555665802653,NU204_E_metal_b,51,500,2,IR
-0.0013904298000000025,0.20240822763140454,0.20241300330738438,4.9464,15.669447852534732,101.31873406748012,-5.433857324541855,NU204_E_metal_b,51,500,2,IR
-0.0018709309000000001,0.03113347430886007,0.031189639385107115,0.47672000000000003,8.526549368409336,14.191527859672192,-0.8363328972841333,NU204_E_metal_b,51,500,2,IR
-0.0027319209000000013,0.1505873410996636,0.15061212000124785,2.5212,9.871051546101883,32.052812398112295,-1.5533892783240748,NU204_E_metal_b,51,500,2,IR
-0.0012169027500000002,0.0420468740985899,0.04206447995358587,0.8065599999999999,9.680138693008809,25.355866939811353,-0.3699899655296423,NU204_E_metal_b,51,500,2,IR
-0.0019345099000000001,0.027408777313779744,0.02747696130196287,0.24594,4.6118636849027235,1.306345050748261,0.1289598641161656,NU204_E_metal_b,51,500,2,IR
-0.0014900018499999993,0.0748629034351976,0.0748777297750187,1.5134400000000001,13.090140458919318,66.27916827668966,-4.314204708747393,NU204_E_metal_b,51,500,2,IR
-0.0008234217999999997,0.04823198561168133,0.04823901387369098,1.03531,11.900326186250792,41.71085590718687,-0.6769339406851494,NU204_E_metal_b,52,500,2,IR
-0.0023750032999999998,0.031074301797254258,0.03116493017578974,0.24859,4.106218088029364,1.0326748575266311,-0.03589079813740524,NU204_E_metal_b,52,500,2,IR
-0.0031969408999999996,0.13364664193557,0.13368487323468034,2.2170300000000003,9.678731547499709,38.394165618779475,-1.9470159965237208,NU204_E_metal_b,52,500,2,IR
-0.0018045229,0.03770382257171845,0.03774698053376256,0.41672,6.714179423525336,4.272230912496035,-0.36508903065754256,NU204_E_metal_b,52,500,2,IR
-0.0017076445499999999,0.07930879942426457,0.07932718144512241,1.56422,11.34340063024297,46.50734067589803,-1.7820889040833685,NU204_E_metal_b,52,500,2,IR
-0.00231328275,0.024714851085261166,0.024822875362215443,0.203442,4.6582033029101915,1.3167733879836714,-0.19388452099247006,NU204_E_metal_b,52,500,2,IR
-0.0015802746,0.12944141788496094,0.12945106384993713,2.22328,10.053219813694346,37.538462874257185,-1.452920715914672,NU204_E_metal_b,52,500,2,IR
-0.0021123413500000006,0.025059880233557735,0.02514874913985142,0.19500499999999998,4.2002089015479385,1.0738639228896902,-0.036911229741811685,NU204_E_metal_b,52,500,2,IR
-0.0020308193,0.08011005341015988,0.08013579028379217,1.7700399999999998,13.746666702840312,59.77093225226809,-3.5827519377570733,NU204_E_metal_b,52,500,2,IR
-0.00191312615,0.027478678713532673,0.027545196232870942,0.25141,4.827338998635298,2.5909148239321205,-0.00953510043537617,NU204_E_metal_b,52,500,2,IR
-0.002016842349999998,0.11122507136547391,0.11124335554683487,1.95189,10.12015499232243,31.553559113909074,-1.23597460557782,NU204_E_metal_b,52,500,2,IR
-0.0019739069499999998,0.023498505821105506,0.02358126554008049,0.167656,3.611171752222647,0.3446673872371009,-0.0971159358825778,NU204_E_metal_b,52,500,2,IR
-0.0023120363500000003,0.04810550943618003,0.0481610376777549,0.62234,7.708513310781024,12.243031078719495,-1.0381798725244347,NU204_E_metal_b,52,500,2,IR
-0.0017793857,0.039930787111994555,0.0399704137188095,0.40718,5.1443050213723005,4.820201220411728,-0.13486117744906034,NU204_E_metal_b,52,500,2,IR
-0.0025384100999999997,0.09831118517999146,0.09834395079175107,1.51359,7.901146880354699,24.900553094316365,-1.2155250397876198,NU204_E_metal_b,52,500,2,IR
-0.00146141505,0.028749302528087113,0.02878642266416309,0.25625,4.521576074891699,1.4254089180642762,0.06323755967681582,NU204_E_metal_b,53,500,2,IR
-0.0026265748,0.05719108711173359,0.0572513697670361,1.01422,10.177223748024296,25.856761381970777,-1.3282576489690674,NU204_E_metal_b,53,500,2,IR
-0.0018243736499999998,0.034483077725760765,0.034531304473704325,0.36702999999999997,6.728387575885744,4.550922174181179,-0.45285092313054465,NU204_E_metal_b,53,500,2,IR
-0.0018298179500000002,0.11142058937965323,0.11143561356873052,1.85828,9.66926071022552,31.568575351839513,-1.1792133274371863,NU204_E_metal_b,53,500,2,IR
-0.0007454689000000001,0.049845767440676425,0.04985134156299973,1.05172,12.136082621476296,49.66378090147851,-1.3796583806813827,NU204_E_metal_b,53,500,2,IR
-0.0022757899999999998,0.03081075511534568,0.030894689687742456,0.27671,5.052324576735565,1.5688837403434484,-0.09444292292788875,NU204_E_metal_b,53,500,2,IR
-0.0019276882499999993,0.18056564802684638,0.1805759375701651,3.2546999999999997,11.5159307933372,42.157695644155346,-2.3744284147575976,NU204_E_metal_b,53,500,2,IR
-0.00198767055,0.038374674151725775,0.03842611677578763,0.34765999999999997,5.054374896460482,2.242846975841652,-0.1667157916568797,NU204_E_metal_b,53,500,2,IR
-0.00191460325,0.08833607905717636,0.08835682525306476,1.7698899999999997,11.602951974153685,56.848737473318884,-2.9015216659599847,NU204_E_metal_b,53,500,2,IR
-0.0020596713,0.02622541166708668,0.026306167774349232,0.25844,5.690300513705404,1.8095848976912414,-0.08809983392469152,NU204_E_metal_b,53,500,2,IR
-0.0014326575000000003,0.09943714916481651,0.09944746925657924,1.65531,9.032708491378443,29.720431241628283,-1.016031230207289,NU204_E_metal_b,53,500,2,IR
-0.0018507827000000003,0.03610082739954163,0.03614823834620596,0.51422,7.776035924846186,9.778514391923146,-0.07313464073437832,NU204_E_metal_b,53,500,2,IR
-0.0024471024000000006,0.09485745343721022,0.09488901297172708,2.00997,11.112983126025311,57.86544968281117,-2.7088014816704735,NU204_E_metal_b,53,500,2,IR
-0.0023935971,0.023903098419494315,0.02402264392462162,0.191875,4.266807613750803,1.2182062531498836,-0.08619489385882537,NU204_E_metal_b,53,500,2,IR
-0.001662637300000001,0.1193012537292622,0.11931283880691612,2.2203299999999997,10.327471983078604,36.93626120007797,-1.6031027360599537,NU204_E_metal_b,53,500,2,IR
-0.00280342675,0.04893131549249409,0.04901155820180182,0.5739099999999999,7.262368573030075,9.933124691766746,-1.1994260134884782,NU204_E_metal_b,54,500,2,IR
-0.0023714016000000006,0.024803777691548262,0.02491688048934356,0.17844100000000002,4.170265216163002,0.2681867538095677,0.14033358654775635,NU204_E_metal_b,54,500,2,IR
-0.00133968915,0.1019288602028223,0.10193766384053107,1.70609,9.74399414875609,27.356831509217507,-1.3016154471409653,NU204_E_metal_b,54,500,2,IR
-0.00207187655,0.03089652433403024,0.03096591494468979,0.38188,6.544615276570515,8.642354938335393,-0.3572449289767593,NU204_E_metal_b,54,500,2,IR
-0.0015407961499999997,0.04652744002591548,0.046552945429274586,0.9276499999999999,12.643453482319684,31.640894276487437,-1.7259730403217206,NU204_E_metal_b,54,500,2,IR
-0.00173127175,0.0282712037070862,0.02832416390504603,0.25282,4.788490860831275,1.8875709629205515,-0.05895519338447562,NU204_E_metal_b,54,500,2,IR
-0.0022342399999999998,0.07266797523715396,0.07270231394835532,1.36328,9.703542592896513,39.04481909987204,-1.9776217843522463,NU204_E_metal_b,54,500,2,IR
-0.0019217278499999999,0.040121526066509816,0.04016752284912641,0.59656,8.22729350877029,9.02677457731527,-0.5057733314047367,NU204_E_metal_b,54,500,2,IR
-0.0025998268500000005,0.034761066082518256,0.03485815277439673,0.5798399999999999,8.38656029457543,16.729245286269304,-0.6130252569445518,NU204_E_metal_b,54,500,2,IR
-0.0007562697000000003,0.08569116519126029,0.08569450236564184,1.45266,10.527979918134422,31.228673010438712,-2.072484973024749,NU204_E_metal_b,54,500,2,IR
-0.0026760861,0.033293647712285775,0.033401024158016546,0.33594,5.510609469016056,2.462136188678831,0.27160892927475644,NU204_E_metal_b,54,500,2,IR
-0.0012918840500000003,0.0681518616767521,0.0681641050290092,1.58438,13.987420499311714,79.84587244257597,-2.5752062174089922,NU204_E_metal_b,54,500,2,IR
-0.0019778078999999997,0.028764215238757645,0.028832131422960736,0.23422,4.449202804959575,1.2620640160774936,-0.12002937175152285,NU204_E_metal_b,54,500,2,IR
-0.0019521810999999997,0.10252023799937834,0.10253882294280726,1.58813,9.181010401544077,27.30195839628222,-1.5807737038800758,NU204_E_metal_b,54,500,2,IR
-0.00229344485,0.03512520041452961,0.03519999422501178,0.30859000000000003,4.4965916468114715,2.860511270755917,-0.03926150695244866,NU204_E_metal_b,54,500,2,IR
-0.0022676850000000006,0.1096423909322515,0.10966583918704989,1.62172,9.040280978555376,27.487716348591558,-1.8934471662207581,NU204_E_metal_b,55,500,2,IR
-0.0019553076,0.029883994250943804,0.02994789375233357,0.25468999999999997,4.815697597723787,1.6370538394493348,-0.09516729765216542,NU204_E_metal_b,55,500,2,IR
-0.0021690736000000003,0.046821545741521794,0.04687176149781054,1.13391,15.63777371657428,69.67783907274715,-3.744975773175703,NU204_E_metal_b,55,500,2,IR
-0.0021740739500000004,0.03080661867580746,0.030883237391450356,0.30563,5.4136163861591955,1.8810871104677478,0.01666204891871902,NU204_E_metal_b,55,500,2,IR
-0.0020479841,0.05565257989227847,0.05569024948355223,0.75265,8.293552359401989,13.779832884204218,-1.1578344167799959,NU204_E_metal_b,55,500,2,IR
-0.0019714135999999998,0.03430314026129707,0.03435974248111422,0.35218,5.998007700822469,3.281636970690097,-0.14739356482760715,NU204_E_metal_b,55,500,2,IR
-0.0005127936,0.054305595801176505,0.05430801683542642,1.07531,10.440999930421189,26.15898425646857,0.7442849604298368,NU204_E_metal_b,55,500,2,IR
-0.00193468525,0.02029103612342849,0.020383060466447316,0.152187,3.909471795522231,0.4507285924217075,0.04605966280629409,NU204_E_metal_b,55,500,2,IR
-0.0019587461999999996,0.0780738448761471,0.07809841189435733,1.15468,9.713257691156825,19.3229456055983,-1.587024369610094,NU204_E_metal_b,55,500,2,IR
-0.0010299761499999996,0.05864369318927282,0.05865273737641861,1.13781,11.31387944847732,32.06011192716023,-0.8407711260882788,NU204_E_metal_b,55,500,2,IR
-0.002320799,0.029593233817127758,0.02968409668077496,0.32297,5.448035078821809,2.7752191829021804,-0.33078549850044686,NU204_E_metal_b,55,500,2,IR
-0.00390484435,0.0642018828565182,0.0643205221661004,1.51047,15.411100013153035,77.60443973677651,-5.04992001151929,NU204_E_metal_b,55,500,2,IR
-0.00189048075,0.03061281996623746,0.030671137307758698,0.32062,5.827954738241241,3.7781102418495633,-0.32700650154524424,NU204_E_metal_b,55,500,2,IR
-0.0020812355500000003,0.046672645414040155,0.04671902579634241,0.77281,9.240774880066077,18.773954654223168,0.6387312536759207,NU204_E_metal_b,55,500,2,IR
-0.0019142288499999999,0.02744705361079692,0.027513724284511765,0.22203,4.162649840337032,1.5753348057588292,-0.04228772735283376,NU204_E_metal_b,55,500,2,IR
-0.0017265612,0.021521010982304817,0.02159015811145972,0.13953100000000002,3.4014109401552175,0.18256978390599166,-0.17366911488820672,NU204_E_metal_b,56,500,2,RE
-0.0018114003500000002,0.026502275494114883,0.026564106941396364,0.225779,5.56427514488203,0.9395158022507952,-0.17654378518093597,NU204_E_metal_b,56,500,2,RE
-0.0021251451,0.018454451027708763,0.018576409890776933,0.163593,4.727070543571397,1.6247452746835211,-0.03316160421885752,NU204_E_metal_b,56,500,2,RE
-0.0017637596999999997,0.027163619628682696,0.02722082070054281,0.20281,3.7596221335809776,0.7834663648131577,0.08139421098725595,NU204_E_metal_b,56,500,2,RE
-0.0020001532000000002,0.02389586850920248,0.023979431699532934,0.20328000000000002,4.724048568765975,1.1200294266367967,-0.03127947620238872,NU204_E_metal_b,56,500,2,RE
-0.0015271865499999998,0.022947098280613205,0.022997861167043828,0.199215,4.939154957713009,1.3450439041299314,-0.13865292211281696,NU204_E_metal_b,56,500,2,RE
-0.0019146718,0.027227206394953556,0.027294445152358657,0.24984,4.974638584593706,1.5576508796054105,-0.11150306567909717,NU204_E_metal_b,56,500,2,RE
-0.0016640710000000003,0.01801699157679214,0.01809367618178351,0.17125,5.250453199535251,1.2378642307533632,0.05816838752983643,NU204_E_metal_b,56,500,2,RE
-0.00200547335,0.025676562063295046,0.025754761943139807,0.20468999999999998,4.210483491923121,1.0714176881675925,0.00525459460585299,NU204_E_metal_b,56,500,2,RE
-0.0016262363,0.022215290862522198,0.0222747344004345,0.191872,4.615543249664721,1.1080808708896486,-0.09600466348182322,NU204_E_metal_b,56,500,2,RE
-0.0020310899999999997,0.022529487411224982,0.022620856075768768,0.205465,5.076730943132406,0.7299010210381178,-0.014486091526088462,NU204_E_metal_b,56,500,2,RE
-0.0017139216,0.02498210963520742,0.025040833234468658,0.41266,9.715331663369954,13.280288207134458,0.6969131211246637,NU204_E_metal_b,56,500,2,RE
-0.0016418854,0.021186434368228573,0.021249959738926332,0.1525,3.757371824744651,0.07926573471188814,-4.006536200099783e-05,NU204_E_metal_b,56,500,2,RE
-0.0021243778000000005,0.022959005996914528,0.023057079984323468,0.173906,3.8626747211942427,1.0483008864342143,0.017087345309858917,NU204_E_metal_b,56,500,2,RE
-0.0016381273,0.02368896472483791,0.023745536649771047,0.179062,4.033642255077167,0.4906583573206982,-0.15418433190612005,NU204_E_metal_b,56,500,2,RE
-0.0020676533499999995,0.027123731412036788,0.02720242629046309,0.20594,3.796720149048211,1.1720156776910713,-0.18694600217142532,NU204_E_metal_b,57,500,2,RE
-0.0016457862999999999,0.022216879750468838,0.02227775478795069,0.173125,4.018852027603086,0.910334745468425,0.07851060962027848,NU204_E_metal_b,57,500,2,RE
-0.00183234645,0.01791726724566277,0.018010717894224194,0.15,4.259630318489569,0.38337256136625397,0.034182191272941705,NU204_E_metal_b,57,500,2,RE
-0.00175094565,0.026107909849500566,0.026166558187482408,0.32937,6.669963957410794,4.957584621940953,-0.03993117599793051,NU204_E_metal_b,57,500,2,RE
-0.002026237,0.022886292859644088,0.022975814180079993,0.21983999999999998,4.909945698368598,1.4904756186854424,0.02822760739797697,NU204_E_metal_b,57,500,2,RE
-0.0016351577000000002,0.030426672751402112,0.030470578521334064,0.38,7.450793881089074,6.864140786739508,0.6471153937794349,NU204_E_metal_b,57,500,2,RE
-0.00213999955,0.017286132679900014,0.017418093497886256,0.145468,4.70952805540714,0.7905258394813335,0.11148183710865107,NU204_E_metal_b,57,500,2,RE
-0.0014332778,0.026873537738156417,0.026911731936389568,0.22141,4.273229247074174,1.3812265829405037,0.07587397256428172,NU204_E_metal_b,57,500,2,RE
-0.0018565605,0.024693293485866557,0.024762987704824716,0.23032,5.054317414841439,1.5260355979501972,-0.11089883857021629,NU204_E_metal_b,57,500,2,RE
-0.00180796195,0.021149807412748224,0.02122694231416733,0.14125,3.577434699547721,0.017299455086673632,0.05023641286319155,NU204_E_metal_b,57,500,2,RE
-0.0015811016,0.026478634341611303,0.02652579798736091,0.26954,5.819994560524039,2.42494253875848,-0.2176503530152631,NU204_E_metal_b,57,500,2,RE
-0.0019356394499999998,0.019282462922673833,0.019379372447132736,0.125625,3.257329419319748,0.18811759809962325,0.06323181383490183,NU204_E_metal_b,57,500,2,RE
-0.0017245173500000002,0.027220813854277603,0.02727538573475511,0.30640999999999996,5.854729298897439,3.978081371042995,0.007448982213662789,NU204_E_metal_b,57,500,2,RE
-0.0020032807000000003,0.02217474441944016,0.022265049374085945,0.163438,3.6913459574743968,0.5778760545160333,0.04883588661531893,NU204_E_metal_b,57,500,2,RE
-0.0017549960500000004,0.025198262345272972,0.0252593039562993,0.27547,5.802218471797996,2.9125103699449015,-0.04076376871953244,NU204_E_metal_b,57,500,2,RE
-0.00194030795,0.020081296402946057,0.020174817475352966,0.183599,4.987901383640123,0.5104970133905153,0.050972349308168116,NU204_E_metal_b,58,500,2,RE
-0.0018512412999999999,0.02563604178836554,0.025702796208304846,0.21735,4.480446371153602,1.0137888371414565,0.08717655235537075,NU204_E_metal_b,58,500,2,RE
-0.00181483765,0.02220563987303935,0.022279678585360528,0.151875,3.787083358349743,0.21069325378662862,-0.030391183886868425,NU204_E_metal_b,58,500,2,RE
-0.0017190727500000001,0.02100010898415196,0.021070353306626172,0.142657,3.4631123141657443,0.17499797458396182,0.04432971502431382,NU204_E_metal_b,58,500,2,RE
-0.0019540497,0.024820147944802425,0.024896948693202345,0.16796899999999998,3.564693854401184,0.3671477025934071,0.021543541827574064,NU204_E_metal_b,58,500,2,RE
-0.00159139355,0.020158174090453007,0.0202208930587151,0.21516000000000002,5.386013351821786,2.6428422128893256,0.16462015668974922,NU204_E_metal_b,58,500,2,RE
-0.00211936295,0.02314921840736032,0.02324603218154665,0.18265599999999999,4.254747615746413,0.929945465174856,0.041856545360804444,NU204_E_metal_b,58,500,2,RE
-0.0017456294999999998,0.023178065256984775,0.02324370735077163,0.18859399999999998,4.221572682842374,0.46684856727284973,-0.0958939948659991,NU204_E_metal_b,58,500,2,RE
-0.0018423482,0.024947277967967002,0.02501521386878503,0.179375,3.697749716840324,-0.08880512404044572,0.0028818340736923398,NU204_E_metal_b,58,500,2,RE
-0.0017896945999999999,0.02288809459324161,0.02295795898747197,0.24688,5.941730276390779,1.9125452500692122,-0.060884884152845854,NU204_E_metal_b,58,500,2,RE
-0.0020332695,0.01970768318163502,0.01981229318497306,0.145781,3.7461085048091527,0.4977555397546971,0.0043267382279790515,NU204_E_metal_b,58,500,2,RE
-0.0014979694999999996,0.027877093671844894,0.027917311192372108,0.21766,4.186649609434282,0.7996889502686839,0.07313499686657583,NU204_E_metal_b,58,500,2,RE
-0.0019262489499999999,0.02187063441767034,0.021955297421095494,0.22468,5.344496034349105,2.3561708883199834,-0.0470516730392069,NU204_E_metal_b,58,500,2,RE
-0.0016615665000000001,0.03223043489755534,0.032273235612802674,0.49609000000000003,8.20618060046446,9.342107699964497,0.10319348610652239,NU204_E_metal_b,58,500,2,RE
-0.00194765705,0.019975485187705897,0.020070211171501724,0.122031,3.269771276407039,0.08713800310767583,-0.06713983375713435,NU204_E_metal_b,58,500,2,RE
-0.00212953015,0.027953055886274464,0.02803405486262989,0.23437,4.442097320926687,1.441884024842282,-0.18270592190479315,NU204_E_metal_b,59,500,2,RE
-0.00168749895,0.020465033121168933,0.0205344888749828,0.22391,5.501476111130846,1.9980271548180228,0.06556217148839423,NU204_E_metal_b,59,500,2,RE
-0.0014579574999999997,0.02491745527581265,0.024960072465718724,0.27875,5.903027733688006,2.2819157655874243,0.1253375280192308,NU204_E_metal_b,59,500,2,RE
-0.0022401680500000005,0.023025260299803597,0.023133978576240458,0.22,5.11282569101531,2.0696312697609276,-0.061090770366787374,NU204_E_metal_b,59,500,2,RE
-0.0016757868000000001,0.02192234350716298,0.0219863004219697,0.249224,7.476473842581725,3.101882207863328,-0.3992255720482096,NU204_E_metal_b,59,500,2,RE
-0.00173139265,0.02889495897750191,0.028946785224269595,0.33515,5.824135519499781,4.906812702692329,0.2355243172899206,NU204_E_metal_b,59,500,2,RE
-0.00172515285,0.0187856606731468,0.018864707770927105,0.133437,3.752032677075573,0.4234636823992468,-0.19560290445427062,NU204_E_metal_b,59,500,2,RE
-0.0018095256,0.027205390728750518,0.027265503252297398,0.30032,5.6162543043139035,3.7433889390786463,0.21536321426658395,NU204_E_metal_b,59,500,2,RE
-0.0017917182500000002,0.02501139039296575,0.02507548411649758,0.21359,4.579771998277985,1.704057586888025,-0.12559048979877505,NU204_E_metal_b,59,500,2,RE
-0.00160954135,0.02298793620204634,0.023044214766112396,0.18219000000000002,4.543005741898899,0.5706612148056576,-0.05657269022428788,NU204_E_metal_b,59,500,2,RE
-0.0021015625,0.029972373857184615,0.030045960786372766,0.35938,7.135068887436985,4.665166596958303,-0.535630470326382,NU204_E_metal_b,59,500,2,RE
-0.0016276584500000003,0.018333629944903874,0.018405739838064986,0.20109100000000002,6.60446149241995,2.5307391856982147,0.28996558672681316,NU204_E_metal_b,59,500,2,RE
-0.00211405065,0.022748361367187903,0.022846381661937903,0.21313,4.890052247797542,1.6174285561041595,0.033718230312886524,NU204_E_metal_b,59,500,2,RE
-0.0016945197,0.02154642381950858,0.021612953903239952,0.19249899999999998,4.720779975600878,1.6750107954713682,0.15944129612005029,NU204_E_metal_b,59,500,2,RE
-0.0017579649,0.02337342744314028,0.02343944434131012,0.20031,4.81282740142357,0.43739516568403003,0.07750647805904118,NU204_E_metal_b,59,500,2,RE
-0.0015582847000000003,0.01965501325461906,0.019716688293055326,0.16828100000000001,4.929174644112597,1.277878070685813,-0.02226261892990234,NU204_E_metal_b,60,500,2,RE
-0.0018670222000000002,0.026793768174874583,0.026858737589548303,0.30641,7.463865318748639,4.3847455043920425,-0.29929319695073237,NU204_E_metal_b,60,500,2,RE
-0.0018664100000000002,0.025855685407385257,0.02592296190973892,0.22688,4.5207025496563045,1.4490565560905964,-0.04224083471596073,NU204_E_metal_b,60,500,2,RE
-0.0019506296499999997,0.021113067105153465,0.021202984662970742,0.22,5.357264640122837,2.0603756896143217,0.11080565909007306,NU204_E_metal_b,60,500,2,RE
-0.0017224921499999998,0.02631040791685708,0.02636673176482492,0.212499,4.533364281403335,1.0411609827358435,-0.174706246718523,NU204_E_metal_b,60,500,2,RE
-0.0019848441,0.0196042465638087,0.01970446876817312,0.179219,5.265303075187602,1.3009092537074718,0.2015689798117427,NU204_E_metal_b,60,500,2,RE
-0.0016949920999999998,0.022825896726947393,0.0228887430762008,0.20875,4.696631861440049,1.6329849390505426,0.009250718328328423,NU204_E_metal_b,60,500,2,RE
-0.0018675019,0.022953484692120094,0.023029329622416172,0.191719,4.667960455755612,1.2901643083065348,0.09176206535828368,NU204_E_metal_b,60,500,2,RE
-0.0016346907,0.022858765932859182,0.022917141917305265,0.173437,3.797637607431356,0.12227955702513782,-0.040859917109916086,NU204_E_metal_b,60,500,2,RE
-0.0020234229,0.02493134254249158,0.02501331807664259,0.231408,5.265994683168404,1.637941759953712,-0.29602741936870225,NU204_E_metal_b,60,500,2,RE
-0.001587958,0.01952819866358559,0.019592655604951312,0.133594,3.5408676291164976,0.20540956775160435,0.1207917601366161,NU204_E_metal_b,60,500,2,RE
-0.0020314017,0.02470680076250762,0.02479017137465996,0.216089,5.067330842593786,2.3382565778166056,0.3452548702099137,NU204_E_metal_b,60,500,2,RE
-0.00163327805,0.02225828944684633,0.022318132679240942,0.165469,4.1166078417240035,0.4542335992548612,-0.16555696772259765,NU204_E_metal_b,60,500,2,RE
-0.0017732703999999999,0.022070292864446745,0.022141416283380903,0.148906,3.754276552868603,0.0067501681522239565,0.06346083693072538,NU204_E_metal_b,60,500,2,RE
-0.0017610722500000003,0.03039943268109674,0.030450400371789078,0.44406,7.773953613408328,7.849915290398284,0.315674325406046,NU204_E_metal_b,60,500,2,RE
-0.00142139675,0.017805275158304826,0.017861920170683148,0.149688,4.71500259743793,1.1389532610802942,-0.0832884924869456,NU204_E_plastic_a,141,1000,1,OK
-0.0014895315,0.020061202455066915,0.020116424832277602,0.132968,3.526322425154731,0.3015750268048021,0.08596175232581127,NU204_E_plastic_a,141,1000,1,OK
-0.0028353009500000003,0.02041550962283226,0.020611452268994235,0.133906,3.4189245415766445,0.03830389433134851,0.05249611951825573,NU204_E_plastic_a,141,1000,1,OK
-0.0016467179499999997,0.02127603001169568,0.021339661034454775,0.143438,3.587826436248554,0.20514583329082825,0.0758709594878017,NU204_E_plastic_a,141,1000,1,OK
-0.0015731292,0.02009853125461155,0.020160002333146937,0.145312,3.913987642266455,0.9083714238998843,-0.11409940759330177,NU204_E_plastic_a,141,1000,1,OK
-0.0027520238499999998,0.017654725720711542,0.017867931484772448,0.134375,4.153754454635754,0.39856772675345775,-0.00020480879224823068,NU204_E_plastic_a,141,1000,1,OK
-0.0022796798,0.020258859750209215,0.020386719656903488,0.147813,3.7248758641896256,0.40308523612847,0.08350891710385126,NU204_E_plastic_a,141,1000,1,OK
-0.00170374435,0.01974867206243158,0.019822027974948035,0.125313,3.208248927928713,0.09156701894187735,0.005419936170465622,NU204_E_plastic_a,141,1000,1,OK
-0.0009553109499999999,0.01754659016363386,0.01757257651517621,0.14796900000000002,4.819327429125767,0.8610848227948003,-0.18008725168734122,NU204_E_plastic_a,141,1000,1,OK
-0.0025826474,0.018095495045742413,0.01827886781349477,0.108125,3.0516660314605737,0.05636236562256913,0.04953132036496286,NU204_E_plastic_a,141,1000,1,OK
-0.0027626588999999997,0.018851370069749594,0.019052727828434438,0.14875,4.19068601194419,0.5396859315462463,-0.10378955582817462,NU204_E_plastic_a,141,1000,1,OK
-0.00164906525,0.023244790965885023,0.02330321272370931,0.159688,3.5067696874627465,0.4092244576442692,-0.0032424330724714133,NU204_E_plastic_a,141,1000,1,OK
-0.0012482812,0.021523017441451988,0.021559185646478393,0.207656,5.5080930211015335,1.2123560894789573,0.20093287433728288,NU204_E_plastic_a,141,1000,1,OK
-0.00212296235,0.019900385162057416,0.020013303044169206,0.163906,4.67658935626162,0.893914827733123,-0.09149178008649494,NU204_E_plastic_a,141,1000,1,OK
-0.0016264051999999997,0.020574240911022647,0.0206384249142076,0.17296899999999998,4.603064448711951,0.6900865576510777,-0.11754668818571201,NU204_E_plastic_a,141,1000,1,OK
-0.0013232652,0.02325038382982825,0.023288009340084653,0.17968699999999999,4.273916183496266,0.7967921312702999,0.2457008930770017,NU204_E_plastic_a,142,1000,1,OK
-0.0021167054499999995,0.01811055036526921,0.01823382780699139,0.145157,4.6788310662497565,0.5959719948255331,0.04232558221638455,NU204_E_plastic_a,142,1000,1,OK
-0.0021145165500000003,0.016677667010137346,0.01681117952855324,0.12937500000000002,4.582129401994986,0.5924680065079837,0.009882394676219288,NU204_E_plastic_a,142,1000,1,OK
-0.0023328083,0.016099233573942617,0.01626736967776014,0.111406,3.46743211209586,0.3551244407461338,0.039888165203806066,NU204_E_plastic_a,142,1000,1,OK
-0.00139795355,0.021011754951771995,0.02105820790763717,0.13624999999999998,3.257352206838221,0.14466547397939777,-0.014180387521046752,NU204_E_plastic_a,142,1000,1,OK
-0.0015431312000000002,0.02124194413155636,0.021297921128330226,0.132188,3.250035512054074,-0.03816765998374949,-0.0192733964968576,NU204_E_plastic_a,142,1000,1,OK
-0.0007175059500000001,0.0214648188313239,0.021476807543250986,0.15437499999999998,3.6594824366574863,0.35391041592043226,0.011781215667435086,NU204_E_plastic_a,142,1000,1,OK
-0.0011404649,0.019867832862948416,0.019900538757988064,0.162812,4.506762409334255,0.4682061520786638,0.12875876316559765,NU204_E_plastic_a,142,1000,1,OK
-0.0011904691,0.017616225659305124,0.017656404593167176,0.10828099999999999,3.159250214598424,-0.33413596560477954,-0.02329594768929314,NU204_E_plastic_a,142,1000,1,OK
-0.0027143749999999998,0.018808090405650037,0.019002949674924944,0.15921800000000003,4.949863132254573,0.7749284285847535,-0.07340683499487585,NU204_E_plastic_a,142,1000,1,OK
-0.0021432838,0.01879169009350709,0.018913521142763318,0.138281,3.957169023951776,0.03269461776053584,0.0639659477791215,NU204_E_plastic_a,142,1000,1,OK
-0.0027024935,0.018648034478349396,0.018842841108050824,0.13187500000000002,3.5242031506399143,0.5244449269696054,0.05867083976608903,NU204_E_plastic_a,142,1000,1,OK
-0.002195478,0.019149497507867826,0.019274941723707494,0.141875,3.996432316329891,0.3688890654727568,-0.07544492081695725,NU204_E_plastic_a,142,1000,1,OK
-0.0023971959000000003,0.016383760290577015,0.016558204897937003,0.102656,3.2555461375354877,0.047549680300690955,0.018427445908355333,NU204_E_plastic_a,142,1000,1,OK
-0.0018279621499999999,0.018583656248948022,0.01867334263598506,0.13531300000000002,3.9997123951482645,0.2897220748282088,0.04671814306603418,NU204_E_plastic_a,142,1000,1,OK
-0.0022639097499999998,0.019145836266152426,0.01927922025618418,0.132657,3.549832363061841,0.29051045979509116,-0.05286256377833672,NU204_E_plastic_a,143,1000,1,OK
-0.0013909441000000001,0.018335767971312932,0.01838845052164945,0.11328099999999999,3.3053899744538087,0.07059271618343921,0.0008695467556792819,NU204_E_plastic_a,143,1000,1,OK
-0.0024495302500000004,0.017492602309317287,0.017663276423064818,0.151563,5.121869682221867,0.6915459102098933,-0.20511046828482168,NU204_E_plastic_a,143,1000,1,OK
-0.00200531485,0.01967220833320314,0.019774151520421234,0.128593,3.7137876648795713,0.1285084480937142,0.0056092351077365685,NU204_E_plastic_a,143,1000,1,OK
-0.0020018753,0.018472386821596444,0.018580543038443198,0.11374999999999999,3.1619097395832876,0.13096540136516843,0.08280099407853633,NU204_E_plastic_a,143,1000,1,OK
-0.0018354638,0.022012353410923027,0.022088744419918597,0.14875,3.5792890033489444,0.5615211945670882,-0.024605459636088275,NU204_E_plastic_a,143,1000,1,OK
-0.00044202485000000003,0.022912986173068646,0.022917249427783705,0.19406,5.031581139934011,2.6682243914316084,0.6683819071433353,NU204_E_plastic_a,143,1000,1,OK
-0.00198562325,0.02294497825316701,0.023030734394049346,0.179844,4.104558646832591,1.2149616381828663,0.1898101495544447,NU204_E_plastic_a,143,1000,1,OK
-0.0017321824000000002,0.021266548615223282,0.021336976024510245,0.178749,4.554862876930601,1.000960545726758,-0.09851675866354635,NU204_E_plastic_a,143,1000,1,OK
-0.0012171811499999997,0.019560866396113753,0.01959869955171841,0.153906,3.9862338719892265,0.5288776954399252,-0.04013727414821545,NU204_E_plastic_a,143,1000,1,OK
-0.0025170299500000006,0.02020873921325377,0.0203648859647801,0.14593699999999998,3.7825402083380526,0.2599078115568263,-0.014842703485984116,NU204_E_plastic_a,143,1000,1,OK
-0.0015106124999999997,0.018661632996807884,0.0187226733196065,0.13421899999999998,3.8055462905175275,0.16590504563562414,0.04425478871805162,NU204_E_plastic_a,143,1000,1,OK
-0.0016073504499999997,0.020133717155894296,0.020197775669183664,0.13484400000000002,3.8138358035894244,0.14655149156239755,0.012748119813188052,NU204_E_plastic_a,143,1000,1,OK
-0.0017137340999999996,0.0205599815774006,0.02063128030512297,0.146094,4.044247316017583,0.27591200782924385,-0.0004092029279284339,NU204_E_plastic_a,143,1000,1,OK
-0.00143421415,0.017792781838494292,0.017850491751778507,0.125625,3.527577888364122,0.2839420578933245,-0.06958890246821002,NU204_E_plastic_a,143,1000,1,OK
-0.00229467725,0.02020917878251897,0.02033903760617701,0.20046999999999998,4.931895104492832,1.4387779401815397,-0.1774057057247211,NU204_E_plastic_a,144,1000,1,OK
-0.0022301473999999997,0.019600044973077185,0.01972651313264397,0.148594,3.9129064260356894,0.5090202900467737,0.09531953475093304,NU204_E_plastic_a,144,1000,1,OK
-0.0013012468500000001,0.02054189634269698,0.020583069467859805,0.19531500000000002,5.3898666655734395,1.3873239485560545,0.29422855789963115,NU204_E_plastic_a,144,1000,1,OK
-0.0028910853,0.018474401226879694,0.018699247976953777,0.12234400000000001,3.6599332809719214,0.0820770299035205,0.031979850119051426,NU204_E_plastic_a,144,1000,1,OK
-0.0021415532500000003,0.016756429564689698,0.016892725714904404,0.11390600000000001,3.6350557652055917,0.30854636464644747,-0.030857341977508945,NU204_E_plastic_a,144,1000,1,OK
-0.0033113871999999995,0.02159274418211303,0.02184517993751711,0.201405,6.3300005033383435,3.8161517533181764,-0.7860068999356141,NU204_E_plastic_a,144,1000,1,OK
-0.0011940544499999999,0.017649430723672158,0.017689775886066718,0.113437,3.223952658717414,-0.004544480474313772,-0.023810669418799002,NU204_E_plastic_a,144,1000,1,OK
-0.0031949964,0.018254455816737514,0.018531949685913648,0.140156,4.021757087795889,0.4662370987131865,-0.027843050418188468,NU204_E_plastic_a,144,1000,1,OK
-0.0013179732,0.021252533996908855,0.021293361750688522,0.169375,4.314724986862594,0.5384972679838604,0.11340117112883015,NU204_E_plastic_a,144,1000,1,OK
-0.0014235854000000001,0.02050196939029497,0.020551334367181248,0.14703100000000002,4.135984480683544,0.26980880786352035,0.04299097331096934,NU204_E_plastic_a,144,1000,1,OK
-0.0004531295999999999,0.018970076438325146,0.01897548751706514,0.131563,3.713685876930721,-0.058800923541233896,-0.04258702064534994,NU204_E_plastic_a,144,1000,1,OK
-0.001221407,0.018999099041681452,0.01903831923924142,0.13031299999999998,3.89840085499886,0.020908181062627484,0.11808266101175897,NU204_E_plastic_a,144,1000,1,OK
-0.0020751662,0.02032214455295116,0.0204278210778503,0.145313,3.8168045286308616,0.0768621804066334,-0.046475466417074444,NU204_E_plastic_a,144,1000,1,OK
-0.0023961022000000003,0.01993963933482951,0.02008309046327096,0.173591,4.994749198757648,0.6604005290925894,0.07549608110173435,NU204_E_plastic_a,144,1000,1,OK
-0.0020520403999999995,0.020099098033706336,0.020203579177258915,0.20093699999999998,6.991335483714219,2.053363608005049,-0.2613615866701492,NU204_E_plastic_a,144,1000,1,OK
-0.0018701547500000002,0.018738599950331666,0.018831691556722076,0.172813,4.903648709509438,1.120781366741527,-0.1697769877745861,NU204_E_plastic_a,145,1000,1,OK
-0.0021898392000000004,0.017525405820418064,0.017661688619500685,0.126562,4.03415559717949,0.15831304572627491,-0.048824382394939546,NU204_E_plastic_a,145,1000,1,OK
-0.0013996827499999998,0.02118013232332827,0.021226330748255633,0.174693,5.094144686729997,1.1842109139052734,-0.20065258288927645,NU204_E_plastic_a,145,1000,1,OK
-0.0018121921500000003,0.020476022547675873,0.02055605846852583,0.141406,3.6485593828620098,0.3297500768888648,-0.09072716825795635,NU204_E_plastic_a,145,1000,1,OK
-0.0022903059999999993,0.021935330637529126,0.02205457394173281,0.130156,3.273107890939757,-0.263346789435996,0.029110390417514485,NU204_E_plastic_a,145,1000,1,OK
-0.00257577865,0.02101203631228234,0.02116932463831729,0.188441,4.731374368868932,1.0829660291167,-0.24598910740235466,NU204_E_plastic_a,145,1000,1,OK
-0.0033076482499999997,0.022471323610596002,0.022713452440301925,0.146719,3.370821771865443,-0.05166828921070854,0.09663080108398864,NU204_E_plastic_a,145,1000,1,OK
-0.00240139645,0.018768850391773065,0.01892185112347184,0.14421899999999999,4.029732582845172,0.23187617552269524,0.09177309261496186,NU204_E_plastic_a,145,1000,1,OK
-0.0025498310000000002,0.022214505769367884,0.022360364592417543,0.176093,4.2904935473428045,1.170041309292226,0.0022151304719377585,NU204_E_plastic_a,145,1000,1,OK
-0.0020171764999999996,0.019803102712460056,0.019905574045286787,0.135157,3.4695306873781235,0.6077858185278422,0.08354042912539049,NU204_E_plastic_a,145,1000,1,OK
-0.0018054548000000002,0.0211275237382849,0.021204526081632546,0.156094,3.6843549202296115,0.6865051228635455,-0.004115892281658126,NU204_E_plastic_a,145,1000,1,OK
-0.0014990537499999998,0.021026182060359257,0.02107955156498265,0.151562,3.795147147859445,0.5832586223041356,0.051957213989510864,NU204_E_plastic_a,145,1000,1,OK
-0.0011927983,0.021192661407272263,0.021226202328908723,0.169999,4.195851835384763,1.1230393010775224,0.1477221922617588,NU204_E_plastic_a,145,1000,1,OK
-0.0017348333500000002,0.02049994384588054,0.020573219107289153,0.140157,3.546795453811449,0.4308910226129492,0.15347501239611902,NU204_E_plastic_a,145,1000,1,OK
-0.0025885961000000003,0.01880580265124756,0.01898312522022138,0.127344,3.4158759028216426,0.26132462056838435,9.82883551409715e-06,NU204_E_plastic_a,145,1000,1,OK
-0.0010964200499999999,0.1955255548692168,0.1955286289622089,2.22871,7.350841703481675,5.9989708686020276,-0.4733881160727003,NU204_E_plastic_a,146,1000,1,OR
-0.0012377554000000002,0.2193332448662388,0.2193367373286648,2.03403,5.304172999786648,3.9088510226130095,-0.2423443758688288,NU204_E_plastic_a,146,1000,1,OR
-0.0025918517000000003,0.192892277338021,0.1929096896267339,1.85706,5.290040132118778,4.298401761783494,-0.2645729175496655,NU204_E_plastic_a,146,1000,1,OR
-0.001548051,0.20328898570175297,0.20329487984094957,1.93907,5.121132420130395,3.754673661193233,-0.19230734638972183,NU204_E_plastic_a,146,1000,1,OR
-0.0020596101499999993,0.21516239097062725,0.2151722484015238,2.0328999999999997,4.739458771174778,3.883152265434279,-0.36835247095140317,NU204_E_plastic_a,146,1000,1,OR
-0.002480578300000001,0.21930340255523387,0.21931743122926958,2.44185,7.047319455352658,5.89221509318681,-0.5013788005376438,NU204_E_plastic_a,146,1000,1,OR
-0.0005420499499999985,0.18069901819210546,0.1806998311945508,1.98894,6.242396534314062,5.919033786342256,-0.49421383401463126,NU204_E_plastic_a,146,1000,1,OR
-0.003084315250000002,0.20086088177240266,0.20088456094719798,1.64609,4.567299725144943,2.794380515393751,-0.21339994895542086,NU204_E_plastic_a,146,1000,1,OR
-0.0018255411500000009,0.21017017836345242,0.21017810655207583,2.09826,5.907846542010521,4.780686183616724,-0.2886052193095012,NU204_E_plastic_a,146,1000,1,OR
-0.0023711611,0.19889085870433024,0.19890499259975356,1.75313,4.732963148362755,3.6021386314672688,-0.13895833654486645,NU204_E_plastic_a,146,1000,1,OR
-0.0023484311499999987,0.19373125211293965,0.1937454855580219,1.85454,4.867881165249429,3.8737495075542405,-0.19642842978741662,NU204_E_plastic_a,146,1000,1,OR
-0.001783862850000001,0.21376863686555625,0.21377607975174787,2.02598,5.357007207400793,4.884327004115933,-0.4061961319800299,NU204_E_plastic_a,146,1000,1,OR
-0.0018469973999999999,0.20841609997966956,0.20842428392615678,1.77657,4.363119224255974,3.5584197465981156,-0.0897931066645747,NU204_E_plastic_a,146,1000,1,OR
-0.0010628023500000006,0.22317242861965053,0.22317495926924277,2.0025399999999998,4.99697637966005,4.502187714603429,-0.40348478372912383,NU204_E_plastic_a,146,1000,1,OR
-0.0015911902000000013,0.20469354171217144,0.20469972619650728,2.3826,6.561318009339462,5.930130173119112,-0.49631114591914044,NU204_E_plastic_a,146,1000,1,OR
-0.0029261444999999996,0.19087485132310872,0.1908972791562356,2.0052000000000003,5.645444527881304,5.842029853413042,-0.44515999884036506,NU204_E_plastic_a,147,1000,1,OR
-0.0005064996999999996,0.20596231308573168,0.20596293587335335,2.02948,5.431559786503961,4.756374717493422,-0.19231495503182677,NU204_E_plastic_a,147,1000,1,OR
-0.0021691709499999986,0.2094353754158704,0.20944660841894028,2.01906,5.055703732771657,4.570947900278251,-0.3295447359392873,NU204_E_plastic_a,147,1000,1,OR
-0.00266689475,0.23256861517342653,0.23258390548637048,2.17766,5.336138790019282,4.125300943759184,-0.3866717003668915,NU204_E_plastic_a,147,1000,1,OR
-0.0004781264500000002,0.19263813031591007,0.19263872366819643,1.77094,5.081584747654827,3.8386688499807633,-0.21964448235590378,NU204_E_plastic_a,147,1000,1,OR
-0.0019371663499999961,0.20455249433097172,0.20456166686476182,1.99628,5.563114621823772,5.26442483887862,-0.30476989039554103,NU204_E_plastic_a,147,1000,1,OR
-0.00010223920000000009,0.22057604461723146,0.2205760683116754,2.1748,5.450727312362565,3.813773080190254,-0.3227625650685151,NU204_E_plastic_a,147,1000,1,OR
-0.002577908600000001,0.20683147150062547,0.2068475361609705,2.35314,7.340188953560684,6.76695809361075,-0.6537398076287163,NU204_E_plastic_a,147,1000,1,OR
-0.0008739763499999994,0.19901177039189746,0.19901368945169998,1.9956800000000001,5.106683880892791,6.02959916529864,-0.2286794987541304,NU204_E_plastic_a,147,1000,1,OR
-0.0023269708999999984,0.2113606180306182,0.21137342701450043,1.95136,5.333215323810149,4.147452541663142,-0.3543640707691324,NU204_E_plastic_a,147,1000,1,OR
-0.0010156256000000005,0.19363132095597302,0.19363398449268765,2.02594,5.551711404464726,4.693926541420241,-0.14652685307155328,NU204_E_plastic_a,147,1000,1,OR
-0.002094059699999998,0.2272781434953105,0.22728779024994308,2.13326,5.095302298141331,3.940539172207016,-0.36849673408772693,NU204_E_plastic_a,147,1000,1,OR
-0.001464577249999999,0.19371799981472312,0.19372353609909737,1.79406,4.682084677289897,4.081715721073387,-0.12551421793130138,NU204_E_plastic_a,147,1000,1,OR
-0.0017770198000000006,0.22199650230431156,0.22200361446318345,2.1201999999999996,5.789094934817534,4.530310102929177,-0.3659484230072726,NU204_E_plastic_a,147,1000,1,OR
-0.0034244848500000007,0.19752094489497463,0.1975506283682527,2.0895,6.249030996240505,5.003312725749224,-0.42939300975825223,NU204_E_plastic_a,147,1000,1,OR
-0.0014278926000000003,0.18923481435043277,0.18924020143595252,1.6268799999999999,4.679079779460514,4.190908805898834,-0.4538210828087817,NU204_E_plastic_a,148,1000,1,OR
-0.003721873299999999,0.20086019972843475,0.2008946793118423,2.14873,6.075820445723712,5.345820099754912,-0.3797538843711216,NU204_E_plastic_a,148,1000,1,OR
-0.0015689875000000004,0.21153172072251697,0.2115375394430125,1.9994999999999998,4.996749053539748,3.8192475164500257,-0.20571444010965653,NU204_E_plastic_a,148,1000,1,OR
-0.0009826481499999994,0.18649957290275476,0.1865021616236569,1.72266,4.818978998289519,4.810827319326313,-0.16093832138966815,NU204_E_plastic_a,148,1000,1,OR
-0.00038696774999999933,0.21541028013248464,0.21541062771087935,2.3139,5.936104516237009,5.038788462692596,-0.188543816579888,NU204_E_plastic_a,148,1000,1,OR
-0.0021365660500000006,0.21254707540708828,0.2125578137321526,1.9368699999999999,5.26397962208034,4.502962925378229,-0.4706199292528634,NU204_E_plastic_a,148,1000,1,OR
-0.0006126206999999994,0.20231547343783834,0.20231640095775413,2.3658900000000003,7.351356553196913,5.662533972283152,-0.29147625598152205,NU204_E_plastic_a,148,1000,1,OR
-0.0030294675,0.19688334058428741,0.1969066465941718,1.9548199999999998,6.033823746177018,4.576864899156119,-0.3650748992138069,NU204_E_plastic_a,148,1000,1,OR
-0.0019173513999999998,0.21189499419861127,0.2119036686865534,2.22527,6.346279931515579,5.27624920251356,-0.41852222187373483,NU204_E_plastic_a,148,1000,1,OR
-0.00046071415000000003,0.21393195475672278,0.2139324508426912,2.3421,5.479767073121672,4.653404436840662,-0.3186504799473475,NU204_E_plastic_a,148,1000,1,OR
-0.002566502450000001,0.24027497212042187,0.2402886788059216,2.21653,5.335249277538608,4.5840117682590975,-0.3332276875419588,NU204_E_plastic_a,148,1000,1,OR
-0.0014427739499999986,0.19084341131052837,0.1908488649096722,1.75652,5.291097751500557,4.519321317019765,-0.3083802486805495,NU204_E_plastic_a,148,1000,1,OR
-0.0021607377500000016,0.2009751559456749,0.2009867709452854,1.84313,4.654385935951292,4.04341479017943,-0.13921414747461197,NU204_E_plastic_a,148,1000,1,OR
-0.0019065942999999992,0.19654323565190543,0.1965524830225892,1.80422,4.904084574140031,4.820446440238029,-0.3079059135696181,NU204_E_plastic_a,148,1000,1,OR
-0.0006189013499999996,0.20913099309422023,0.20913190887919478,1.85531,4.479086931402214,3.5478696370686986,-0.1451661073863184,NU204_E_plastic_a,148,1000,1,OR
-0.0021663101500000006,0.21285702495769931,0.21286804826819036,1.82828,4.353495076125443,4.014588685328404,-0.15258044784075625,NU204_E_plastic_a,149,1000,1,OR
-0.003562909399999999,0.18888453435655167,0.18891813476340472,1.83315,5.581253495438637,4.326623846965024,-0.34947512835976524,NU204_E_plastic_a,149,1000,1,OR
-0.0016826496499999961,0.20775002248460342,0.20775683659556884,1.98894,5.530985255791619,3.965035292700943,-0.28795338895673106,NU204_E_plastic_a,149,1000,1,OR
-0.0020475203000000003,0.2309363744158461,0.23094545106521316,2.25643,5.978901050577943,4.837437993761961,-0.5106915881653139,NU204_E_plastic_a,149,1000,1,OR
-0.0026289257000000005,0.22395298966023416,0.22396841926506753,2.0062699999999998,4.970790094662431,4.065292381618684,-0.13621765799255334,NU204_E_plastic_a,149,1000,1,OR
-0.0027533497999999994,0.19056662939517519,0.19058651886783393,2.08002,5.933263311158835,4.938556337812542,-0.015099654972045826,NU204_E_plastic_a,149,1000,1,OR
-0.000930398850000001,0.2286206255258969,0.2286225187024945,2.48111,6.603461498753612,5.940963871934876,-0.44667539913412047,NU204_E_plastic_a,149,1000,1,OR
-0.0024343070999999997,0.21108127820358485,0.21109531463089437,2.0334399999999997,5.772747737820489,3.010641808071286,-0.32944025830531015,NU204_E_plastic_a,149,1000,1,OR
-0.0018150127000000022,0.18743269773032392,0.18744148540162645,1.7536,5.058271907995524,4.369212669373373,-0.24366974260516588,NU204_E_plastic_a,149,1000,1,OR
-0.001676585250000001,0.18940311609759655,0.18941053646927924,1.91703,5.596309581077201,6.768329002787038,-0.37138822977271463,NU204_E_plastic_a,149,1000,1,OR
-0.0018465962499999986,0.2186010360560659,0.21860883532578446,1.92971,4.94902229540579,3.2437950705684866,-0.18917705839030824,NU204_E_plastic_a,149,1000,1,OR
-0.0022426797999999986,0.19714854552955213,0.19716130101290974,1.9356200000000001,5.037905486000835,4.54201262254796,-0.06206606673485348,NU204_E_plastic_a,149,1000,1,OR
-0.0017935136499999977,0.22096245776804443,0.22096973646657486,2.34596,6.180936909460444,6.250612565103808,-0.5211164855771246,NU204_E_plastic_a,149,1000,1,OR
-0.0031102720999999995,0.20210988056492926,0.20213381116108706,2.1850300000000002,7.039891009950654,7.397427475805426,-0.7692882859919593,NU204_E_plastic_a,149,1000,1,OR
-0.0019502763500000013,0.19121509324600497,0.1912250387970146,1.71265,4.938526910183811,3.8780674294715247,-0.17706177661332592,NU204_E_plastic_a,149,1000,1,OR
-0.001911536,0.19370574498728577,0.19371517651169895,1.85935,5.539576296104982,4.759153607151096,-0.29330299094012013,NU204_E_plastic_a,150,1000,1,OR
-0.001753690649999999,0.2073819236598552,0.20738933842355037,2.0434,5.380700900453244,4.9789017811771625,-0.08730492148097765,NU204_E_plastic_a,150,1000,1,OR
-0.001924102549999999,0.21951141913444366,0.21951985172425822,2.5253,6.783441170826219,6.476850487192941,-0.4764510850873887,NU204_E_plastic_a,150,1000,1,OR
-0.0034503341499999996,0.21784115319760247,0.21786847599459627,1.9339399999999998,4.769391235957296,3.919759776634418,-0.20976385803151815,NU204_E_plastic_a,150,1000,1,OR
-0.0026283746499999993,0.19107489252604948,0.191092969277109,1.7118799999999998,4.978780766237061,3.8236455520667505,-0.35288721022016506,NU204_E_plastic_a,150,1000,1,OR
-0.0029645886499999993,0.21054346924561881,0.21056433987701842,2.09979,5.336611131098005,5.094719873593743,-0.3339889797482501,NU204_E_plastic_a,150,1000,1,OR
-0.0006802135500000012,0.19755504337979002,0.1975562144182367,1.81579,5.050005655038025,4.340223474686632,-0.32017954684391203,NU204_E_plastic_a,150,1000,1,OR
-0.0011651533999999996,0.18323167007019928,0.18323537458460334,1.67188,4.7300910207151,4.431147128746915,-0.24304962592407306,NU204_E_plastic_a,150,1000,1,OR
-0.0008249611500000001,0.20091979906896665,0.2009214926751564,1.90032,4.849555849036753,4.625823918160778,-0.07984962731378582,NU204_E_plastic_a,150,1000,1,OR
-0.003566897049999999,0.21276139801756966,0.21279129503096686,2.32469,6.631380291165797,5.762630379770622,-0.5071274466514069,NU204_E_plastic_a,150,1000,1,OR
-0.0023603055999999994,0.19329212520699235,0.1933065356100538,1.78938,5.038163851658968,4.325444899894719,-0.17551598862335316,NU204_E_plastic_a,150,1000,1,OR
-0.0007825922500000007,0.20085435391454656,0.2008558785225359,1.92754,5.104157306926783,4.821581495368076,-0.3147809929894952,NU204_E_plastic_a,150,1000,1,OR
-0.0025044507000000016,0.21167396595568533,0.21168878131993052,2.24076,6.486408922751555,5.201464447673187,-0.5497226131923386,NU204_E_plastic_a,150,1000,1,OR
-0.0024063375000000008,0.21239631742999726,0.21240994825569745,1.90719,4.663011352028013,3.0273178483726726,-0.12602754713888625,NU204_E_plastic_a,150,1000,1,OR
-0.0026495704000000005,0.2377880521431643,0.23780281319897117,2.20184,5.338456610005707,4.463303078386089,-0.36025484834931404,NU204_E_plastic_a,150,1000,1,OR
0.0010492248000000014,0.1965399056710156,0.19654270628505305,4.2203,11.036278277628247,38.61636506740662,0.40881331323234454,NU204_E_plastic_a,151,1000,1,IR
-2.7770999999997993e-05,0.17394460115385738,0.17394460337073686,3.9041,11.401905903185126,47.69079446602589,0.10329680288941372,NU204_E_plastic_a,151,1000,1,IR
-0.002748542699999998,0.20410382210178837,0.20412232774376302,3.1286,8.81236276248061,16.930405873684297,-0.6865308580357192,NU204_E_plastic_a,151,1000,1,IR
-0.0034029711999999986,0.15653234684591902,0.15656933231664216,2.6939,10.187180186566225,35.56036717172752,-2.008541028143189,NU204_E_plastic_a,151,1000,1,IR
-0.0036230286499999965,0.19847564334359005,0.19850870846703594,3.3049999999999997,8.449503364123343,21.194430158870766,-0.6052708835684595,NU204_E_plastic_a,151,1000,1,IR
-0.0019602837499999998,0.21978684810602975,0.21979558983920378,4.225,11.469292909126244,29.219250379442137,-1.2584899256206774,NU204_E_plastic_a,151,1000,1,IR
-0.0021786304999999975,0.19113946522770026,0.19115188097004635,3.6317,10.104007296180631,28.00470181605674,0.38092636869937735,NU204_E_plastic_a,151,1000,1,IR
-0.006660585950000005,0.2441095469680419,0.24420039788284537,3.2412,7.335778383372744,12.1111009438038,-0.686397129307649,NU204_E_plastic_a,151,1000,1,IR
-0.002358659400000001,0.1880887966786946,0.18810358505409866,2.8894,8.780800214546524,26.71822247196154,-1.041452982525884,NU204_E_plastic_a,151,1000,1,IR
-0.0042140988,0.17712778865959855,0.1771779109938244,2.9871,9.763068038770887,26.31670543511235,-1.6339706679299586,NU204_E_plastic_a,151,1000,1,IR
-0.002121273300000002,0.20943403471106634,0.20944477719859583,4.8179,11.819822070104104,55.08268186027503,-1.7085379402267407,NU204_E_plastic_a,151,1000,1,IR
-0.0008886451500000027,0.1495401692960604,0.14954280966765676,3.0319,10.899888825296944,45.28857165526011,0.18194857625782893,NU204_E_plastic_a,151,1000,1,IR
-0.004146186949999994,0.19227170703263274,0.1923164064542256,2.4896,6.734734825176126,15.292766037508983,-0.27666493840393974,NU204_E_plastic_a,151,1000,1,IR
-0.0037413689000000043,0.1763229776314696,0.1763626669169913,3.3003,11.07433922463458,34.50856475568217,-1.5244284872014937,NU204_E_plastic_a,151,1000,1,IR
-0.001892891450000002,0.19818772596613224,0.19819676526540034,3.3949,8.759476965606536,24.616293674779126,-0.29885027918579565,NU204_E_plastic_a,151,1000,1,IR
-0.001835269749999998,0.1779996005082169,0.1780090615562592,3.338,10.742149771940992,25.574167562126345,-0.3941318618852514,NU204_E_plastic_a,152,1000,1,IR
-0.0038201491000000028,0.1887340864937597,0.18877274417611295,3.3606,11.327376784887454,51.00174448401276,-3.8340306889313225,NU204_E_plastic_a,152,1000,1,IR
-0.0034420911999999983,0.22587130750658305,0.22589753329012363,4.0397,9.245784890079253,25.37836246972948,-0.3624966824176866,NU204_E_plastic_a,152,1000,1,IR
-0.0023439446999999987,0.21183835053736136,0.21185131775645544,3.7624999999999997,12.007949853417815,31.878681843536512,-2.1969305186637875,NU204_E_plastic_a,152,1000,1,IR
-0.00454065415,0.19493286152967973,0.19498573805347713,3.4796,9.73250668969201,28.706503175337485,-0.954721192653997,NU204_E_plastic_a,152,1000,1,IR
-0.0030651809500000004,0.17961546262868638,0.17964161474884732,3.1909,9.267340434049858,19.221906692412553,0.10378587556235636,NU204_E_plastic_a,152,1000,1,IR
-0.0035240872000000013,0.17783500662642976,0.1778699209321675,3.3658,10.065220643364142,29.763153649747203,-0.5173245570823358,NU204_E_plastic_a,152,1000,1,IR
-0.0011032979499999995,0.21078829190719758,0.2107911793019822,2.8666,7.142139462312135,16.06522870453201,-0.03826414012499648,NU204_E_plastic_a,152,1000,1,IR
-0.0016670548999999993,0.21124771141883003,0.2112542890729864,3.8811,9.706311805539585,37.78396895734676,-1.4354946024445443,NU204_E_plastic_a,152,1000,1,IR
-0.004744292800000003,0.17057777495613077,0.17064373889233825,2.6935000000000002,8.741018039584056,20.11448001145026,-0.6863756664959915,NU204_E_plastic_a,152,1000,1,IR
-0.002754132,0.19212476316348231,0.1921445025591354,2.57441,8.225580117826047,13.485923740396675,-0.6184048744289309,NU204_E_plastic_a,152,1000,1,IR
-0.00023743059999999905,0.19900305332313817,0.19900319496234625,4.1359,11.4671525772829,45.74680724909724,0.21667222543903886,NU204_E_plastic_a,152,1000,1,IR
-0.001510041600000001,0.1889865658717546,0.18899259854722555,3.1791,9.538468775270797,25.520261568484433,-1.020194865517847,NU204_E_plastic_a,152,1000,1,IR
-0.0030247038999999987,0.162557884265598,0.1625860220639838,2.9234,10.483681059182407,26.130045279103715,-1.3440053021651346,NU204_E_plastic_a,152,1000,1,IR
-0.003896934900000002,0.1881948696662274,0.18823521208929841,3.585,11.34219244265074,36.89734480263952,-2.0663546882834076,NU204_E_plastic_a,152,1000,1,IR
-0.0021810411499999997,0.176109258914244,0.17612276404775795,2.682,8.564480623248553,14.932633548743635,0.4121009371085548,NU204_E_plastic_a,153,1000,1,IR
-0.00528996835,0.18283216744963135,0.18290868000035987,3.5812,11.71677582494053,41.16942929437123,-2.0085971906033184,NU204_E_plastic_a,153,1000,1,IR
-0.001991944450000001,0.2049595565197817,0.2049692358659647,3.9833999999999996,10.433760905458477,29.797925101971657,-0.6920378805036064,NU204_E_plastic_a,153,1000,1,IR
-0.0056722239,0.19907339044035985,0.19915418375066007,3.5211,9.735170828383735,30.201004169193162,-1.6879800366176998,NU204_E_plastic_a,153,1000,1,IR
-0.0024953240499999987,0.21558614557733238,0.21560058628632078,3.796,10.065835336449142,22.701176408828502,-0.07383069149626577,NU204_E_plastic_a,153,1000,1,IR
-0.0024110946999999975,0.21567347457359362,0.2156869514187145,2.627,6.682833572077342,12.470698649520271,-0.4223599236891104,NU204_E_plastic_a,153,1000,1,IR
-0.004407859650000001,0.18189040718335076,0.18194380850146905,3.6488,10.944587872490985,36.195984035138075,0.7830842351082057,NU204_E_plastic_a,153,1000,1,IR
-0.0026754944,0.22639494334683766,0.22641075204879793,3.8480999999999996,10.530418623785753,26.200989937960614,-1.700379348971223,NU204_E_plastic_a,153,1000,1,IR
-0.00102328755,0.19652308883520167,0.19652575292500105,3.7605,12.110372124656177,39.28822333095534,-2.139997342784537,NU204_E_plastic_a,153,1000,1,IR
0.00024239514999999922,0.18948649574969534,0.18948665078814403,3.6136,9.699891746226388,33.22199305242429,1.2202506045715822,NU204_E_plastic_a,153,1000,1,IR
-0.0018620661000000017,0.1899684823167617,0.18997760805919878,2.885,8.788930532695758,22.866425755867223,-1.124770805041044,NU204_E_plastic_a,153,1000,1,IR
-0.0027435435000000012,0.16792744518806754,0.16794985524949949,3.3810000000000002,12.281642023065377,43.971708592600365,-1.599659156466466,NU204_E_plastic_a,153,1000,1,IR
-0.0053449563,0.1749673736565421,0.17504899429050413,2.3898,7.496758295121426,15.21222249547031,-0.6329530973122482,NU204_E_plastic_a,153,1000,1,IR
-0.0022419166000000033,0.19391606794751787,0.19392902721941277,3.8757,11.783692378421037,48.571883472546865,-2.5611192078334555,NU204_E_plastic_a,153,1000,1,IR
-0.004597886999999998,0.2106641647495668,0.2107143347627242,3.4598,8.689964078912421,25.2075010512035,-0.8847900114909752,NU204_E_plastic_a,153,1000,1,IR
-0.0022329326000000015,0.18061353930068394,0.1806273416919926,3.1927,11.379783263959325,32.753512168844196,-1.9415958086001663,NU204_E_plastic_a,154,1000,1,IR
-0.001000265049999998,0.2060548505514354,0.20605727836197546,3.1528,7.694462494136185,19.852144678568997,-0.2350232350460075,NU204_E_plastic_a,154,1000,1,IR
-0.003427184500000002,0.20316362803669552,0.20319253271375357,3.5987,9.02985939244512,24.466472856009773,-0.5295750309311205,NU204_E_plastic_a,154,1000,1,IR
-0.0009585022000000023,0.20817223436351157,0.2081744410016854,3.1578,8.504886534008591,16.153893847758507,0.16996829060967478,NU204_E_plastic_a,154,1000,1,IR
-0.00285075425,0.23657939295640223,0.23659656796203465,3.8458,8.746956973323812,18.90932840967853,-0.3037268080682278,NU204_E_plastic_a,154,1000,1,IR
-0.0014748016000000002,0.16201606560470122,0.16202277788566094,2.04559,6.570063875532457,12.441120845105754,-0.08085932097212999,NU204_E_plastic_a,154,1000,1,IR
-0.0023418706999999996,0.25897221542712684,0.258982803911012,4.1203,10.336593625420136,22.327746936606125,-1.894044731164385,NU204_E_plastic_a,154,1000,1,IR
-0.0012225735500000004,0.17794415184890622,0.1779483516734891,3.0549999999999997,9.578622021335294,29.334057860390914,-0.83750051388192,NU204_E_plastic_a,154,1000,1,IR
0.0027931006499999967,0.2040475881444371,0.2040667038955715,3.648,9.75024323918224,24.138939690662106,-0.2916973329489285,NU204_E_plastic_a,154,1000,1,IR
0.0010062839999999955,0.22588556853885078,0.22588780994469024,4.7788,10.596410672121197,44.52778707136219,-0.8856840675760297,NU204_E_plastic_a,154,1000,1,IR
-0.0003737709999999975,0.19571378721217453,0.1957141441227301,4.2021,10.847453103178333,50.562436084343744,-0.5705834876330986,NU204_E_plastic_a,154,1000,1,IR
-0.0037781178500000036,0.19255381390137982,0.1925908757507886,3.0393,8.434979038685576,16.50833019667756,-0.673689078170338,NU204_E_plastic_a,154,1000,1,IR
-0.0029451120000000015,0.1809528583119341,0.18097682342209306,3.3651,11.304762462474757,40.807248780037426,-2.403653615855927,NU204_E_plastic_a,154,1000,1,IR
-0.002166117000000002,0.18563102706990567,0.18564366478252295,3.7756,11.737001650729793,39.43498550724667,-1.3091996388245277,NU204_E_plastic_a,154,1000,1,IR
-0.001802754549999997,0.17462451089180106,0.17463381610721415,2.8978,10.49968465943781,21.476943805950327,-0.8182686832140831,NU204_E_plastic_a,154,1000,1,IR
-0.0012328882499999998,0.18341405490018275,0.18341819852011482,2.4275,7.161775715815583,13.890377174812997,-0.40754913654353936,NU204_E_plastic_a,155,1000,1,IR
-0.00020171340000000004,0.19256510736684682,0.19256521301497057,3.1214,9.242063881297403,28.949317676475818,1.5878562207187374,NU204_E_plastic_a,155,1000,1,IR
-0.003070534700000002,0.24986986280092427,0.2498887282762002,4.8372,10.662345670329948,37.30600994108866,-1.868915324748269,NU204_E_plastic_a,155,1000,1,IR
-0.0014853419999999995,0.19713900305677376,0.19714459862516048,4.1517,13.412490214999659,46.518021601423435,-2.4987432817233,NU204_E_plastic_a,155,1000,1,IR
-0.001765940450000001,0.1860289207228558,0.18603730241804603,2.8516000000000004,7.843050727113017,18.72227176991886,-0.39525613742151106,NU204_E_plastic_a,155,1000,1,IR
0.0016020846499999993,0.18351644810579898,0.18352344101120754,3.7602,11.595249022548819,45.3069409491968,0.4988318772310689,NU204_E_plastic_a,155,1000,1,IR
-0.002421438150000004,0.1872490243091727,0.18726468024550552,4.3948,12.285285174886662,54.390099294464804,-0.7031237984770674,NU204_E_plastic_a,155,1000,1,IR
-0.003915210500000001,0.179179229189763,0.17922199933684738,2.7329,7.818794596562108,17.898703155939472,0.01294719006392945,NU204_E_plastic_a,155,1000,1,IR
-0.00011282760000000114,0.21679142112840083,0.216791450488572,4.0527,9.921055443620354,40.299775693313116,-1.1441883096492778,NU204_E_plastic_a,155,1000,1,IR
-0.0014948357500000017,0.1756906119774928,0.17569697114903665,2.816,8.310900241765529,20.621361457845545,0.06381267565431419,NU204_E_plastic_a,155,1000,1,IR
-0.002589045549999999,0.19739807949018887,0.1974150575393754,3.1614,9.151277630581268,19.62212628697962,-0.6248941639919564,NU204_E_plastic_a,155,1000,1,IR
-0.0021119490500000004,0.1655121429677573,0.16552561674426447,2.4715,8.733391413568562,23.184051817172946,-0.7462826425563797,NU204_E_plastic_a,155,1000,1,IR
0.0033189541,0.22716862238660546,0.22719286620258577,3.7359999999999998,9.356807876636601,21.466921022094613,0.42213660620340027,NU204_E_plastic_a,155,1000,1,IR
-0.00269784525,0.22486005721354382,0.2248762408505424,3.3405,7.85231909481086,18.100592949447194,-0.6980769295856609,NU204_E_plastic_a,155,1000,1,IR
-0.00033607365000000043,0.21518757268191466,0.21518783511674752,3.5554,8.354096777936727,20.665206560870477,-0.14781474129568622,NU204_E_plastic_a,155,1000,1,IR
-0.00411062845,0.24350808377840305,0.24354277680047032,3.7842000000000002,10.202725092667176,28.797790991423028,-1.7478836242475566,NU204_E_plastic_a,156,1000,1,RE
-0.0015975247499999965,0.28514351566182855,0.2851479907158988,3.6036,7.895198540055769,17.17466143105628,-1.3028091115986957,NU204_E_plastic_a,156,1000,1,RE
-0.00203641965,0.02692018280095942,0.026997097011122836,0.28938,5.469476956695155,2.410970621936917,-0.04272136747994907,NU204_E_plastic_a,156,1000,1,RE
-0.0040867901000000125,0.3813889406460996,0.38141083610783205,4.0456,6.776682137235494,8.391797986989614,-0.869455020443357,NU204_E_plastic_a,156,1000,1,RE
-0.00246261945,0.0342649915139143,0.034353371566763824,0.49374999999999997,9.032883407002137,10.418278758938108,-0.9844842200618679,NU204_E_plastic_a,156,1000,1,RE
-0.0008885030499999985,0.3611292791190259,0.3611303721299238,5.5446,9.590442309166876,22.912999399982812,-1.7472565120209338,NU204_E_plastic_a,156,1000,1,RE
-0.0019821903999999984,0.1458711168629077,0.1458845838792226,1.84875,6.574101077013065,12.365897152279818,-0.538948986017749,NU204_E_plastic_a,156,1000,1,RE
-0.0012487249,0.0398876339232967,0.03990717546851456,1.065,14.130541522411336,68.38411714407107,0.7851787088270716,NU204_E_plastic_a,156,1000,1,RE
-0.0035156194000000003,0.3344834527005758,0.3345019278124776,4.9741,10.862717664326894,18.851031906399783,-1.5869896343353882,NU204_E_plastic_a,156,1000,1,RE
-0.0019376571499999998,0.027669423078481258,0.027737186027550407,0.26562,5.00230989049085,2.7139541309471094,-0.14274848741250964,NU204_E_plastic_a,156,1000,1,RE
-0.0021642149000000005,0.34820805516481107,0.3482147807141356,4.1258,7.75038898252731,10.757356022288779,-1.034973950329255,NU204_E_plastic_a,156,1000,1,RE
-0.0018112803000000003,0.05923500110298115,0.05926268718169423,0.63313,5.913839156930052,6.849388564882929,-0.1673892915451351,NU204_E_plastic_a,156,1000,1,RE
-0.001284287200000002,0.1555762625568853,0.15558156338326531,2.32832,8.832023345947437,20.13136874533091,-0.3657104454642133,NU204_E_plastic_a,156,1000,1,RE
-0.0016746448000000012,0.33797483422759095,0.337978983083821,4.2035,8.235127446696067,17.362944342419432,-1.5878869198206604,NU204_E_plastic_a,156,1000,1,RE
-0.0020603111999999996,0.027138488251239226,0.027216583672523907,0.221408,5.115263608214997,1.969068991805413,-0.3552960470953413,NU204_E_plastic_a,156,1000,1,RE
-0.0016190623499999996,0.05896496977122972,0.058987193720461246,0.9348399999999999,8.56914811705417,20.395542881537864,0.7675854832561346,NU204_E_plastic_a,157,1000,1,RE
0.0001477862000000034,0.3445798319978186,0.3445798636896907,4.8822,9.023162197312757,13.086329012769635,-0.8965730726681599,NU204_E_plastic_a,157,1000,1,RE
-0.00159515515,0.03088278480111753,0.030923953774132887,0.35109999999999997,6.068434889363108,4.8760325975005525,0.025125225123531904,NU204_E_plastic_a,157,1000,1,RE
-0.002710472200000005,0.3664175400466097,0.3664275648929209,4.004300000000001,7.242086169951424,9.707770551931304,-0.9827243033774993,NU204_E_plastic_a,157,1000,1,RE
-0.0007851372999999993,0.04825864827587584,0.04826503469380857,0.7089,9.621250724172157,18.511982825665328,1.5689161224673156,NU204_E_plastic_a,157,1000,1,RE
-0.0022921924000000008,0.1090014060003302,0.10902550461267053,1.69672,7.9754732903015295,24.415629841413242,-0.2552928316242616,NU204_E_plastic_a,157,1000,1,RE
-0.0033314676000000035,0.3350748363445523,0.3350913974241928,3.8034,6.998090723980779,10.76066435214462,-1.045734608570342,NU204_E_plastic_a,157,1000,1,RE
-0.0014179673500000001,0.02687857325355973,0.026915949389769676,0.28797,5.903934418170631,4.000115906658064,0.3293641523916676,NU204_E_plastic_a,157,1000,1,RE
-0.0029083555999999994,0.3700317895806553,0.3700432188711994,4.1004000000000005,7.352114188983306,11.891483794588389,-1.2542567158924125,NU204_E_plastic_a,157,1000,1,RE
-0.00153330305,0.034455117504420124,0.03448921774245594,0.38844,5.826168673946018,3.9226048500265813,0.045271722538077895,NU204_E_plastic_a,157,1000,1,RE
-0.0020711568000000022,0.27433549104112437,0.2743433092591562,4.7444,11.382818150123253,34.184030441022806,-2.057193284179704,NU204_E_plastic_a,157,1000,1,RE
-0.0034115819500000013,0.25984235120892246,0.2598647463069636,4.043900000000001,9.955178748810054,20.98582080652804,-0.9563536907364257,NU204_E_plastic_a,157,1000,1,RE
-0.00199938265,0.02702429690112828,0.027098157759918893,0.24438,4.768589848241652,2.6734197267364994,-0.04307600961503055,NU204_E_plastic_a,157,1000,1,RE
-0.002049778250000002,0.3779533403504394,0.3779588986555671,5.230700000000001,8.425254733589261,13.942065070017506,-1.208301924823736,NU204_E_plastic_a,157,1000,1,RE
-0.0008562551,0.035706442541153675,0.03571670773938977,0.40547,7.35398127723649,5.4465798092286235,0.6908361220773412,NU204_E_plastic_a,157,1000,1,RE
-0.0009487997499999978,0.298457684273827,0.29845919239162494,4.5353,9.205613598239763,26.538341460710473,-1.78150424909892,NU204_E_plastic_a,158,1000,1,RE
-0.0031918649,0.23375166901710073,0.23377346036242022,2.9807,7.2330708429373844,13.936077397924116,-0.9206225797424832,NU204_E_plastic_a,158,1000,1,RE
-0.0015128138000000003,0.040010539562464906,0.04003912938205625,0.46312,7.2623956736260755,8.28651569635189,0.8318983303864402,NU204_E_plastic_a,158,1000,1,RE
-0.0038241730000000036,0.38042314888984974,0.3804423694995113,4.927,8.243298463642937,10.85892169499752,-1.0429501021564667,NU204_E_plastic_a,158,1000,1,RE
-0.0014367165,0.02887964569133454,0.028915360789006077,0.25453000000000003,4.425675367974503,2.220871976043008,-0.0693220486653516,NU204_E_plastic_a,158,1000,1,RE
-0.0005286500500000015,0.349876407765258,0.34987680715016883,4.845,8.590452235120523,16.929138969807614,-1.1803013090280123,NU204_E_plastic_a,158,1000,1,RE
-0.00205163055,0.15791886603696104,0.15793219253310373,2.00077,7.552608374951678,13.701532509176065,-0.835351960092841,NU204_E_plastic_a,158,1000,1,RE
-0.0025984451999999996,0.06448627418473492,0.06453860453779746,0.87188,7.309113721597963,14.061422765035026,-0.18080085143165314,NU204_E_plastic_a,158,1000,1,RE
-0.0004946367999999992,0.3564040037025869,0.35640434694430634,5.4104,9.453307819858015,18.882994667967566,-1.2822951501515358,NU204_E_plastic_a,158,1000,1,RE
-0.0017770322499999994,0.030682087074460438,0.030733504695402255,0.28718,5.053442538990174,3.1507848393246887,-0.3244823606128717,NU204_E_plastic_a,158,1000,1,RE
-0.0012177434000000056,0.3419818905370899,0.3419840586259985,4.4677,8.712101996714237,14.40734063358537,-1.3125117668088653,NU204_E_plastic_a,158,1000,1,RE
-0.0029204472999999997,0.05197730012790799,0.05205928102671704,0.96829,9.367397904510646,20.397783596573397,0.5021699246699558,NU204_E_plastic_a,158,1000,1,RE
-0.00205979255,0.12360623604019176,0.12362339719233022,1.99156,9.637334251108221,18.433047845575746,-0.5366234757830386,NU204_E_plastic_a,158,1000,1,RE
-0.0014660330499999975,0.3784961576530533,0.37849899684283,4.4892,6.979939239038557,11.509466926424857,-1.1986135616046463,NU204_E_plastic_a,158,1000,1,RE
-0.00213904885,0.026585120262230266,0.02667103577553621,0.30219,6.315465264176212,2.606033446396574,0.0873693629082265,NU204_E_plastic_a,158,1000,1,RE
-0.00190312815,0.030396868281008984,0.030456386818667976,0.37453000000000003,6.299828050594464,6.724423440071821,0.1689326172105701,NU204_E_plastic_a,159,1000,1,RE
-0.0028041160000000023,0.38855481597786656,0.3885649341952195,4.6063,7.529758201315317,12.552619136657151,-1.2738317916819337,NU204_E_plastic_a,159,1000,1,RE
-0.0014767305999999999,0.032423040554030384,0.032456652508126516,0.40547,6.937252692452628,4.783716837212521,0.05800844143050213,NU204_E_plastic_a,159,1000,1,RE
-0.0014056918500000007,0.29833395500972004,0.29833726666529414,4.5488,10.248468232533023,27.071272078751097,-1.892063481280224,NU204_E_plastic_a,159,1000,1,RE
-0.0026967628999999996,0.18513339519634073,0.1851530354789337,3.0302,10.111635464993578,21.87383632996054,-0.8719659686263415,NU204_E_plastic_a,159,1000,1,RE
-0.0016815718,0.03024365350267647,0.03029036581008077,0.43328,7.727209419243916,9.46407569012081,0.1589320721245936,NU204_E_plastic_a,159,1000,1,RE
-0.0022674873999999944,0.3330359740434462,0.3330436930887239,4.3058,8.749302450305604,13.115729782630659,-1.155474575734034,NU204_E_plastic_a,159,1000,1,RE
-0.002400478,0.02523303787693747,0.025346962246538443,0.23500000000000001,5.171822908202839,2.688975138232152,-0.33233599846667644,NU204_E_plastic_a,159,1000,1,RE
-0.0020871668500000028,0.4027002533943389,0.4027056621768863,4.4564,6.78609777977155,10.162229589432057,-1.0855671929570492,NU204_E_plastic_a,159,1000,1,RE
-0.003001904699999998,0.08275060838100018,0.08280503981795757,1.0398399999999999,6.821323934409914,13.244989066049591,-0.7160138568247755,NU204_E_plastic_a,159,1000,1,RE
-0.0019898456,0.08225032697268465,0.08227439317688934,1.4153099999999998,9.290496963698173,33.807016058188545,0.4143836836526958,NU204_E_plastic_a,159,1000,1,RE
-0.0019262178499999997,0.4032604929755825,0.4032650933444593,5.0686,8.575996427853275,11.175596740015628,-1.24322752639908,NU204_E_plastic_a,159,1000,1,RE
-0.0017192208500000001,0.027426775806099826,0.02748060682461611,0.27156,5.077398795830599,2.405970520705308,0.152464675878505,NU204_E_plastic_a,159,1000,1,RE
-0.0016618900500000038,0.4045197706140794,0.4045231843741539,4.9350000000000005,7.885332962893103,13.691835203653742,-1.5215712576752722,NU204_E_plastic_a,159,1000,1,RE
-0.0012638727000000003,0.04183526312306443,0.041854350010218054,0.51703,6.936196594359382,6.643527112300047,0.5723173373972894,NU204_E_plastic_a,159,1000,1,RE
-0.0016632464999999986,0.2891826039334686,0.28918738701171104,3.9467,8.903569504211227,17.538708547572046,-1.0670211712234856,NU204_E_plastic_a,160,1000,1,RE
-3.293225000000105e-05,0.18708248490821208,0.18708248780675463,2.73391,9.360042302883983,15.837093129932597,-0.8070776620060823,NU204_E_plastic_a,160,1000,1,RE
-0.0020134302999999997,0.04410460954415442,0.044150543423782176,0.92344,12.177879552675757,40.77044687562358,0.7781578189522886,NU204_E_plastic_a,160,1000,1,RE
-0.0014942321000000034,0.3329345320392419,0.33293788512837896,4.646,9.55373402090754,13.930763030100628,-1.1014712725977758,NU204_E_plastic_a,160,1000,1,RE
-0.0025404732,0.023283846913274807,0.02342203089317267,0.17578100000000002,3.955933643098749,0.770613613813611,-0.03091682463428772,NU204_E_plastic_a,160,1000,1,RE
-0.0007582536500000002,0.390963750997154,0.3909644862930166,4.4412,7.501448604214017,11.365465737368723,-1.2683540614153568,NU204_E_plastic_a,160,1000,1,RE
-0.00215983045,0.06543630066955299,0.06547193530734285,0.82157,6.302853246400357,8.192551140948975,0.3662700874930417,NU204_E_plastic_a,160,1000,1,RE
-0.0018237180999999994,0.12127340852895069,0.12128712035471054,1.71828,7.099599672922378,21.84969155839619,-0.009292687756208211,NU204_E_plastic_a,160,1000,1,RE
-0.0022309094000000024,0.38959190315883835,0.38959829050404815,4.204,7.030831671402157,13.434134660494308,-1.5511225795214638,NU204_E_plastic_a,160,1000,1,RE
-0.0014748226500000002,0.02741097091021804,0.027450617991035695,0.32109,7.160494531095397,5.055606599731062,-0.17738815298926064,NU204_E_plastic_a,160,1000,1,RE
-0.0011755734500000074,0.3558131470942091,0.35581508908142384,4.422499999999999,7.715524395233762,11.830969813785257,-0.9690908489838385,NU204_E_plastic_a,160,1000,1,RE
-0.0021477947999999996,0.040326228583103925,0.040383384383179864,0.6175,9.84315718138679,12.418008631278955,-0.8604873130136999,NU204_E_plastic_a,160,1000,1,RE
-0.0024765792499999986,0.1982236719120452,0.1982391423283396,2.7361,7.599911815117964,16.4292027399334,-0.5435010813212949,NU204_E_plastic_a,160,1000,1,RE
-0.0011157280999999984,0.29666115151620986,0.296663249608233,5.1626,11.736202595359746,31.05800585149494,-2.1253643498151686,NU204_E_plastic_a,160,1000,1,RE
-0.0020723436499999995,0.026667152821202005,0.026747554052530438,0.24328,4.831095947921833,2.8465998575033433,-0.02093754303146153,NU204_E_plastic_a,160,1000,1,RE
-0.00211734435,0.024480110374820934,0.024571506894366338,0.188438,3.980748939025233,0.36564376621198225,0.0334470236398771,NU204_E_plastic_a,161,1000,2,OK
-0.0030923328,0.02571458859260856,0.025899856923023146,0.21281,4.1687488977602145,0.37126348813084986,-0.07892902790732108,NU204_E_plastic_a,161,1000,2,OK
-0.0022535951,0.022677618031855792,0.022789318780373734,0.163437,4.0383392275532835,0.29154784180771864,-0.13503640797956873,NU204_E_plastic_a,161,1000,2,OK
-0.00123639435,0.026478113864153364,0.026506964835525445,0.166719,3.2067043709991423,-0.21126841783304595,-0.022101611415810903,NU204_E_plastic_a,161,1000,2,OK
-0.0012231295,0.021739626702437988,0.021774007783022513,0.14359300000000003,3.602322584873805,0.14434564769986746,-0.16717045178064702,NU204_E_plastic_a,161,1000,2,OK
-0.0016837416499999999,0.021080971886423494,0.021148105390793814,0.14625,3.627700854630566,0.23390168561684943,0.037653175329551695,NU204_E_plastic_a,161,1000,2,OK
-0.00176125255,0.022047672474222332,0.022117908401914105,0.145625,3.3979704877291166,0.28483765034496145,0.038975229463641015,NU204_E_plastic_a,161,1000,2,OK
-0.0019531209000000003,0.01938194229228983,0.019480101854756047,0.127188,3.3688222212235366,0.2857947623442949,0.10014586858344715,NU204_E_plastic_a,161,1000,2,OK
-0.00158779965,0.022993123643731888,0.0230478815213998,0.172188,3.9794980686116217,0.35144509753508446,0.030999424427089417,NU204_E_plastic_a,161,1000,2,OK
-0.00059076755,0.023708582602655934,0.02371594179713495,0.20188,4.875623367146605,1.1394919355584543,0.19043831404853867,NU204_E_plastic_a,161,1000,2,OK
-0.00224795415,0.024610097632754534,0.024712551534679952,0.160937,3.7240590017930693,-0.11016179248298474,0.0003789594583053085,NU204_E_plastic_a,161,1000,2,OK
-0.00179390435,0.025409465374076123,0.025472711347897824,0.161875,3.404388281075412,0.1271981613696802,-0.07875638417276365,NU204_E_plastic_a,161,1000,2,OK
-0.00308156165,0.02508740788751434,0.02527595807713859,0.166871,4.098360967519341,0.13428188825547638,-0.038339948598233864,NU204_E_plastic_a,161,1000,2,OK
-0.0019907831,0.023671906348728955,0.023755470265482855,0.185934,4.518538206164963,0.28331971572859027,0.12259917802637063,NU204_E_plastic_a,161,1000,2,OK
-0.0013628011500000001,0.02056575117056319,0.020610855105598177,0.15437499999999998,4.404523710194959,0.0731530242554177,-0.10031707971420102,NU204_E_plastic_a,161,1000,2,OK
-0.00236483495,0.024191155451725243,0.02430646923002758,0.207499,5.226180684567319,0.2598211252912006,-0.021331102345011177,NU204_E_plastic_a,162,1000,2,OK
-0.0020017086000000003,0.024545676226650513,0.02462716099640537,0.17875000000000002,3.882907981718137,0.22772612595924135,-0.03510094481691097,NU204_E_plastic_a,162,1000,2,OK
-0.00174045755,0.02096109105226874,0.02103322444573947,0.156875,3.8406379491834484,0.2636212160050704,-0.044801720486664,NU204_E_plastic_a,162,1000,2,OK
-0.0006217075999999999,0.02806239070382417,0.02806927666246451,0.200314,4.202815819538191,0.6000503346028552,-0.08223527769663425,NU204_E_plastic_a,162,1000,2,OK
-0.00178342445,0.025295987110160865,0.02535877691542482,0.172344,3.4258355712399164,0.27962913366807784,-0.013460688252964535,NU204_E_plastic_a,162,1000,2,OK
-0.0017907792000000002,0.02727281736541308,0.027331546922747165,0.20422,3.7674413486746845,0.3919489235351099,0.0617895548597895,NU204_E_plastic_a,162,1000,2,OK
-0.0018965473499999998,0.02288994078305065,0.02296837566965408,0.148594,3.2381480114096433,0.0422483416685111,-0.0005954371741223316,NU204_E_plastic_a,162,1000,2,OK
-0.0026382738000000003,0.021825590264934157,0.021984469041952205,0.16484300000000002,4.157753358772189,0.1296134834404321,-0.01644514023593089,NU204_E_plastic_a,162,1000,2,OK
-0.0018207806,0.021168925401930504,0.02124708555698487,0.130625,3.1180747035783765,-0.3292870834978907,0.021150115344405456,NU204_E_plastic_a,162,1000,2,OK
-0.0021676503499999996,0.021048207901228133,0.021159531277728662,0.128907,3.293456697377304,-0.16958426808050975,-0.003963183482249371,NU204_E_plastic_a,162,1000,2,OK
-0.0013274864999999996,0.025386437105763833,0.02542112132327339,0.17656300000000003,3.982908492211326,0.18183635801142817,-0.027939311267827477,NU204_E_plastic_a,162,1000,2,OK
-0.0018532747,0.022204633731687174,0.022281839831397227,0.143125,3.667515816393679,-0.21804798288971572,-0.00915434519089092,NU204_E_plastic_a,162,1000,2,OK
-0.0024565408,0.02062178652043708,0.02076758705282212,0.11937500000000001,3.1975789884061694,-0.19410793790689196,-0.09149088757064223,NU204_E_plastic_a,162,1000,2,OK
-0.0024832921,0.026229638521145075,0.02634692916838431,0.167187,3.5879323694935557,0.09458986881131848,0.09994826368888327,NU204_E_plastic_a,162,1000,2,OK
-0.0030051494500000003,0.021693095570548066,0.021900258415136736,0.15015699999999998,3.7813709057771843,0.23222544682439272,-0.034362923945937644,NU204_E_plastic_a,162,1000,2,OK
-0.0014023370000000002,0.021115520353076102,0.021162035555275394,0.14031300000000002,3.5293391226432065,0.6019099114807029,-0.0453722523998811,NU204_E_plastic_a,163,1000,2,OK
-0.00176656135,0.02322828612980193,0.023295364679078594,0.15531299999999998,3.5817425976994937,0.0012759493981309156,-0.10662596874100061,NU204_E_plastic_a,163,1000,2,OK
-0.0025175019,0.020242267349750532,0.020398215688517463,0.127813,3.2478330953865426,-0.21525990925731397,-0.07294080646265429,NU204_E_plastic_a,163,1000,2,OK
-0.0016342066,0.028828901464181333,0.028875182957740025,0.177031,3.3224724546475635,-0.4031749516608145,-0.04361712669756546,NU204_E_plastic_a,163,1000,2,OK
-0.0011501552,0.021264704156816125,0.02129578596485699,0.126562,3.0008753894061386,-0.020262770084512827,0.050863103889185995,NU204_E_plastic_a,163,1000,2,OK
-0.0019531199,0.023773939129824468,0.023854032344498382,0.187033,4.2642685534657785,0.19924749783868645,0.04568554172002198,NU204_E_plastic_a,163,1000,2,OK
-0.0014896837000000001,0.026783099669022523,0.02682449599539272,0.19078099999999998,3.8677334335683224,0.8541000756284607,0.01165361526067064,NU204_E_plastic_a,163,1000,2,OK
-0.0023593776000000004,0.022407626937192685,0.022531498121868974,0.20140999999999998,4.472849495177747,1.1075142517635541,-0.01876398248093333,NU204_E_plastic_a,163,1000,2,OK
-0.0019024840499999997,0.026893435512773987,0.02696064389513421,0.20297,3.819270800820294,0.2634665910581062,0.12053988575911398,NU204_E_plastic_a,163,1000,2,OK
-0.0025990555999999996,0.02404403586387586,0.02418410119552182,0.155937,3.443626013912858,0.09424075938514065,-0.04751322354789856,NU204_E_plastic_a,163,1000,2,OK
-0.0019275023999999997,0.02382366590565229,0.02390151297901756,0.174375,3.758925222803737,0.30076661522708514,0.022139926240031436,NU204_E_plastic_a,163,1000,2,OK
-0.002365786,0.020135329013172196,0.02027383579558861,0.129688,3.5452097336035098,0.12139253443286036,-0.09700416376484214,NU204_E_plastic_a,163,1000,2,OK
-0.00120516055,0.02186633074942687,0.02189951671600557,0.16406300000000001,3.817161861791413,0.5129055219752976,-0.00503553892292921,NU204_E_plastic_a,163,1000,2,OK
-0.0014979757999999998,0.029891619589626026,0.02992913051173221,0.169219,2.8974780929905792,-0.475135865652363,-0.024766395685439608,NU204_E_plastic_a,163,1000,2,OK
-0.0018798534499999998,0.02386694291624842,0.02394086074394439,0.182972,4.288066377311303,0.7330441463583481,-0.15800482855314943,NU204_E_plastic_a,163,1000,2,OK
-0.00209968785,0.023564358453398958,0.023657719213561405,0.175156,4.048615132142371,0.343141601421066,0.08706733410764861,NU204_E_plastic_a,164,1000,2,OK
-0.00180185475,0.02287477422037461,0.022945630873288544,0.163437,3.8541977986297704,-0.07027985797878289,0.05298276587242322,NU204_E_plastic_a,164,1000,2,OK
-0.0014514068,0.022909287757788627,0.022955218301472326,0.15812500000000002,3.5462960504618115,0.3148243164532212,0.031898058420731706,NU204_E_plastic_a,164,1000,2,OK
-0.0018185946999999998,0.025453761076472115,0.025518644940924956,0.19015900000000002,4.004522976692821,1.2491039268518236,-0.1317482490563544,NU204_E_plastic_a,164,1000,2,OK
-0.00128953,0.024191990539089585,0.02422633471791183,0.16828100000000001,3.766562340630668,0.10208672221791115,0.06122461032381326,NU204_E_plastic_a,164,1000,2,OK
-0.00139592505,0.02103900197703945,0.0210852605138065,0.144375,3.5051025312970077,0.08006137860732476,0.022604324501039587,NU204_E_plastic_a,164,1000,2,OK
-0.0024837534,0.02223035296377283,0.02236867505790039,0.145625,3.3319362817457714,0.011475645673368007,0.0011046177453086262,NU204_E_plastic_a,164,1000,2,OK
-0.0007660848499999998,0.023252943472130534,0.023265559656184882,0.15625,3.4989916942900257,-0.17168875824138663,-0.11674613931117087,NU204_E_plastic_a,164,1000,2,OK
-0.00170935925,0.022564685385195092,0.02262933793946251,0.132188,3.0588168414459624,-0.2996244687257943,0.058414169112246554,NU204_E_plastic_a,164,1000,2,OK
-0.0022057878000000006,0.02882175762591694,0.02890604110676054,0.177504,3.637993857810062,0.0690402595420232,-0.14402603770389522,NU204_E_plastic_a,164,1000,2,OK
-0.0014934347999999997,0.019779779477131536,0.01983607883796102,0.136094,3.6864644770446287,0.3177649264248732,-0.04965388061775605,NU204_E_plastic_a,164,1000,2,OK
-0.00077094185,0.024778111116189244,0.02479010169043892,0.20718999999999999,4.223056496794323,0.7034948863361916,0.004745175523738314,NU204_E_plastic_a,164,1000,2,OK
-0.00124984295,0.02248952658278688,0.02252422947222707,0.157187,3.8083877677489517,0.35284062835152863,0.13890651242392152,NU204_E_plastic_a,164,1000,2,OK
-0.0025596888499999997,0.025502001676581943,0.02563014039214773,0.16953200000000002,3.5968589554914616,0.1538604154701937,0.1109364353729406,NU204_E_plastic_a,164,1000,2,OK
-0.00072984105,0.021962711413160543,0.021974834711006076,0.189998,5.190482727174878,0.7751265586843421,-0.05350542800311998,NU204_E_plastic_a,164,1000,2,OK
-0.0025246812,0.025121994575122646,0.02524853711790299,0.172187,3.8863637739400936,0.608438162431268,-0.23855574441324842,NU204_E_plastic_a,165,1000,2,OK
-0.0007721862000000002,0.021328557454384944,0.021342531120100774,0.143594,3.367688658647748,-0.10618183845561502,0.05806801330304508,NU204_E_plastic_a,165,1000,2,OK
-0.0036198463,0.023343052759051918,0.023622053241568672,0.212967,5.959685153543884,1.2188847774019944,-0.32211798404728764,NU204_E_plastic_a,165,1000,2,OK
-0.00235029585,0.024947746367388883,0.025058211017430842,0.22297,4.776478253644762,1.1918514012264518,-0.10185094745534094,NU204_E_plastic_a,165,1000,2,OK
-0.0014403246500000002,0.026430261244763355,0.02646947760277557,0.162656,3.1463031212700323,0.08826138709379139,0.10543018486796252,NU204_E_plastic_a,165,1000,2,OK
-0.0011375062999999998,0.02452237721029897,0.024548745479692644,0.157969,3.513417827047342,-0.14494505446346517,0.13098030837474567,NU204_E_plastic_a,165,1000,2,OK
-0.0021673537,0.025360170439439705,0.02545261610872908,0.19656400000000002,5.0277739409314455,0.5658875286330489,-0.15766592082600897,NU204_E_plastic_a,165,1000,2,OK
-0.00285640975,0.02500312724989171,0.025165759454746695,0.14750000000000002,2.9926774169255075,-0.08144271756591515,0.010198661142082628,NU204_E_plastic_a,165,1000,2,OK
-0.0020237400500000002,0.02250094090851955,0.02259176543696093,0.158594,3.9768472389064393,0.39882714142808284,-0.06202424574654557,NU204_E_plastic_a,165,1000,2,OK
-0.0013928075499999996,0.02480043764015235,0.024839517306389478,0.174844,3.7113442609565706,0.3443675588762325,0.06299925777345954,NU204_E_plastic_a,165,1000,2,OK
-0.002975769,0.019479895012976686,0.01970587503405913,0.15234399999999998,4.472016586306723,0.6850950006627987,-0.0646487057784781,NU204_E_plastic_a,165,1000,2,OK
-0.0010118624,0.02462999740313519,0.024650773569910134,0.154688,3.334094151930487,0.10424310703652484,-0.017718169945227936,NU204_E_plastic_a,165,1000,2,OK
-0.0014878132999999998,0.019973684341476113,0.020029020310254442,0.160001,4.134650557900801,0.5878544459985826,0.1927402436640251,NU204_E_plastic_a,165,1000,2,OK
-0.0014268679500000002,0.02169067016937986,0.021737551024518895,0.17265599999999998,4.219380550115579,0.6838026823348691,0.012825989768840472,NU204_E_plastic_a,165,1000,2,OK
-0.0013278075000000002,0.02812388669512864,0.02815521400375941,0.170938,3.124430167295265,0.055652895761238774,-0.05613827149693632,NU204_E_plastic_a,165,1000,2,OK
-0.0003184548499999996,0.350492979020853,0.3504931236934665,3.0638,4.72819547081714,2.463220949324561,-0.30701151104675317,NU204_E_plastic_a,166,1000,2,OR
-0.0022844888000000006,0.32951440560997874,0.3295223245753995,2.8434999999999997,4.9826669622935045,2.2970540727096775,-0.28561078864064404,NU204_E_plastic_a,166,1000,2,OR
-0.003048226949999999,0.32478243901590054,0.3247967431804941,2.681,4.187849873987553,2.171607613497339,-0.20666799881015932,NU204_E_plastic_a,166,1000,2,OR
-0.0020293401499999987,0.35800148392043246,0.3580072355563167,2.7943,4.275332585447781,2.016459265341129,-0.19425266321042045,NU204_E_plastic_a,166,1000,2,OR
-0.004238404149999999,0.3669849496303893,0.36700942402744663,2.7833,4.361195912724845,1.6577750116613403,-0.20981372835086656,NU204_E_plastic_a,166,1000,2,OR
-0.0003226603000000008,0.384839501892467,0.38483963715619435,3.0921000000000003,4.223057718299382,2.326661891956488,-0.319683737311568,NU204_E_plastic_a,166,1000,2,OR
-0.0009513518999999984,0.36515107918867035,0.36515231849611507,2.7011000000000003,4.190579992212976,1.7542276193206732,-0.22390959016788772,NU204_E_plastic_a,166,1000,2,OR
-0.002299290299999999,0.33478076800932005,0.33478866373399474,2.4946,3.924266686173925,1.841562217289277,-0.15729222520981884,NU204_E_plastic_a,166,1000,2,OR
-0.001582559250000002,0.3555776013161473,0.3555811230247252,3.2208,5.248872561410468,2.6699605784307794,-0.28685369429477353,NU204_E_plastic_a,166,1000,2,OR
-0.003303751,0.3119875875009028,0.312005079326128,2.1925,3.8178865631699552,1.5767799862217489,-0.2626400128428183,NU204_E_plastic_a,166,1000,2,OR
-0.0025882753499999983,0.3612714738737071,0.3612807454102253,2.8367,4.047268000235407,1.8077167921980557,-0.21685965671571764,NU204_E_plastic_a,166,1000,2,OR
-0.0021781172999999986,0.38045856867614275,0.38046480346291134,3.2153,4.683744682242898,2.292756425806437,-0.3433300219794139,NU204_E_plastic_a,166,1000,2,OR
-0.0016251412999999998,0.3399120674422549,0.33991595237221955,2.9092000000000002,4.880324057823118,2.7604589636406374,-0.4071852794867768,NU204_E_plastic_a,166,1000,2,OR
-0.0016898057999999976,0.37498106607070314,0.3749848735018024,2.9494,4.168434810191049,1.9858320080690461,-0.18612860379754226,NU204_E_plastic_a,166,1000,2,OR
-0.0019907735999999997,0.3286600926778485,0.3286661219209221,2.6942,4.357613713361643,1.9030656589758665,-0.19393233390458603,NU204_E_plastic_a,166,1000,2,OR
-0.0028067956500000017,0.3753758096152823,0.37538630308809817,2.8243,4.391209765618813,1.4978533533920597,-0.2511800969654177,NU204_E_plastic_a,167,1000,2,OR
-0.0008429181000000009,0.3370852785136564,0.3370863324158258,2.716,4.447228664705182,1.7391135116979992,-0.2374947060975637,NU204_E_plastic_a,167,1000,2,OR
-0.00046391570000000145,0.37695943861303643,0.3769597240783587,3.1338999999999997,4.358555821890588,2.4085470046664135,-0.24157688315925108,NU204_E_plastic_a,167,1000,2,OR
-0.0026369862999999984,0.35358169902477127,0.35359153211295985,2.7165,3.8991318365609353,1.6745801350953,-0.21990050092745025,NU204_E_plastic_a,167,1000,2,OR
-0.0027284236999999987,0.39354281184278,0.3935522697800236,3.2837,4.441849620069786,2.169981480158813,-0.28894215431181197,NU204_E_plastic_a,167,1000,2,OR
-0.004023505500000002,0.36558205981775665,0.3656041999992647,2.9473000000000003,4.512530217112708,1.9083041112654398,-0.2837592009526501,NU204_E_plastic_a,167,1000,2,OR
-0.0028075888000000005,0.3688743794431631,0.36888506389449893,2.8071,4.165525119877088,1.3130487553968644,-0.24566719619902,NU204_E_plastic_a,167,1000,2,OR
-0.0013252800999999997,0.35653979036141015,0.356542253426297,2.8933,4.2527918793037065,2.3908925356732285,-0.2108357841039178,NU204_E_plastic_a,167,1000,2,OR
-0.0025077321999999996,0.34807546683126755,0.3480845002734131,3.037,5.562155161977146,2.5054963025626513,-0.2884911493702537,NU204_E_plastic_a,167,1000,2,OR
-0.0004784353499999994,0.33368575511519427,0.33368609810296496,2.5574000000000003,3.9381322970024075,2.4114151374539095,-0.260013565709978,NU204_E_plastic_a,167,1000,2,OR
-0.0014867886000000023,0.37973505408009334,0.37973796470402127,2.867,4.188677845892389,2.1139808248094285,-0.3324565808924729,NU204_E_plastic_a,167,1000,2,OR
-0.002859767149999999,0.3592042653523509,0.35921564904034226,3.0275,4.236730788499364,1.8711712508669933,-0.19858244573278772,NU204_E_plastic_a,167,1000,2,OR
-0.0040436419,0.3579316798421713,0.35795452012016005,2.8421000000000003,4.30976538439056,2.213817785330063,-0.28119270759438786,NU204_E_plastic_a,167,1000,2,OR
3.586349999999994e-05,0.34762193486996273,0.3476219367199476,3.5953,5.923389126212881,3.3673123062165677,-0.21632069485863703,NU204_E_plastic_a,167,1000,2,OR
-0.003706262800000002,0.3366859197895934,0.336706318575264,3.2466999999999997,5.001985133889106,2.7467218261891064,-0.23680752082671305,NU204_E_plastic_a,167,1000,2,OR
-0.0025621025000000016,0.36221924444896464,0.36222830565597613,2.8905000000000003,4.194039991570537,2.0479510833365406,-0.24941113007276544,NU204_E_plastic_a,168,1000,2,OR
-0.0023475462499999984,0.392587998223116,0.39259501693504617,3.1548,4.213502282617314,1.9015820521794247,-0.26118200472213887,NU204_E_plastic_a,168,1000,2,OR
-0.0005398002000000033,0.38487621718014964,0.3848765957227818,2.776,3.8300588198451067,1.6045589745259337,-0.16238294638285697,NU204_E_plastic_a,168,1000,2,OR
-0.0008449902000000004,0.34272542764521785,0.3427264693061152,3.0457,5.084812980824838,2.0378607815286998,-0.20794539847914015,NU204_E_plastic_a,168,1000,2,OR
-0.0018502169499999997,0.3372522300460563,0.33725730529345127,3.0933,5.675488625322795,2.530178373710468,-0.34913935211495145,NU204_E_plastic_a,168,1000,2,OR
-0.0022193445500000007,0.35236614988730447,0.35237313898285993,2.7023,4.158375988106389,1.920985187778209,-0.28818918802926546,NU204_E_plastic_a,168,1000,2,OR
0.0009858710000000004,0.35670213618193264,0.3567034985788374,2.931,4.110416650920359,2.064192063399001,-0.15399643884567427,NU204_E_plastic_a,168,1000,2,OR
-0.002190233749999998,0.3884556138808608,0.38846178844184415,3.4297,4.872293894315303,2.454594397702148,-0.27422226573179775,NU204_E_plastic_a,168,1000,2,OR
-0.003165426900000002,0.3777797805269609,0.37779304189259233,3.2868000000000004,4.662076334642348,1.9974267884387658,-0.25251869186706855,NU204_E_plastic_a,168,1000,2,OR
-0.0017343560499999996,0.38938591408737916,0.38938977654860435,2.8613,3.965435388895637,1.8119082290146036,-0.2352239633290827,NU204_E_plastic_a,168,1000,2,OR
-0.0018276131000000005,0.34124402221166117,0.34124891628375315,2.8686,4.5600144813532,2.320173667996917,-0.2348255284147559,NU204_E_plastic_a,168,1000,2,OR
-0.0014693942000000007,0.35378057397729795,0.35378362545915176,2.9341999999999997,4.626839350960855,1.968949052050009,-0.18991116727677515,NU204_E_plastic_a,168,1000,2,OR
-0.0032288233499999986,0.35379578523905436,0.35381051843203387,3.2366,4.795222051392779,2.2749953284394646,-0.25539389401817847,NU204_E_plastic_a,168,1000,2,OR
-0.0029233555499999994,0.37277581964441553,0.37278728213183115,3.1285999999999996,4.615232553431285,1.972528178183146,-0.26554424319614933,NU204_E_plastic_a,168,1000,2,OR
-0.00042185930000000006,0.3662384545375353,0.3662386975011124,2.7483,4.282999067828532,2.09992548477413,-0.3608184399679814,NU204_E_plastic_a,168,1000,2,OR
-0.004399543699999999,0.3350558585724251,0.33508474204068606,2.4992,4.358002071675021,1.6475915652693693,-0.2656059010648366,NU204_E_plastic_a,169,1000,2,OR
-0.0014993200499999995,0.3593825162434597,0.35938564376181314,3.0312,4.748937609569999,2.4249788911899683,-0.2923000069992428,NU204_E_plastic_a,169,1000,2,OR
-0.0020322282999999997,0.36847409993460606,0.36847970401974844,2.8823,4.316655660130341,2.107200479934657,-0.19858037088962222,NU204_E_plastic_a,169,1000,2,OR
-0.0019303049499999991,0.36631436692387925,0.36631945278955963,3.1839,4.8015468100473475,2.41085512970918,-0.18826018213385726,NU204_E_plastic_a,169,1000,2,OR
-0.002314887650000002,0.3491463005370117,0.3491539744632923,2.8138,4.6635585417664736,2.2668706734493984,-0.2946397073059161,NU204_E_plastic_a,169,1000,2,OR
-0.0032357249,0.3685296503495298,0.36854385505984927,3.0472,4.638525311247932,1.8553628642510382,-0.2400011695787001,NU204_E_plastic_a,169,1000,2,OR
-0.00173495485,0.36375725218599964,0.3637613896309509,2.7828999999999997,4.147499000734054,1.7809236834113653,-0.2474664871140925,NU204_E_plastic_a,169,1000,2,OR
-0.0008842365500000003,0.3635003619316175,0.3635014374093908,2.8629,4.479762202882369,2.1067612739718253,-0.2614490849461031,NU204_E_plastic_a,169,1000,2,OR
-0.0020290555499999988,0.34928950715921914,0.3492954005966228,2.7075,4.434928136339673,1.9357002318910457,-0.21931225412071514,NU204_E_plastic_a,169,1000,2,OR
-0.002120537500000001,0.34085741617990567,0.3408640122455439,2.7642,4.3445478161338515,1.9265115537643824,-0.1767446789715879,NU204_E_plastic_a,169,1000,2,OR
-0.0030789675500000006,0.3898541711056759,0.3898663293613178,3.2487000000000004,4.455373211750723,2.3938938963054994,-0.33398267319250285,NU204_E_plastic_a,169,1000,2,OR
-0.0006355383999999989,0.3561430113323528,0.35614357839210614,3.0703,4.8334438817391145,2.468343346340114,-0.28068050653485543,NU204_E_plastic_a,169,1000,2,OR
-0.0015455138000000002,0.373228139479892,0.3732313394029602,2.6706000000000003,3.964029393583838,1.4153417870517968,-0.2728381735054314,NU204_E_plastic_a,169,1000,2,OR
-0.003150429750000001,0.35761559321379355,0.35762946986687655,2.8861,4.552477178701301,2.061808803969443,-0.31328867482126727,NU204_E_plastic_a,169,1000,2,OR
-0.0030896884500000023,0.3814258492847134,0.38143836288092864,2.8822,4.090306984898208,2.1504704493098465,-0.3409221928712035,NU204_E_plastic_a,169,1000,2,OR
-0.003564930500000002,0.36654599524896714,0.36656333062995494,2.9724,4.195727917893152,2.2482251460161145,-0.2548068945978475,NU204_E_plastic_a,170,1000,2,OR
-0.0005692364000000016,0.38720889245313406,0.38720931087057014,3.2351,4.405627530403627,1.950660096039675,-0.23526114274718654,NU204_E_plastic_a,170,1000,2,OR
-0.0015745795000000006,0.32206710948512723,0.32207095850558576,2.7463,4.447777615985069,2.224954359620587,-0.19529300351044557,NU204_E_plastic_a,170,1000,2,OR
-0.0026652719999999998,0.3598601512308334,0.35987002114473543,3.1406,5.2952451941907945,2.0002390165500525,-0.2791410689755701,NU204_E_plastic_a,170,1000,2,OR
-0.0021822255499999994,0.3652619431866724,0.36526846188639794,3.0693,4.810160699136527,2.3010392558630297,-0.30016433658256575,NU204_E_plastic_a,170,1000,2,OR
-0.002049376,0.3749779518205165,0.37498355203061773,2.8042,4.095646306840148,1.8300270057083283,-0.24472340879746393,NU204_E_plastic_a,170,1000,2,OR
-0.003065911850000001,0.3598818609289196,0.359894920276925,3.1806,5.14983650942859,2.163002261483528,-0.38513847386392397,NU204_E_plastic_a,170,1000,2,OR
-0.0012490018999999986,0.37136500358941577,0.37136710395067707,2.8594,4.07036590995621,1.800375939573442,-0.23121862165430496,NU204_E_plastic_a,170,1000,2,OR
-0.0008007535000000004,0.33972311530740046,0.3397240590248696,2.893,4.896032399866733,2.634264559572081,-0.35414598243382794,NU204_E_plastic_a,170,1000,2,OR
-0.0030787355499999995,0.355134585418805,0.3551479302673371,2.8369999999999997,4.223592120812522,2.1858890394222827,-0.2286954131626101,NU204_E_plastic_a,170,1000,2,OR
-0.0036591705999999996,0.36170043748906167,0.36171894615745315,2.5873999999999997,4.013060458735636,1.6122852906155334,-0.2126696761374538,NU204_E_plastic_a,170,1000,2,OR
-0.0015440063000000013,0.3901790948913794,0.3901821498296795,2.7721999999999998,3.6926343263753387,1.765259701882976,-0.28504878850304494,NU204_E_plastic_a,170,1000,2,OR
-0.0021758282000000004,0.335501395745786,0.3355084511241504,2.7949,4.32328901146893,1.8258393687509606,-0.2127977209331273,NU204_E_plastic_a,170,1000,2,OR
-0.00301346925,0.3716697817801557,0.3716819980647828,3.115,4.799532959056771,2.0150500879041333,-0.26370962075111665,NU204_E_plastic_a,170,1000,2,OR
-0.002567441700000001,0.3503892435443951,0.3503986497526729,2.7325,4.4258161413995865,2.1715094176828513,-0.3121775690268966,NU204_E_plastic_a,170,1000,2,OR
-0.0025526743999999997,0.25781809723084265,0.2578307340220026,3.6381,8.391551954451499,12.575778478836074,0.3367538493725488,NU204_E_plastic_a,171,1000,2,IR
-0.001047884000000001,0.25654338080145955,0.25654552090013216,4.4425,10.899040412747894,30.47882215406873,-1.6057774080572054,NU204_E_plastic_a,171,1000,2,IR
-0.0007517624000000004,0.2769323972827206,0.27693341765027324,4.7607,8.643593901776404,17.47807786624976,0.22175247291031178,NU204_E_plastic_a,171,1000,2,IR
-0.0022015760000000002,0.2969327010419659,0.2969408626056058,3.4727,6.298223772872859,9.932558775702082,0.3946644391935205,NU204_E_plastic_a,171,1000,2,IR
-0.0012163364500000018,0.24019952706247752,0.24020260672065463,4.2879000000000005,10.81295509428234,26.269954066793698,-1.1583917170104534,NU204_E_plastic_a,171,1000,2,IR
0.0017969033,0.2821723939990272,0.2821781153750442,3.4480000000000004,6.206718042865253,9.228755699450225,0.15328303190963444,NU204_E_plastic_a,171,1000,2,IR
0.000972833050000003,0.3119922968656576,0.31199381357272427,4.4185,7.580919547459819,13.476220870799306,0.38882190416747503,NU204_E_plastic_a,171,1000,2,IR
-0.0015720577500000013,0.25049119059992203,0.250496123590238,4.2581,10.447267456644932,22.49086953799298,-0.7599457676443804,NU204_E_plastic_a,171,1000,2,IR
0.0011828690499999985,0.3038318922773661,0.30383419482348345,4.2468,7.390544047566974,13.234289361040588,0.5727852636110295,NU204_E_plastic_a,171,1000,2,IR
-0.00220292225,0.37450620732537127,0.37451268628936124,5.6613,9.044286412724972,24.719607541609793,-1.655376995995629,NU204_E_plastic_a,171,1000,2,IR
-0.0014646172000000008,0.28024231243675035,0.2802461396405662,3.3786,6.234519420110111,9.436851130741067,-0.35042526529537654,NU204_E_plastic_a,171,1000,2,IR
-0.006684480399999999,0.29779865977827413,0.2978736712835732,4.0736,8.622447190221472,11.030080998927561,-0.5372231696517916,NU204_E_plastic_a,171,1000,2,IR
-0.0007924040000000022,0.32818941425617537,0.3281903708732337,6.4721,10.285189023122848,32.583334404461866,-0.6028006825786759,NU204_E_plastic_a,171,1000,2,IR
-0.00222684845,0.2913249977685039,0.2913335085067251,3.513,6.246106084147867,10.028255901092479,-0.4844824745283476,NU204_E_plastic_a,171,1000,2,IR
-0.0022535634499999996,0.2523068077309378,0.252316871761679,3.8526999999999996,8.956991200075748,16.60341619040769,-0.49994398150367597,NU204_E_plastic_a,171,1000,2,IR
0.00040695269999999837,0.3118898264670292,0.3118900919621103,5.774900000000001,9.736122045098178,20.6456692588396,0.16751375306240168,NU204_E_plastic_a,172,1000,2,IR
-0.00011430880000000055,0.32971972036312397,0.32971974017768246,5.1736,8.307661526494817,17.08038323608515,-0.29686403902505537,NU204_E_plastic_a,172,1000,2,IR
-0.00047833904999999887,0.31743714396475375,0.3174375043638457,4.593,7.852884318113721,13.535964881107205,-0.20689565600845547,NU204_E_plastic_a,172,1000,2,IR
-0.003683356149999998,0.33073107561317505,0.33075158576910174,3.8193,6.037763947091426,8.228216278771942,-0.2203857567944348,NU204_E_plastic_a,172,1000,2,IR
-0.0076037603500000005,0.28662322229040904,0.2867240637400312,4.4572,10.421169262964893,19.746457438182567,-1.457492862904679,NU204_E_plastic_a,172,1000,2,IR
-0.003969975500000002,0.32645499459974847,0.32647913287772684,6.115,11.542238448088828,29.14589080469875,-1.6649163648057712,NU204_E_plastic_a,172,1000,2,IR
-0.0022390161499999993,0.28400371788764756,0.2840125436795468,5.1266,9.489721704126602,25.611459836425453,-0.9781744343916899,NU204_E_plastic_a,172,1000,2,IR
-0.0023136014999999986,0.2491647899780583,0.2491755311356047,5.2264,11.07010783694825,35.10810095249247,-0.5784871884872208,NU204_E_plastic_a,172,1000,2,IR
-0.0034024912500000017,0.2843385412535989,0.28435889820600113,3.9514000000000005,8.304997715560008,12.683573578960313,-0.5173431976507159,NU204_E_plastic_a,172,1000,2,IR
-0.0022855579000000013,0.2812646567336541,0.2812739428073893,5.3609,9.540165623651593,26.873685814042673,-0.5808258942922059,NU204_E_plastic_a,172,1000,2,IR
-0.0009881147500000022,0.28583285753819326,0.2858345654731216,3.622,6.466327810776281,10.365185166635303,-0.16475163820315145,NU204_E_plastic_a,172,1000,2,IR
-0.0017611092000000012,0.25881393799033203,0.2588199296879546,4.4625,9.413494559470122,21.76779819335491,-0.3433221968360734,NU204_E_plastic_a,172,1000,2,IR
-0.0015883464499999984,0.2822593732512576,0.28226384223388934,4.6475,8.534922436164432,20.229835725143346,-0.2289482646684242,NU204_E_plastic_a,172,1000,2,IR
-0.00397254345,0.29690100177221257,0.2969275769523698,4.244400000000001,7.250926377732045,15.206764620787357,-0.5780398392689353,NU204_E_plastic_a,172,1000,2,IR
-0.0008171869500000007,0.2553686735685382,0.25536998107582237,3.9875,9.248933606251565,16.493822875874255,-0.38994263347142405,NU204_E_plastic_a,172,1000,2,IR
-0.0017529788999999997,0.28548487991267935,0.28549026181952475,4.1478,7.518294972025582,13.92811632531,-0.1349468323950895,NU204_E_plastic_a,173,1000,2,IR
-0.00429447375,0.2839156442390226,0.28394812122718593,4.4864,7.967300471024922,21.3533494909221,-1.0317364809161405,NU204_E_plastic_a,173,1000,2,IR
-0.0022810606500000006,0.30321511743859,0.30322369742648225,4.705299999999999,8.98841358090361,22.097410492407995,-0.8684702340757493,NU204_E_plastic_a,173,1000,2,IR
-0.00024501540000000064,0.2952356838263145,0.2952357854951492,4.0351,7.418816104309913,12.910757455909836,-0.0745326630231069,NU204_E_plastic_a,173,1000,2,IR
0.002166003600000001,0.2890793344555874,0.28908744901998185,5.0244,10.249493743310856,28.265753487841046,-1.2244961387900752,NU204_E_plastic_a,173,1000,2,IR
-0.003250771199999999,0.287691013138864,0.28770937863451856,4.440300000000001,8.623632680225478,16.592681113688677,-0.8825426750601112,NU204_E_plastic_a,173,1000,2,IR
-0.003691686950000002,0.28184528371189704,0.28186946003988544,4.4823,9.507237852659879,20.64541030572616,-0.9665690836832752,NU204_E_plastic_a,173,1000,2,IR
-0.0016404355499999989,0.2706118917701262,0.2706168638429619,4.8174,10.551818387996091,21.795338720568,-0.6310491407995273,NU204_E_plastic_a,173,1000,2,IR
-0.0036473100500000006,0.2571935985195359,0.25721945880906644,4.1952,8.624153126947679,19.12559900775013,-0.7025190025579539,NU204_E_plastic_a,173,1000,2,IR
-0.0024005790500000006,0.2765924553976467,0.2766028726580302,3.9402999999999997,7.732746878028147,10.636927864654675,-0.4415401879049839,NU204_E_plastic_a,173,1000,2,IR
-0.0027003840499999977,0.2996971149642048,0.29970928045672074,4.9506,8.41849139991628,18.64382532688202,-0.6940556240025395,NU204_E_plastic_a,173,1000,2,IR
-0.0013629391500000006,0.2690000383211134,0.26900349109237803,3.4958,7.513285391920574,11.559773624360508,0.3781995023179117,NU204_E_plastic_a,173,1000,2,IR
-0.0013737157999999968,0.3212841538410329,0.3212870906283781,4.5574,7.361640317929072,12.056831885358664,-0.1757975379313287,NU204_E_plastic_a,173,1000,2,IR
-0.007367402750000001,0.33529165979189723,0.3353725924241366,5.2303,8.9586927133279,13.807859623384058,-0.7340597352148345,NU204_E_plastic_a,173,1000,2,IR
-0.004430034900000001,0.2849811882620707,0.28501561864655245,4.0373,7.7578204678740175,13.553215234093539,-0.8391042496362519,NU204_E_plastic_a,173,1000,2,IR
-0.0013312198000000018,0.31017271249900086,0.31017556919451883,5.9213000000000005,10.21550474857964,26.97079929681917,-0.8339290938021279,NU204_E_plastic_a,174,1000,2,IR
-0.004756988049999998,0.27672957053026553,0.2767704538804188,3.2439,6.046165609581316,9.05700720673873,-0.4692338660492984,NU204_E_plastic_a,174,1000,2,IR
0.0012050012000000008,0.2542286520191904,0.2542315077550118,4.6964,10.084902625329516,26.433251357072198,-0.570820541462774,NU204_E_plastic_a,174,1000,2,IR
-0.00362648135,0.25988901778387863,0.2599143184429266,3.6778,7.56441588819866,17.58600474229776,0.09105935263291874,NU204_E_plastic_a,174,1000,2,IR
-0.004032223550000001,0.3068306091685181,0.3068571028173881,3.9482,7.102654558063234,9.992679792999382,-0.2420381854788304,NU204_E_plastic_a,174,1000,2,IR
-0.0027866854999999994,0.27511852241863,0.27513263527594495,5.5358,10.990699074892268,27.330700721274557,-0.8151341781747176,NU204_E_plastic_a,174,1000,2,IR
-0.0074685595,0.26415432880134565,0.2642598887563046,3.4328,6.9060802552709015,11.750441507432964,-0.9160347339973945,NU204_E_plastic_a,174,1000,2,IR
0.004860959800000002,0.3476938646421468,0.3477278424860004,5.211,7.963411788377241,16.47223610730164,-0.16595634101309725,NU204_E_plastic_a,174,1000,2,IR
-0.003313900649999996,0.3455858040994479,0.345601692606648,5.6834,8.471602028096319,19.16717866773926,-0.0956609886762527,NU204_E_plastic_a,174,1000,2,IR
-0.0001982020499999999,0.2840652073466543,0.2840652764928342,3.2994000000000003,5.819085037103077,8.775361166327306,-0.25957973090395564,NU204_E_plastic_a,174,1000,2,IR
-0.00021560865000000006,0.3164232542189974,0.3164233276761216,5.1853,9.321373432425917,16.590407277279887,0.21786059706735508,NU204_E_plastic_a,174,1000,2,IR
-0.002224877149999999,0.27331571028478036,0.27332476573996467,3.7761000000000005,7.925004505668474,11.090878368290747,-0.5949505135476153,NU204_E_plastic_a,174,1000,2,IR
-0.0032861642000000008,0.27378352651782467,0.27380324736512124,5.3408999999999995,12.33878718572993,37.46175087918829,-1.9393637834630468,NU204_E_plastic_a,174,1000,2,IR
-0.001400164000000003,0.2884529263842503,0.28845632459501497,4.7519,9.407316701444568,23.85678995911957,0.6378656644886548,NU204_E_plastic_a,174,1000,2,IR
-0.00045976754999999957,0.32279379135998826,0.32279411879208036,4.0975,7.021193596962168,11.618210509804229,-0.7271525059538291,NU204_E_plastic_a,174,1000,2,IR
-0.0020149901000000013,0.2844862487691337,0.28449338467499824,4.0885,7.768897693438128,16.488281910836218,-0.4855804704999811,NU204_E_plastic_a,175,1000,2,IR
0.0024467430000000004,0.30410518859669683,0.3041150313331135,6.1396,10.157669571473246,38.805797009006746,-0.5785534782610554,NU204_E_plastic_a,175,1000,2,IR
-0.005552445449999999,0.29006709895951466,0.2901202363663454,3.8856,7.431746323539507,11.43415897906884,-0.49642800614389393,NU204_E_plastic_a,175,1000,2,IR
-0.0008870450999999983,0.26686048766454695,0.2668619619308253,4.0933,8.741598027390273,19.332599811393827,-0.7227297684153945,NU204_E_plastic_a,175,1000,2,IR
-0.0004886219499999993,0.30719331774569614,0.307193706346693,4.4805,8.651544433011821,14.309332384732429,-0.6639213474272164,NU204_E_plastic_a,175,1000,2,IR
-0.002402818200000001,0.23416381418939045,0.23417614184845054,3.0141999999999998,7.332087660369663,14.53443052680992,-0.7748454358834941,NU204_E_plastic_a,175,1000,2,IR
-0.0010396313000000002,0.2692924777490908,0.26929448454337956,4.0579,8.744330594044063,20.42485232130121,0.9064149957398188,NU204_E_plastic_a,175,1000,2,IR
-0.004409613249999999,0.3168005664791195,0.31683125415669716,5.4555,9.58017859721255,19.357320903222888,-0.6099785516184559,NU204_E_plastic_a,175,1000,2,IR
-0.0013943392999999989,0.2521793093527175,0.25218316408455405,5.0906,11.99881844208066,31.110344515390096,-1.2976803638833398,NU204_E_plastic_a,175,1000,2,IR
-0.004357384749999998,0.3031218276453962,0.3031531447914483,5.011100000000001,9.400529234029541,17.501171374917178,-0.642301563115731,NU204_E_plastic_a,175,1000,2,IR
-0.0027572553499999996,0.2888633180035208,0.28887647696735064,3.6485000000000003,6.389582216514693,11.266531303170385,-0.20372549746629726,NU204_E_plastic_a,175,1000,2,IR
-0.001092279899999995,0.37974907209768866,0.37975064296777106,5.5487,7.949690292574989,14.45824593153009,-0.12249964736821393,NU204_E_plastic_a,175,1000,2,IR
0.0025604691499999986,0.33369577150371765,0.33370559468149386,4.9312000000000005,8.241695805624808,16.663353012338852,-0.671472968515333,NU204_E_plastic_a,175,1000,2,IR
-0.001095583049999999,0.3440230784062827,0.3440248229101423,5.6617,10.01148687721179,19.824272205527826,-1.1095590674933007,NU204_E_plastic_a,175,1000,2,IR
0.00258577885,0.32733420797972446,0.3273444210093928,4.3172,7.548929633137368,12.140732905913655,0.20429146170980375,NU204_E_plastic_a,175,1000,2,IR
-0.0005855578000000036,0.47737506255813195,0.47737542168645164,3.9537,4.669071549862866,3.3553752924597458,-0.419034379540834,NU204_E_plastic_a,176,1000,2,RE
-0.0022807796,0.028391021029210692,0.028482486384879744,0.22734,4.213115329134446,0.4239222539298586,-0.04917758196706517,NU204_E_plastic_a,176,1000,2,RE
0.0005317217500000008,0.5514881411465351,0.5514883974783876,6.0169,6.513645647714239,8.495459285403193,-0.7484183224773365,NU204_E_plastic_a,176,1000,2,RE
-0.0024147931,0.13454550885058372,0.13456717719257658,1.72843,6.584740933756329,12.64752492865272,-0.35581592085503916,NU204_E_plastic_a,176,1000,2,RE
-0.0008155263999999997,0.08955397481137926,0.08955768804422237,2.3767,13.669401552611616,77.55653617541951,1.9904157207182085,NU204_E_plastic_a,176,1000,2,RE
-0.0049112175499999985,0.37421103628005375,0.37424326277384756,3.0991999999999997,4.757066264345344,2.2924784520193517,-0.3696374819672643,NU204_E_plastic_a,176,1000,2,RE
-0.0012037599,0.02827863529556628,0.02830424441804612,0.215315,4.228694404705199,0.8995452146832466,0.23424705731329948,NU204_E_plastic_a,176,1000,2,RE
-0.0024942782999999987,0.47847831335357355,0.47848481456982345,6.365,8.41615005822166,7.780279939752893,-0.6719829210945858,NU204_E_plastic_a,176,1000,2,RE
-0.00196653195,0.05151282913293393,0.051550352212077245,0.76719,9.514386981920415,12.181766590500285,-0.5505265404059909,NU204_E_plastic_a,176,1000,2,RE
-0.003330112250000001,0.2555278541188184,0.25554955268629553,2.9686,7.007642866815458,8.718972653150146,-0.49739470696734767,NU204_E_plastic_a,176,1000,2,RE
-0.0025830927500000013,0.3125356958662543,0.31254637025369353,3.9974,7.05879258239099,10.243133865791496,-0.735514327728153,NU204_E_plastic_a,176,1000,2,RE
-0.0021492492,0.03617408196690483,0.036237873534081026,0.34156,4.811816560814705,2.8637939188567563,-0.07330891547166137,NU204_E_plastic_a,176,1000,2,RE
-0.0015561176000000016,0.4540119298438691,0.4540145966183679,4.430300000000001,5.10754503769667,3.7555355695687966,-0.47689561729095675,NU204_E_plastic_a,176,1000,2,RE
-0.0017335922999999998,0.03220611494979666,0.032252739146034326,0.28922000000000003,4.999575362262734,1.8003765698119425,0.23381043393934928,NU204_E_plastic_a,176,1000,2,RE
-0.0014297062500000018,0.39482946511756445,0.39483205364431007,4.8447,6.989554101618391,10.64038497207928,-0.6009795431480712,NU204_E_plastic_a,176,1000,2,RE
-0.0021535247499999983,0.43507926461372526,0.4350845942637694,4.3753,5.6536131879419065,7.166661247833133,-0.6645320564217941,NU204_E_plastic_a,177,1000,2,RE
-0.0011562282500000001,0.032502755467921786,0.032523314357144124,0.28343999999999997,5.592295975826582,3.3237790416513535,0.7666077350171214,NU204_E_plastic_a,177,1000,2,RE
-0.0002157494500000013,0.335834680684715,0.3358347499864028,3.6621,6.364141888492882,6.4633500628997425,-0.3889120954792185,NU204_E_plastic_a,177,1000,2,RE
-0.00303272975,0.23442841719723923,0.23444803313173557,2.9596999999999998,7.817510667577901,13.537359781993036,-1.0205345951496625,NU204_E_plastic_a,177,1000,2,RE
-0.00178297795,0.034153291499837556,0.03419980015501644,0.40327999999999997,6.734249877370059,3.3739171588184407,0.08894167015146069,NU204_E_plastic_a,177,1000,2,RE
-0.0004602545000000017,0.4473585880120428,0.44735882477306,4.102,5.012307516538862,3.441027545006105,-0.40800165845980807,NU204_E_plastic_a,177,1000,2,RE
-0.0025537217000000004,0.03210388255758467,0.03220529102169766,0.29844000000000004,4.929314251283909,3.6418260694804143,-0.37997958491253725,NU204_E_plastic_a,177,1000,2,RE
-0.002210771699999999,0.3947041745718302,0.39471036588356695,3.1927000000000003,4.7186498277813325,2.8254445236559738,-0.41006452765424417,NU204_E_plastic_a,177,1000,2,RE
-0.0013448056999999997,0.10426119769212223,0.10426987027212868,1.29484,6.340182435008833,13.538706222247587,0.02869065604068638,NU204_E_plastic_a,177,1000,2,RE
-0.0035976909000000005,0.13036738129802003,0.1304170137915881,1.8776899999999999,7.882407134722372,20.441730684722803,-0.7581179466979067,NU204_E_plastic_a,177,1000,2,RE
-0.003017486849999999,0.46255693854519,0.4625667807173236,6.5986,8.637023164102834,15.88043961352269,-1.1893656723674588,NU204_E_plastic_a,177,1000,2,RE
-0.00217297365,0.03459376612533425,0.0346619455486549,0.35531,5.995335712137034,3.3795880883631852,-0.256761789707747,NU204_E_plastic_a,177,1000,2,RE
-9.070829999999864e-05,0.40533070230832496,0.4053307124580564,4.6647,6.443380478527786,5.350521762452221,-0.4323747521246589,NU204_E_plastic_a,177,1000,2,RE
-0.0012559235999999997,0.03641080163522939,0.036432455583024596,0.36984,5.442400102517024,2.084978099137637,0.11963796620082569,NU204_E_plastic_a,177,1000,2,RE
-0.002289813699999999,0.35672950234027023,0.35673685131580896,4.381399999999999,7.73034798571647,11.967411262625232,-0.8781910539364225,NU204_E_plastic_a,177,1000,2,RE
-9.727550000000696e-06,0.4180778545388035,0.4180778546519705,4.305899999999999,5.653014082669879,4.5732490058491155,-0.5112291808567939,NU204_E_plastic_a,178,1000,2,RE
-0.0020301627500000003,0.03327196831451635,0.03333384820739525,0.30172,4.551529696062523,2.37613509290506,-0.12232919153778997,NU204_E_plastic_a,178,1000,2,RE
-0.0004065657000000007,0.4244554658493595,0.42445566056428696,3.8981000000000003,5.836416450911707,3.1305938390015715,-0.43663795816671286,NU204_E_plastic_a,178,1000,2,RE
-0.0023501501500000003,0.031061857481238988,0.031150637167036366,0.29734000000000005,5.050940022713158,2.536445958499323,0.34450758747953325,NU204_E_plastic_a,178,1000,2,RE
-0.0022287483000000014,0.31701182105880266,0.3170196555578267,3.2817,6.28068312198645,7.900149077082794,-0.48684562957614413,NU204_E_plastic_a,178,1000,2,RE
-0.0021575935499999997,0.22403416602761753,0.2240445552956311,2.8523,7.884146069379821,11.314082337794495,-0.6002360872120885,NU204_E_plastic_a,178,1000,2,RE
-0.0021816967500000004,0.03457138094881403,0.03464015273374213,0.46985,8.218497250524257,8.670349810891443,0.5317698946922625,NU204_E_plastic_a,178,1000,2,RE
-0.0018203422499999977,0.41051869374074307,0.4105227296466215,3.3394000000000004,4.663322787627175,1.8534168137524691,-0.37027144602951834,NU204_E_plastic_a,178,1000,2,RE
-0.00220858585,0.027230150501603864,0.027319570783539363,0.21406,4.043621361231655,0.822941980102962,-0.005354703563346992,NU204_E_plastic_a,178,1000,2,RE
-0.004069980300000001,0.48512612188835946,0.48514319419948765,5.8916,7.5136579129277,12.401230700248307,-1.0574470564688936,NU204_E_plastic_a,178,1000,2,RE
-0.001990247349999999,0.13842433474324464,0.13843864176458837,1.70172,6.161357762021787,11.138923343751948,-0.05370817367191526,NU204_E_plastic_a,178,1000,2,RE
-0.0018637446,0.061008056223300466,0.0610365174963269,0.68562,5.8699286049791555,8.690942804090328,0.14605765018797673,NU204_E_plastic_a,178,1000,2,RE
-0.0008155985000000011,0.39408878107207135,0.3940896250445882,4.7659,6.641890153042852,7.404006174756498,-0.6872279934313773,NU204_E_plastic_a,178,1000,2,RE
-0.0017012426000000001,0.03162649705751358,0.03167222035969329,0.23453000000000002,3.872794474368447,0.760163899214938,0.04709703407167878,NU204_E_plastic_a,178,1000,2,RE
-0.0027155294000000005,0.38984075185210504,0.38985020957354477,3.9764,6.160571268198645,4.921821672671508,-0.42348923040220865,NU204_E_plastic_a,178,1000,2,RE
-0.0031972649500000005,0.38035252144396514,0.3803659594021822,4.7125,7.0471605929534755,6.9748315003683246,-0.5083992277983452,NU204_E_plastic_a,179,1000,2,RE
-0.0013684887000000004,0.042888370506939555,0.042910197926163775,0.41266,4.897670254554069,4.47439190676263,0.41326753252889853,NU204_E_plastic_a,179,1000,2,RE
-0.0017988197499999984,0.2221238169280659,0.2221311004771415,2.6969000000000003,6.778879665051473,9.656896396513977,-0.4331765931154572,NU204_E_plastic_a,179,1000,2,RE
-0.003497896049999999,0.36935951027664665,0.3693760727342539,4.821199999999999,8.60180242992051,11.582158558840622,-1.18115142684233,NU204_E_plastic_a,179,1000,2,RE
-0.0019390446000000002,0.03180128006974555,0.031860340676696866,0.31922,5.840803834721989,2.5978407721898007,-0.24246365283111304,NU204_E_plastic_a,179,1000,2,RE
-0.004696519399999998,0.3690840173448871,0.3691138972646728,3.8567,5.83966091760127,7.929989084073412,-0.5919928107090792,NU204_E_plastic_a,179,1000,2,RE
-0.0025287446999999997,0.028192074196720998,0.0283052574139717,0.27422,5.32162621936262,2.4337363928422784,-0.1594851364503111,NU204_E_plastic_a,179,1000,2,RE
-0.001435299900000002,0.3371843005346875,0.33718735535732863,4.1807,7.311068937883348,10.976637813878389,-0.9050625083026419,NU204_E_plastic_a,179,1000,2,RE
-0.001662962599999999,0.2158728038685398,0.21587920903754035,2.7319,6.530040601338594,12.569730256781911,-0.34578494654924286,NU204_E_plastic_a,179,1000,2,RE
-0.0016914065499999997,0.06056313358628902,0.06058674777464188,1.2671899999999998,10.635659177429892,37.97301704082891,0.590441281048617,NU204_E_plastic_a,179,1000,2,RE
-0.00042604725000000175,0.4597378104824416,0.45973800789520175,5.6856,7.329609347348392,9.61650188793156,-0.6637712111391783,NU204_E_plastic_a,179,1000,2,RE
-0.00322939135,0.03985210794159253,0.0399827397245336,0.55687,7.124074087029628,7.739613857844708,-0.10621563143230743,NU204_E_plastic_a,179,1000,2,RE
0.00048044724999999987,0.47875937813890534,0.4787596192093808,4.6075,5.372006946298461,3.0035007804578733,-0.445963907673284,NU204_E_plastic_a,179,1000,2,RE
-0.0020939155499999995,0.05889095074868855,0.058928164424280116,0.67375,6.456505199460027,10.090838337956008,-0.3967252416602112,NU204_E_plastic_a,179,1000,2,RE
-0.002349064400000001,0.20003688874318043,0.20005068098261222,2.4153000000000002,6.775782983302195,13.505180772964835,-0.7450262558317017,NU204_E_plastic_a,179,1000,2,RE
-0.0020049912,0.04361442012558344,0.04366048136018401,0.51531,7.096577736830847,8.688707735274738,-0.7739297006807196,NU204_E_plastic_a,180,1000,2,RE
-0.003214406949999999,0.20722630426419358,0.20725123302657658,2.1931000000000003,5.598519164666251,8.992677689455963,-0.32845753969928454,NU204_E_plastic_a,180,1000,2,RE
-0.0020618528500000004,0.3780924193366237,0.3780980412498805,4.8957,8.52821133201525,16.296306394354467,-1.3400682410704985,NU204_E_plastic_a,180,1000,2,RE
-0.0025167111,0.028831011552003454,0.02894064722622181,0.31296999999999997,6.446296744565078,5.07769079569286,-0.7709041153199161,NU204_E_plastic_a,180,1000,2,RE
-0.0008458685000000011,0.4267534291919696,0.4267542674896464,3.6153000000000004,4.680210960159776,3.2470558234482834,-0.41116368505121526,NU204_E_plastic_a,180,1000,2,RE
-0.00186186095,0.029721425875124538,0.029779685731176838,0.32828,6.506112984166249,3.6010338255492256,0.510006997164654,NU204_E_plastic_a,180,1000,2,RE
-0.0012458425999999985,0.35740650264595075,0.3574086740097307,4.8052,8.916683426416323,15.433853923981918,-1.1406031499337865,NU204_E_plastic_a,180,1000,2,RE
-0.0008537541000000003,0.2570090109622115,0.25701042899430643,5.1308,12.524005397739352,43.549545964492545,-1.4314247115770133,NU204_E_plastic_a,180,1000,2,RE
-0.0021892463500000005,0.05992814314904541,0.05996811770327185,1.07219,9.68481290131127,24.301024521998546,-0.23890742479346128,NU204_E_plastic_a,180,1000,2,RE
-0.0017699239500000006,0.3851864369202317,0.3851905032812886,4.0698,5.461193830274233,7.0789281834893405,-0.3933355120509902,NU204_E_plastic_a,180,1000,2,RE
-0.0025061045,0.03599956066334574,0.03608668629451629,0.50922,9.213924417618985,12.193420561091301,-0.7241602633559352,NU204_E_plastic_a,180,1000,2,RE
7.236509999999918e-05,0.41553014074515543,0.4155301470463923,3.6341,5.02707207851945,3.28434651648824,-0.431634150915417,NU204_E_plastic_a,180,1000,2,RE
-0.0039904730000000005,0.09405800901753043,0.09414262018398237,1.39469,7.67452614541663,20.394957599118,-0.9334220580305955,NU204_E_plastic_a,180,1000,2,RE
-0.003463556649999999,0.2050620515783935,0.2050912997233366,2.2998,6.088507906890577,13.868980945726879,-0.5893472820111025,NU204_E_plastic_a,180,1000,2,RE
-0.0006736126999999976,0.438125001118754,0.43812551895476,5.2596,7.073543689930573,7.766146927356932,-0.6876430210708124,NU204_E_plastic_a,180,1000,2,RE
-0.00134138795,0.01120702458349616,0.01128701562183257,0.103437,5.163543841231739,1.598265532811748,0.1979018991474879,NU204_E_plastic_a,181,500,1,OK
-0.0017779686,0.010980256712979393,0.011123273341310776,0.092187,4.902423803385022,1.1339823372723252,0.2549897259508733,NU204_E_plastic_a,181,500,1,OK
-0.0016085956000000002,0.010010987085248668,0.010139400486486122,0.09062500000000001,4.57679919654523,1.3699821378722277,0.1994133895571134,NU204_E_plastic_a,181,500,1,OK
-0.00207140315,0.009973669147946887,0.010186500247019949,0.12187500000000001,6.212241541790842,3.5955230590787552,-0.17594122804539006,NU204_E_plastic_a,181,500,1,OK
-0.0016328030500000002,0.011164695007935202,0.01128345959448176,0.11843699999999999,6.217596599035121,2.939080667251197,-0.1793291817021213,NU204_E_plastic_a,181,500,1,OK
-0.0014995254999999996,0.010984252583366095,0.011086134652814524,0.104218,5.10204879981682,1.8633516262291145,0.3233927498438714,NU204_E_plastic_a,181,500,1,OK
-0.0015596951999999997,0.010391421908905294,0.01050782082097806,0.072968,3.7769010983483793,0.5188812720897702,0.16243842415544626,NU204_E_plastic_a,181,500,1,OK
-0.00153483685,0.010129583276926282,0.010245202854033809,0.08390600000000001,4.316068762131909,1.0328572915394734,0.1062761636011376,NU204_E_plastic_a,181,500,1,OK
-0.0016578169999999998,0.010856048764671288,0.01098190110984478,0.095937,5.036650707992196,0.48244930502518946,-0.09737003159832482,NU204_E_plastic_a,181,500,1,OK
-0.0014795264499999998,0.01382646317419509,0.013905397600342914,0.124531,4.651934583906093,1.2276029059066849,0.045923564938153506,NU204_E_plastic_a,181,500,1,OK
-0.0015732753,0.010861633462521874,0.010974984129545017,0.134063,7.218142556283052,4.981642896083351,0.6504753458854442,NU204_E_plastic_a,181,500,1,OK
-0.0016296847,0.012049649182597016,0.01215935514922872,0.096875,4.356234302717927,0.9659382158849854,0.07220459180353904,NU204_E_plastic_a,181,500,1,OK
-0.0017860913,0.010874124310519644,0.01101983219711489,0.085781,4.23953824017679,0.6156168231602486,0.07684577990222664,NU204_E_plastic_a,181,500,1,OK
-0.0016598368500000001,0.010954949174044333,0.011079980585475432,0.086094,4.287011121866675,1.3014186555574367,-0.05691330696857866,NU204_E_plastic_a,181,500,1,OK
-0.0016850062,0.01275538158876545,0.012866196227675646,0.113594,5.3192100282745125,2.5137078146588294,0.51524432480037,NU204_E_plastic_a,181,500,1,OK
-0.00128451955,0.013427281153116229,0.013488582936660266,0.125156,5.432816801002238,2.1068815290106997,0.21219483613671608,NU204_E_plastic_a,182,500,1,OK
-0.00205531145,0.011161566447777454,0.011349223353368834,0.077344,4.047677851574226,0.11205511393153023,-0.07227100867107808,NU204_E_plastic_a,182,500,1,OK
-0.00138015125,0.010542453702317404,0.010632410241256801,0.090469,4.95240484567456,1.2036164500417161,-0.07788059667383448,NU204_E_plastic_a,182,500,1,OK
-0.0023187451,0.011003378901131733,0.01124504006576433,0.069062,3.2792235318277267,0.4266926425949502,-0.06270836966537473,NU204_E_plastic_a,182,500,1,OK
-0.00148061865,0.013744612817997263,0.013824131549698972,0.103907,4.419373454336838,0.7424900542472495,-0.05572655949983847,NU204_E_plastic_a,182,500,1,OK
-0.0024310898,0.010984417790060198,0.011250228077788246,0.100469,5.777660643905699,1.971253057809303,-0.3368376736568579,NU204_E_plastic_a,182,500,1,OK
-0.00176437175,0.011261151148376194,0.011398532048416257,0.148907,7.320065394876273,4.316206385997755,0.08690834543291417,NU204_E_plastic_a,182,500,1,OK
-0.0018268720999999998,0.009262721450474562,0.009441158315526756,0.074687,4.501566288757735,0.7464668862857091,0.059526682416702136,NU204_E_plastic_a,182,500,1,OK
-0.00158609425,0.011052037591790685,0.01116526891302836,0.083593,3.9883499758826533,0.3726739579986922,0.013044966168205585,NU204_E_plastic_a,182,500,1,OK
-0.0018032788499999998,0.011036577377037013,0.011182926933955282,0.11296900000000001,6.580924693028518,3.770588945644934,0.621709221639371,NU204_E_plastic_a,182,500,1,OK
-0.00159968565,0.009343929190799316,0.009479873780883767,0.070937,4.367779672709935,0.3920847223413917,-0.0957567388437046,NU204_E_plastic_a,182,500,1,OK
-0.0017018805,0.011301644887716998,0.01142906708372735,0.128125,6.712621374778011,4.2529882091419795,0.38097901883198876,NU204_E_plastic_a,182,500,1,OK
-0.0012176478,0.01115659452392329,0.011222845785988509,0.104688,5.485507078504111,2.6487397713247054,0.47007046990845747,NU204_E_plastic_a,182,500,1,OK
-0.0012613995499999998,0.01155542004035692,0.011624063882043255,0.106875,5.632195475210343,1.9068302579878562,0.38537086114345076,NU204_E_plastic_a,182,500,1,OK
-0.0016517118000000002,0.011782785906298466,0.011897991241546828,0.146562,6.316696530886769,5.147998101211808,0.020284185361363366,NU204_E_plastic_a,182,500,1,OK
-0.00193984115,0.010956507176471852,0.011126905823062964,0.10750100000000001,5.195784067855578,2.041680341778484,-0.2614657123561223,NU204_E_plastic_a,183,500,1,OK
-0.00196530645,0.011231150595470434,0.011401805696491563,0.084063,3.7137977200426793,0.9024399279324591,-0.18226198089081933,NU204_E_plastic_a,183,500,1,OK
-0.00099672275,0.00928213236849405,0.00933549342812754,0.10968800000000001,6.0756295783046115,2.571333458154819,0.0043005083920243685,NU204_E_plastic_a,183,500,1,OK
-0.00196797025,0.010043813328579062,0.010234798145749017,0.061406,3.0074848142251605,-0.12012160897745883,-0.003694130199151836,NU204_E_plastic_a,183,500,1,OK
-0.0021956251,0.01195335914699985,0.012153335528854415,0.097812,4.744047415058466,0.8316698492338479,-0.07033902731400558,NU204_E_plastic_a,183,500,1,OK
-0.00249390495,0.010727192044349163,0.011013274311301908,0.09625,4.63931057701586,0.5131917556566941,-0.03254996760784859,NU204_E_plastic_a,183,500,1,OK
-0.00169748865,0.010826171518633384,0.010958442292029807,0.065781,3.2081201929191465,0.0578650802161067,-0.03883913718054419,NU204_E_plastic_a,183,500,1,OK
-0.0016965681,0.009939092284207215,0.010082851717243739,0.065625,3.316323688745138,0.16716236883650737,-0.0312407949820872,NU204_E_plastic_a,183,500,1,OK
-0.00220093045,0.011628589227572289,0.011835040442235403,0.162341,9.426245777908685,12.931625411751856,-1.2391914217664037,NU204_E_plastic_a,183,500,1,OK
-0.0016928101,0.011201066652970288,0.011328261128652756,0.135468,7.144697591343893,5.322197705000681,0.18632103127679023,NU204_E_plastic_a,183,500,1,OK
-0.00158687125,0.012297474658843413,0.012399437219042343,0.100937,4.700293970640489,0.9984891476883533,0.16327718446868128,NU204_E_plastic_a,183,500,1,OK
-0.0015857887500000001,0.010863152740132625,0.010978288273454906,0.096875,5.479542757631441,0.9544896268306173,-0.07760669307456526,NU204_E_plastic_a,183,500,1,OK
-0.0024237438000000006,0.01255593429476025,0.012787729275456803,0.137969,6.02382161372808,2.7942444946701483,-0.2648636979228206,NU204_E_plastic_a,183,500,1,OK
-0.0018973423500000001,0.008670602575409565,0.008875767967550893,0.073125,4.418659900008829,1.4392117988574986,0.14822813627278858,NU204_E_plastic_a,183,500,1,OK
-0.0018603164,0.015542959275246656,0.015653892811057734,0.120781,4.391878801638132,0.8525114253183959,-0.08218653874692029,NU204_E_plastic_a,183,500,1,OK
-0.0015099929999999998,0.012644067116935555,0.012733911893743415,0.135938,6.368349386793239,3.3345409475342924,0.3261343873491121,NU204_E_plastic_a,184,500,1,OK
-0.0023282750499999997,0.01244605726202017,0.012661959014225939,0.12062500000000001,5.466689626955135,1.8961722830228345,-0.3155141154082493,NU204_E_plastic_a,184,500,1,OK
-0.0015965564,0.01086144961561895,0.010978163785032996,0.103281,4.753709365417628,2.0094719131041376,0.044833784552749154,NU204_E_plastic_a,184,500,1,OK
-0.00111139985,0.010013821528033515,0.010075307996378449,0.10546900000000001,6.125768068051595,3.6093221225256977,0.5874018087269554,NU204_E_plastic_a,184,500,1,OK
-0.0019820449,0.010944703367022059,0.011122726004793968,0.083594,4.0317454534681465,0.8455856205373524,0.10914553738078644,NU204_E_plastic_a,184,500,1,OK
-0.00218875515,0.009859605843558656,0.010099627542488263,0.08203099999999999,4.8733480311961905,1.4911368885453262,-0.28405228861541254,NU204_E_plastic_a,184,500,1,OK
-0.0020315597,0.011771682808460348,0.011945700103286747,0.120937,6.186828679858241,2.699805830996584,-0.32582817978746015,NU204_E_plastic_a,184,500,1,OK
-0.00199640815,0.008344044839230017,0.008579553005866186,0.067968,4.115832139023532,1.1784290189010722,-0.06322843195227257,NU204_E_plastic_a,184,500,1,OK
-0.0025806244000000002,0.010928928580887728,0.011229474708107232,0.10781299999999999,5.329189615325018,1.2848617406880507,-0.08248174626339627,NU204_E_plastic_a,184,500,1,OK
-0.0008646773,0.011227957476265206,0.01126120312941539,0.095781,5.2170269308560036,1.3966887389286837,0.4429760396898561,NU204_E_plastic_a,184,500,1,OK
-0.0016460834,0.01213215982560873,0.01224332032554364,0.081093,3.547812100396979,0.2052661166261398,0.03362835435312413,NU204_E_plastic_a,184,500,1,OK
-0.0018104599499999998,0.01179518961271452,0.011933325740565473,0.113281,5.852852885979326,1.934289626995505,0.24942999014592365,NU204_E_plastic_a,184,500,1,OK
-0.0020224908,0.007998136343661588,0.008249888120931397,0.059376,4.128904477331791,0.14633093114376505,-0.029593047822785844,NU204_E_plastic_a,184,500,1,OK
-0.00170671295,0.013536906870700182,0.013644072585548185,0.105468,3.9050657101044224,0.8625655836371107,-0.04731729335910001,NU204_E_plastic_a,184,500,1,OK
-0.0022376508000000006,0.01138861366824511,0.011606360428113544,0.085781,4.590672530808187,0.71368140312123,-0.2640373649174964,NU204_E_plastic_a,184,500,1,OK
-0.0012154704,0.011234136824766906,0.011299699044260429,0.127969,8.255175614378967,5.210526528945332,0.7977477311987717,NU204_E_plastic_a,185,500,1,OK
-0.0024103060999999997,0.0122381141987282,0.012473211881340348,0.097188,3.895869040170444,0.07034801815314351,-0.06058857076433309,NU204_E_plastic_a,185,500,1,OK
-0.00188843625,0.01021861889362273,0.010391648741341169,0.079063,3.969533711805985,0.32223110912932684,0.06722311364865231,NU204_E_plastic_a,185,500,1,OK
-0.00227968225,0.011784605117040301,0.012003077477277963,0.151562,7.875563594332275,7.803372926875769,-1.1941901100498933,NU204_E_plastic_a,185,500,1,OK
-0.00207265125,0.013099888473701634,0.01326284137082049,0.124062,5.760907324738156,2.416477425189134,-0.2543289275685117,NU204_E_plastic_a,185,500,1,OK
-0.00212218055,0.011003729114257548,0.011206502786630516,0.08765600000000001,4.810242858665101,0.42165678098789616,-0.11876626951513783,NU204_E_plastic_a,185,500,1,OK
-0.0019678154,0.009431387580890356,0.009634488525575708,0.073125,4.524786124792758,0.49683879918206,-0.058146506662473285,NU204_E_plastic_a,185,500,1,OK
-0.0020471832000000002,0.010593854923659647,0.010789843427868174,0.08718799999999999,4.112663941479221,1.214885257817195,0.049579574689248194,NU204_E_plastic_a,185,500,1,OK
-0.00186359005,0.009041392983548968,0.00923145465013112,0.056876,3.622181039423192,-0.1306837777124059,-0.12139276537624209,NU204_E_plastic_a,185,500,1,OK
-0.0011745281,0.012758155639849765,0.012812105665671042,0.138437,7.000176422233917,6.128775875746975,1.0437601072238158,NU204_E_plastic_a,185,500,1,OK
-0.00114734125,0.010920873976405732,0.010980978114561904,0.115469,7.840285182412897,5.029055549929309,0.8835759965901501,NU204_E_plastic_a,185,500,1,OK
-0.0018856183,0.011189144114799626,0.011346915986075247,0.064375,2.9192954315208177,-0.27324928635575896,-0.008388679462636578,NU204_E_plastic_a,185,500,1,OK
-0.0016828141,0.008991446907624,0.009147566932675596,0.067969,4.099450736572148,0.9048808189108586,-0.14276966645870579,NU204_E_plastic_a,185,500,1,OK
-0.0022824924500000005,0.012581025153148906,0.012786397682243131,0.117344,5.718968064128879,2.8270188866933452,-0.35419934800151254,NU204_E_plastic_a,185,500,1,OK
-0.00238780695,0.01166806509318594,0.011909885182036496,0.084843,4.329344843539735,0.5484842354375075,-0.1988755381506395,NU204_E_plastic_a,185,500,1,OK
-0.0018343872,0.06116944119056803,0.06119694038075666,0.9960899999999999,8.530328424133963,20.72001480056934,-0.4898648148365865,NU204_E_plastic_a,186,500,1,OR
-0.00224044295,0.06382568137583185,0.06386499187897397,0.75047,6.637595770830471,9.258819449148833,0.6835728881532194,NU204_E_plastic_a,186,500,1,OR
-0.0015142365500000002,0.06940454655854068,0.06942106305240506,1.12734,8.185988157095965,15.787651484322257,0.6437097352728901,NU204_E_plastic_a,186,500,1,OR
-0.0026596962499999995,0.04826121615136826,0.04833444908707818,0.6175,6.982597430498652,8.853684123142749,-0.47914473901187804,NU204_E_plastic_a,186,500,1,OR
-0.0025234078499999997,0.060793574891644185,0.060845922914221556,0.73672,6.194005809252202,7.337438846991201,-0.1461570631518345,NU204_E_plastic_a,186,500,1,OR
-0.0018760954999999997,0.052294851878496744,0.05232849383766969,0.58031,5.646445718781613,6.459535719995554,0.11276465613558347,NU204_E_plastic_a,186,500,1,OR
-0.0012131538499999997,0.05981898713157059,0.059831287498354715,0.76125,7.761323872777593,10.913511158502724,0.8450877351995226,NU204_E_plastic_a,186,500,1,OR
-0.00263116745,0.05590012557533643,0.055962014630357285,0.6868700000000001,6.511023636421106,8.549874616855599,-0.3339200161307859,NU204_E_plastic_a,186,500,1,OR
-0.00094843195,0.06576505931401326,0.06577189787241557,1.1411,10.638130001315453,24.201703916255283,1.16903520705877,NU204_E_plastic_a,186,500,1,OR
-0.0010504533000000006,0.057721169645080735,0.05773072732377161,0.5989099999999999,6.181803288195342,7.33714925083183,0.6608055736108044,NU204_E_plastic_a,186,500,1,OR
-0.0025279907,0.06546631781860798,0.06551510898797525,0.94062,7.522081663490039,8.329165760742214,-0.4226912713826664,NU204_E_plastic_a,186,500,1,OR
-0.00217183875,0.07233295727380594,0.07236555528378288,1.0884399999999999,8.440203320555128,21.684868369778442,-1.404658087375438,NU204_E_plastic_a,186,500,1,OR
-0.0022338812500000004,0.05356059492418811,0.0536071595411664,0.70984,8.213641680863056,11.988504090619578,-0.5744981339918502,NU204_E_plastic_a,186,500,1,OR
-0.0021056343500000002,0.06101696022830904,0.06105328108725155,0.8403100000000001,8.307334036235861,17.87647709393544,0.8922231336268196,NU204_E_plastic_a,186,500,1,OR
-0.000387294850000001,0.0629565794088031,0.06295777067334712,0.80375,6.6314292188993695,9.872024723420687,0.22125963979330193,NU204_E_plastic_a,186,500,1,OR
-0.0023911030000000008,0.058489735445461294,0.05853859005849612,0.83141,8.89105800942434,15.572885869093074,1.2219526718155995,NU204_E_plastic_a,187,500,1,OR
-0.0021844158499999995,0.06768844741889421,0.06772368556558435,1.14859,8.50883993077951,20.64960369386063,0.1327251444268828,NU204_E_plastic_a,187,500,1,OR
-0.0023098152,0.04934087174457114,0.049394907336408375,0.47953,5.633779168867542,5.726510579593413,-0.37115878121624896,NU204_E_plastic_a,187,500,1,OR
-0.0014584247999999992,0.056792755379591685,0.05681147829887368,0.85703,8.165779414495491,13.70321545232629,-0.4067052042470644,NU204_E_plastic_a,187,500,1,OR
-0.0018553344499999999,0.045935747798670386,0.0459732007994267,0.47937,5.434470423106054,5.5151838869466765,0.04954451282083141,NU204_E_plastic_a,187,500,1,OR
-0.0020318668500000003,0.0720526554196498,0.07208129879461743,1.04141,7.383191048157704,10.851128214683103,0.03956980207392637,NU204_E_plastic_a,187,500,1,OR
-0.0022026455999999994,0.034967312209803605,0.03503661757100819,0.36438,6.105326793217746,5.05316324007207,-0.07293374079779931,NU204_E_plastic_a,187,500,1,OR
-0.0022695504500000003,0.07482683281340001,0.07486124343162899,1.16812,10.924344327073708,19.92050514813164,-1.6334745407272944,NU204_E_plastic_a,187,500,1,OR
-0.0021731206999999995,0.044053787142160114,0.04410735330014169,0.5465599999999999,6.581895722114603,10.149692278241837,-0.24520372418024106,NU204_E_plastic_a,187,500,1,OR
-0.00113529255,0.05836337332813223,0.05837441421901399,0.54516,5.085789792872968,4.917499406337666,0.35105009700082535,NU204_E_plastic_a,187,500,1,OR
-0.0023840610000000003,0.05268656818340253,0.05274047984040385,0.545,5.780000502886319,5.3529477116098025,0.2137728757192374,NU204_E_plastic_a,187,500,1,OR
-0.0015064104,0.03473709471144797,0.0347697428993275,0.40266,6.385724526145243,4.70142256241594,0.231747582887942,NU204_E_plastic_a,187,500,1,OR
-0.00191218785,0.06801104983507589,0.06803792590932548,1.31234,9.858913114046896,29.925311160891958,-0.07508993125628523,NU204_E_plastic_a,187,500,1,OR
0.00011389295000000022,0.08712413897496088,0.0871242134181558,1.68109,12.842583664196763,35.96187759360622,2.2745074035359614,NU204_E_plastic_a,187,500,1,OR
-0.0022671695000000005,0.05373905000661865,0.05378685297687149,0.6375,5.992914293361004,6.757207006586702,0.1650001715635133,NU204_E_plastic_a,187,500,1,OR
-0.00148951995,0.045564661149383956,0.04558900103467532,0.7871900000000001,9.853692553129648,17.416253540370583,-0.13043156994940638,NU204_E_plastic_a,188,500,1,OR
-0.0018923433999999996,0.07092233244825658,0.07094757362619633,0.93187,7.450430972946283,11.24161282941556,0.33330409391406235,NU204_E_plastic_a,188,500,1,OR
-0.0019601266500000004,0.06410384638042492,0.06413380713203573,1.0325,8.817034654372481,18.885302179630695,0.7828211509566428,NU204_E_plastic_a,188,500,1,OR
-0.0023665415499999998,0.05234278492008312,0.052396256088559974,0.49812999999999996,5.162010040237465,4.242048803458679,-0.09736874834066604,NU204_E_plastic_a,188,500,1,OR
-0.0030515676,0.05675743670580808,0.05683941138181482,1.10797,13.305028704817909,35.95014254822867,1.6895228866544487,NU204_E_plastic_a,188,500,1,OR
-0.0025828332500000004,0.04311415926219526,0.04319145466968255,0.61937,9.163386670507547,12.580354006788786,-0.8144291411380852,NU204_E_plastic_a,188,500,1,OR
-0.00161244065,0.053508819947057466,0.05353310916597678,0.7224999999999999,7.498350203337675,9.876433111691352,0.5074245336073786,NU204_E_plastic_a,188,500,1,OR
-0.0031632925,0.0648414759365521,0.06491859072000115,0.80594,6.308362449923385,6.802359323108167,-0.2721004815153953,NU204_E_plastic_a,188,500,1,OR
-0.002046557149999999,0.0603110625949941,0.06034577588784083,0.71734,7.055671979284155,7.820737027685929,-0.6074915314963034,NU204_E_plastic_a,188,500,1,OR
-0.0015811019999999998,0.07963967625245734,0.07965536966916054,1.6139100000000002,12.367778896661322,40.98317197424666,1.6125053204162803,NU204_E_plastic_a,188,500,1,OR
-0.0009561283499999992,0.04805941214840251,0.04806892215841429,0.80437,10.112354889049904,14.917559126082963,1.1446483480207639,NU204_E_plastic_a,188,500,1,OR
-0.002428894550000001,0.0698705659010474,0.06991277070798745,1.0176500000000002,8.132848895016535,12.428025639342465,-0.5239056502442967,NU204_E_plastic_a,188,500,1,OR
-0.0022015690500000002,0.07430723620925124,0.07433984301395434,0.86344,5.944053445432413,5.328335685612613,0.0696262904743159,NU204_E_plastic_a,188,500,1,OR
-0.0018357811000000001,0.0555273761000617,0.05555771403508985,0.8934300000000001,9.581747723885435,18.849737179007214,0.9962657351338319,NU204_E_plastic_a,188,500,1,OR
-0.0026970239999999997,0.04559895092629659,0.045678641223611066,0.70813,11.058997957646895,18.369457826691967,-1.366901857495268,NU204_E_plastic_a,188,500,1,OR
-0.00211780195,0.06023592327759909,0.060273141101192224,0.7217199999999999,7.276707203025205,10.231071504093071,-0.7848349954336049,NU204_E_plastic_a,189,500,1,OR
-0.0021770097499999998,0.049080079016697725,0.04912833731907571,0.71078,7.384943594643635,9.337815548382032,-0.1530611313007258,NU204_E_plastic_a,189,500,1,OR
-0.0009770390499999992,0.092401275914446,0.09240644131186311,1.93029,11.30007805923315,36.338395736624186,1.681175236947993,NU204_E_plastic_a,189,500,1,OR
-0.0028285998500000003,0.03175785222276032,0.0318835718656819,0.38766,8.135224029876822,13.194836261597583,-1.3461664715438717,NU204_E_plastic_a,189,500,1,OR
-0.00166421065,0.05564359377014675,0.05566847514298094,0.71407,7.1433607437357605,7.368988121267325,-0.16264774272734245,NU204_E_plastic_a,189,500,1,OR
-0.0014616753000000005,0.04127737955866718,0.041303251178483574,0.54172,6.665576973839275,11.20386746717171,0.022192680306693333,NU204_E_plastic_a,189,500,1,OR
-0.001572531749999999,0.065580570230743,0.0655994210942,1.09547,9.082092342620934,14.870996071900851,0.18954712846992378,NU204_E_plastic_a,189,500,1,OR
-0.0026146895499999994,0.05097642147148948,0.051043433931131754,0.6815599999999999,7.111002768538698,9.943563032485653,-0.43593109244227557,NU204_E_plastic_a,189,500,1,OR
-0.0022282703999999993,0.044213506173450254,0.044269620702296966,0.69032,8.559142680441804,15.927167240673647,-0.620674445165002,NU204_E_plastic_a,189,500,1,OR
-0.0024667791,0.04911711622209348,0.04917902098560762,0.76656,8.15571339082533,15.29129293254697,-0.08036453186950394,NU204_E_plastic_a,189,500,1,OR
-0.00216844725,0.07593681344100137,0.07596776815893355,1.26266,8.928523457224095,20.07145614563317,0.4689768286621816,NU204_E_plastic_a,189,500,1,OR
-0.002589541250000001,0.06619062316692177,0.06624125843544107,0.87437,7.76042019945929,8.913512424522398,-0.46391180164847984,NU204_E_plastic_a,189,500,1,OR
-0.00234117295,0.05443127662578502,0.05448160208634234,0.7759400000000001,8.262605774451847,12.3596474271939,0.250118746627748,NU204_E_plastic_a,189,500,1,OR
-0.0017973377499999996,0.0454159795032862,0.04545153041681311,0.68437,10.347506358686356,14.313491219261063,-1.0897099050695958,NU204_E_plastic_a,189,500,1,OR
-0.0021521872500000006,0.06715100847341167,0.06718548838071557,1.14907,9.33520042968124,16.6611748398886,-0.5330465161714606,NU204_E_plastic_a,189,500,1,OR
-0.002115426350000001,0.05749974235620985,0.057538642664497985,0.51937,4.654437219897123,3.9819759688396825,-0.04154360248016056,NU204_E_plastic_a,190,500,1,OR
-0.0016201545499999997,0.03845151178656981,0.03848562925870646,0.43047,5.728631810018382,5.940957009663602,0.11122428107206696,NU204_E_plastic_a,190,500,1,OR
-0.0014835881500000004,0.04498485458971444,0.04500931210601393,0.66359,8.97036593336544,17.218831650895513,-0.7888749262599588,NU204_E_plastic_a,190,500,1,OR
-0.0015178201500000003,0.049908115043922785,0.04993118990415888,0.6212500000000001,6.612299859741581,7.644991166450485,0.22464934582799323,NU204_E_plastic_a,190,500,1,OR
-0.00222379265,0.06159020219593075,0.061630335552273506,1.1476600000000001,9.362759342930655,18.607817756477047,0.07005471660569483,NU204_E_plastic_a,190,500,1,OR
-0.0013673604499999995,0.058314061859834405,0.05833009073533845,0.76641,7.023647569123275,9.079483289241146,0.2735223401382907,NU204_E_plastic_a,190,500,1,OR
-0.0024406504,0.05659334640412338,0.056645949825138646,0.72171,7.323383247709266,12.980765575297546,-0.6900905762828471,NU204_E_plastic_a,190,500,1,OR
-0.00200143985,0.04307836265293163,0.04312483148176538,0.49141,6.5725474224716205,8.30535286670242,-0.5758541016680133,NU204_E_plastic_a,190,500,1,OR
-0.0018798214999999994,0.05799519731663181,0.05802565502143789,0.64547,5.808292898640825,9.067827099964045,-0.34539581391664553,NU204_E_plastic_a,190,500,1,OR
-0.003150098200000001,0.0773201289268588,0.07738427137303619,1.26126,9.425429574492906,22.683417108914167,-1.5575861701547014,NU204_E_plastic_a,190,500,1,OR
-0.0021412675,0.03907410762160806,0.03913273454451612,0.42719,5.849578432593292,7.355587060462442,0.18911043811340264,NU204_E_plastic_a,190,500,1,OR
-0.0013924848000000003,0.0654065089901831,0.0654213301011309,0.9642200000000001,10.000102397622927,13.648801181393495,0.634717331936227,NU204_E_plastic_a,190,500,1,OR
-0.0017961166000000001,0.029659643622249484,0.0297139781018907,0.30047,5.305920313307631,6.5885134807003,0.38999282688885717,NU204_E_plastic_a,190,500,1,OR
-0.002241529750000001,0.06112470453167375,0.06116579076333889,0.6475,5.671143880770531,4.704193897054153,-0.20896145906307267,NU204_E_plastic_a,190,500,1,OR
-0.00162811455,0.0394278697458811,0.0394614706984685,0.7185900000000001,10.556119491414869,20.752507446649066,0.8550698256265433,NU204_E_plastic_a,190,500,1,OR
-0.0017760822499999999,0.013273190944596835,0.0133914922996092,0.163438,7.035735666498465,4.67499015532083,-0.11149267312447293,NU204_E_plastic_a,191,500,1,IR
-0.0051263099500000004,0.12629200851326572,0.12639600653508895,1.5617200000000002,6.963511143492162,11.104224241853442,-0.22762349122365003,NU204_E_plastic_a,191,500,1,IR
-0.00139999445,0.018728398298052926,0.01878065193944402,0.3786,10.416571300654827,28.89454220382285,1.0765662081122755,NU204_E_plastic_a,191,500,1,IR
-0.0029851492500000006,0.12842027616640314,0.12845496660970346,2.26736,9.912423268683606,33.169589295949166,-1.3183344458370283,NU204_E_plastic_a,191,500,1,IR
-0.0016335901500000001,0.013824479541381674,0.013920662748887263,0.182969,6.734593150566329,12.210030805821763,0.5216368277257339,NU204_E_plastic_a,191,500,1,IR
-0.00198667465,0.09331608532540138,0.09333723081719611,1.5167199999999998,9.103441280191229,15.57805868946308,-0.33583941498612985,NU204_E_plastic_a,191,500,1,IR
-0.0011495155500000002,0.029899394673314303,0.029921483717060347,0.57968,10.412585249653167,33.98185983995934,0.3590041712936432,NU204_E_plastic_a,191,500,1,IR
-0.0026496887,0.0792836150420629,0.0793278794897792,1.48359,10.451054601892116,25.12358741131749,-1.285035982532687,NU204_E_plastic_a,191,500,1,IR
-0.0022817222500000002,0.022892038801825457,0.02300547102170324,0.42063,10.561400797696486,24.975394132197707,0.8396304080640574,NU204_E_plastic_a,191,500,1,IR
-0.0028278089499999986,0.11747901349400748,0.11751304231864176,2.7998000000000003,13.6180628841241,55.90877073807993,-1.1011157638039493,NU204_E_plastic_a,191,500,1,IR
-0.0012142413500000004,0.08338673343598019,0.0833955735946415,1.3931200000000001,10.70008828450982,25.312912808032873,1.1032485403768992,NU204_E_plastic_a,191,500,1,IR
-0.0014384339,0.08542095160698823,0.08543306189952515,1.51578,10.783296062634978,29.645264126330325,1.456355220283343,NU204_E_plastic_a,191,500,1,IR
-0.00185909515,0.07554932256889538,0.07557219313607194,1.74031,12.951192222749262,50.23306356269895,-0.18894395918656184,NU204_E_plastic_a,191,500,1,IR
0.0008996986499999997,0.06188650320205332,0.06189304271271988,1.06813,8.686921444395292,27.891268641053863,1.5753348028476102,NU204_E_plastic_a,191,500,1,IR
-0.0022708316,0.11240383016075138,0.11242676598996611,2.1859,10.461921497457054,36.68158719768139,-1.0549242734917912,NU204_E_plastic_a,191,500,1,IR
-0.00238853705,0.09893437675098686,0.09896320534595386,1.54703,8.87006435302259,15.635235416281006,-1.0835517641699677,NU204_E_plastic_a,192,500,1,IR
-0.0018621837499999997,0.017197674573277588,0.017298200456900784,0.247184,9.67383864101557,24.68248470255214,-2.493424292430448,NU204_E_plastic_a,192,500,1,IR
-0.0003684404999999997,0.08659107510365753,0.0865918589476476,1.93113,13.472398146635383,51.01394789096104,-1.6718008211969684,NU204_E_plastic_a,192,500,1,IR
-0.0023301206499999998,0.031236708931540725,0.03132349672557891,0.5976600000000001,13.6878077104936,51.46791212488017,-3.9285287202658803,NU204_E_plastic_a,192,500,1,IR
-0.002302850750000001,0.09354772694648864,0.09357606712419353,1.34032,7.861304953366727,12.000144657661842,-0.48840252312151144,NU204_E_plastic_a,192,500,1,IR
-0.0019448623,0.028321436974304,0.028388136283585705,0.72563,12.901516194698885,65.51681940251878,-0.41075175159202565,NU204_E_plastic_a,192,500,1,IR
-0.0009717749499999997,0.07043165159949481,0.07043835527314694,1.33172,11.359720097056883,26.461790628119516,-1.2897409115002159,NU204_E_plastic_a,192,500,1,IR
-0.00167922145,0.018073797322745225,0.018151637235847694,0.33531,10.588025614595454,22.43555731652581,0.10814761968090694,NU204_E_plastic_a,192,500,1,IR
-0.0006032695000000003,0.10286555306758777,0.10286732203178202,1.49109,8.2129094382274,17.910499056615457,-0.09245672710975932,NU204_E_plastic_a,192,500,1,IR
-0.0018437557,0.05035543257138755,0.050389175668320275,0.9670300000000001,11.094843140120698,26.907222009733736,-1.026349864646381,NU204_E_plastic_a,192,500,1,IR
-0.0023084448999999996,0.0771956341134349,0.07723014206921835,1.45422,9.6788634589076,33.84643769808382,-0.8361680088256874,NU204_E_plastic_a,192,500,1,IR
-0.0020023120500000002,0.07645310153426413,0.07647931738551329,2.1041,13.976327673166065,90.59619449089965,-0.5363265210005517,NU204_E_plastic_a,192,500,1,IR
-0.0010186912500000003,0.12389947048799892,0.12390365821503956,3.0282,14.603281501662499,100.91093080716124,2.9407119687593277,NU204_E_plastic_a,192,500,1,IR
-0.004869584149999999,0.10171795108806354,0.10183444615329147,2.3227,12.92391768909779,67.51560183989783,-3.6866386496857353,NU204_E_plastic_a,192,500,1,IR
-0.00045876434999999986,0.07555335590421763,0.07555474871322257,1.63703,11.762993261659316,49.207395364144425,1.4600241737615358,NU204_E_plastic_a,192,500,1,IR
-0.00272906825,0.02565085073838389,0.025795618951984994,0.47,9.661330494293967,21.34388287250397,-0.48660479850759075,NU204_E_plastic_a,193,500,1,IR
-0.0008383941500000001,0.09464689156094441,0.09465060478887562,2.04221,12.11719674225258,45.993185715859084,0.48523728682163564,NU204_E_plastic_a,193,500,1,IR
-0.0019071939000000005,0.05041385598058785,0.05044991836865199,0.6942200000000001,8.637873243235616,18.169966990011808,-1.5264009782437018,NU204_E_plastic_a,193,500,1,IR
-0.0015963608499999994,0.07488952693453184,0.07490653918344768,1.5006300000000001,12.911956827044586,43.600789397440884,-1.9876568775000931,NU204_E_plastic_a,193,500,1,IR
-0.0009529870499999997,0.06879450953729291,0.06880110992414405,1.49437,13.013016810151969,48.00990800664998,-1.4964660331716824,NU204_E_plastic_a,193,500,1,IR
-0.0021471581000000006,0.035527949439916724,0.03559277285224734,0.46609,7.089641513672268,9.87387096203691,-0.24858990149883536,NU204_E_plastic_a,193,500,1,IR
0.00015079430000000026,0.09540157468043924,0.09540169385513204,1.76422,10.927478935363993,38.99903245404586,2.1221582283336975,NU204_E_plastic_a,193,500,1,IR
-0.0014040418500000003,0.03375795711941691,0.03378714256034302,0.6332800000000001,11.963722569260566,33.04983133633369,-1.6014153725362403,NU204_E_plastic_a,193,500,1,IR
-0.0021572211000000004,0.10010954978678392,0.10013278964148983,1.29703,7.315286057869799,9.069087344704426,-0.3117096829978349,NU204_E_plastic_a,193,500,1,IR
-0.0019376372999999998,0.019980766861778573,0.020074498317295502,0.27344,8.055992107193413,10.85637608417718,-0.4954664354495778,NU204_E_plastic_a,193,500,1,IR
-0.0020528467500000006,0.06289986313245317,0.062933353333986,1.60547,15.107728249505952,68.2321417101784,-2.094400115740653,NU204_E_plastic_a,193,500,1,IR
-0.00333391895,0.03201776639999898,0.032190874185241886,0.73,14.357795856687048,66.74679469484992,-4.056259102774879,NU204_E_plastic_a,193,500,1,IR
-0.0014329851500000006,0.11085540554623986,0.11086466698304483,1.67312,7.80086229034779,20.488125885943955,-0.39705322908077617,NU204_E_plastic_a,193,500,1,IR
-0.00218374355,0.01985852178848934,0.019978228738205813,0.39078,10.214118712624472,35.349417701387765,1.8394633669393967,NU204_E_plastic_a,193,500,1,IR
-0.002557507099999998,0.13258518896624452,0.1326098532379149,2.09987,8.807791966291486,22.096352543182743,0.2515767537870846,NU204_E_plastic_a,193,500,1,IR
-0.00244923585,0.030059157049875537,0.030158774490983673,0.31813,5.7923441170404875,7.432403673653161,0.21565925664170185,NU204_E_plastic_a,194,500,1,IR
-0.0009773783500000002,0.08771801282217263,0.08772345776307436,1.81829,13.74888804836517,71.04772541059735,-4.477867104604745,NU204_E_plastic_a,194,500,1,IR
-0.003229958749999999,0.06818645793133785,0.0682629158383145,0.8651500000000001,6.974357806918952,12.291399635811755,-0.6002257692902009,NU204_E_plastic_a,194,500,1,IR
-0.0023744649500000007,0.08851016250921717,0.08854200670420123,1.71875,9.771181298051031,43.12402440895118,-0.8495952228324983,NU204_E_plastic_a,194,500,1,IR
-0.0022875020499999997,0.08101776949056234,0.08105005637786224,1.39406,9.552368432546434,21.3417439086606,0.5088962406055143,NU204_E_plastic_a,194,500,1,IR
-0.0009812357,0.028422303977965625,0.02843923674986435,0.445,8.016037912870056,13.266077375078389,0.021168591223987707,NU204_E_plastic_a,194,500,1,IR
-0.0028132266999999996,0.08664345104318666,0.08668911034921674,1.58107,12.580588214674808,34.77405640472481,-2.1769367349278426,NU204_E_plastic_a,194,500,1,IR
-0.00191154615,0.03581362910100033,0.03586460703907959,0.72297,11.719353276114596,49.9079089271384,-2.6327294340988137,NU204_E_plastic_a,194,500,1,IR
-0.0019431198500000004,0.108030380036904,0.10804785386887318,1.4653100000000001,6.8213293796141405,13.399480994266185,-0.3873746384905807,NU204_E_plastic_a,194,500,1,IR
-0.00249406265,0.02501016474027845,0.02513421351142686,0.5475,12.9616150452406,46.41047077370109,-1.819957405288614,NU204_E_plastic_a,194,500,1,IR
-0.0013902874999999998,0.07689691326311439,0.07690948035663481,1.77925,16.096845203729174,76.86163152248635,3.92612025678685,NU204_E_plastic_a,194,500,1,IR
-0.00181531105,0.02512807985145673,0.02519356567120735,0.44313,9.879903593180881,26.065708460513715,0.9463439188427817,NU204_E_plastic_a,194,500,1,IR
-0.0032499449999999997,0.12102640738212331,0.12107003521237904,2.5925000000000002,12.349876642698131,41.71993972732544,-1.8226203937681857,NU204_E_plastic_a,194,500,1,IR
-0.0019819971,0.025355079304636707,0.02543242731334988,0.58922,14.284126148246518,56.81883748512205,2.438562840128701,NU204_E_plastic_a,194,500,1,IR
-0.0024459186,0.07666548476959686,0.07670449186817624,0.91625,6.793474375601646,9.292604041276713,0.05414592579413602,NU204_E_plastic_a,194,500,1,IR
-0.0009778341500000002,0.07047681932972086,0.07048360250766857,1.19469,8.583556720645435,27.102586688623262,1.1353067282651719,NU204_E_plastic_a,195,500,1,IR
-0.0012964039000000003,0.06806474138100424,0.06807708632377656,1.79688,13.71841908095622,67.6052220305149,0.1812192171909337,NU204_E_plastic_a,195,500,1,IR
-0.0008821668499999997,0.06232076101681709,0.06232700435659064,1.3915700000000002,13.620259930080113,60.35503187835953,-1.9177913445878843,NU204_E_plastic_a,195,500,1,IR
-0.0021941066999999993,0.13888560344593817,0.1389029335498476,2.2911,8.379232678929098,20.535840943753442,-0.2546398681297034,NU204_E_plastic_a,195,500,1,IR
-0.0024985994500000006,0.05933823037818314,0.059390812282927044,1.2826499999999998,11.565256873872613,60.27080364798958,-1.0777363492730867,NU204_E_plastic_a,195,500,1,IR
-0.0025426517999999998,0.11526377187103655,0.11529181317038258,1.8378100000000002,8.662800701416758,16.67307474123632,-0.19522794745334077,NU204_E_plastic_a,195,500,1,IR
-0.00206343955,0.013907607866571027,0.01405984848235615,0.187969,7.201357833056287,7.344452192352348,0.16644387512146921,NU204_E_plastic_a,195,500,1,IR
-0.0042893634,0.09678744239893847,0.0968824423954366,1.50203,7.767145226671582,24.755882428163208,-0.8301644252076819,NU204_E_plastic_a,195,500,1,IR
-0.0025356156,0.018264125867609615,0.018439296086858903,0.24655900000000003,8.804023713014432,17.290928514490563,-1.6737184375872816,NU204_E_plastic_a,195,500,1,IR
0.0003721816999999997,0.09355537397558186,0.09355611427869798,1.32375,7.786129272428112,13.4570191233692,-5.677601211626633e-05,NU204_E_plastic_a,195,500,1,IR
-0.00112848325,0.05554951405352838,0.05556097538766466,0.70609,6.799916620684079,14.721614379931165,0.027109732467372295,NU204_E_plastic_a,195,500,1,IR
-0.00144733845,0.06861776479988728,0.06863302728804477,1.70234,13.70054676524218,55.455913199790636,1.1049502587754043,NU204_E_plastic_a,195,500,1,IR
-0.0022170081,0.046616651195324876,0.046669339973713475,0.62687,7.613349582405248,13.30208930685967,-0.0406892355050017,NU204_E_plastic_a,195,500,1,IR
-0.0009425241499999998,0.10858769583108596,0.10859178623486114,1.63219,7.762741817109754,21.508284402120413,-0.5478634036139087,NU204_E_plastic_a,195,500,1,IR
-0.0010897002999999998,0.052615703763028675,0.05262698670095609,0.70907,7.223670284605018,14.862929008347312,0.08696366791974153,NU204_E_plastic_a,195,500,1,IR
-0.0018393892999999998,0.14481312756371387,0.14482480888225407,1.70281,6.850967093674354,8.10061467508733,-0.45902026812115015,NU204_E_plastic_a,196,500,1,RE
-0.0020281462000000007,0.12395102623130128,0.12396761787177049,1.60609,6.717964048171364,11.14529384632078,0.34660098146639495,NU204_E_plastic_a,196,500,1,RE
-0.0018850022499999999,0.011171269682462126,0.011329187958578608,0.077187,3.7651418756540553,0.540567251938135,0.013987801250245459,NU204_E_plastic_a,196,500,1,RE
-0.0018974955499999999,0.012245663150748215,0.012391801941762242,0.103125,4.678012146452707,0.7895116592138791,-0.008401251930734942,NU204_E_plastic_a,196,500,1,RE
-0.00220749945,0.01320037465954422,0.013383682040981379,0.121251,4.973444512218789,2.157559767839956,-0.20882306215493426,NU204_E_plastic_a,196,500,1,RE
-0.002331063199999999,0.17625788252583524,0.17627329635578248,1.6529699999999998,4.813207771910868,5.283056343086404,-0.33128799123072616,NU204_E_plastic_a,196,500,1,RE
-0.001893429250000001,0.11522457255356923,0.11524012840359688,1.60453,7.46406665729776,16.15596605205879,-0.4002284537623122,NU204_E_plastic_a,196,500,1,RE
-0.00175155365,0.012200685413666486,0.012325772379533969,0.11249999999999999,4.626971701562146,1.2013027110140921,0.07100596998217179,NU204_E_plastic_a,196,500,1,RE
-0.0019193702,0.013196127099908403,0.013334982279762691,0.156565,8.038255900997534,7.341967743238699,0.935527649339665,NU204_E_plastic_a,196,500,1,RE
-0.0024085873500000006,0.023209987759056604,0.023334627162184048,0.28547,7.586579325633868,10.763694724981159,-1.0018372809600784,NU204_E_plastic_a,196,500,1,RE
-0.00205855005,0.16475235840396332,0.16476521850189238,1.40875,4.437162203572735,4.117897676071739,0.0014682760442113886,NU204_E_plastic_a,196,500,1,RE
-0.0019097232000000002,0.042640682443441345,0.0426834258459068,0.49438,6.658790721861791,8.404112566474772,0.45701999577002783,NU204_E_plastic_a,196,500,1,RE
-0.00204779955,0.016247676043276385,0.016376216284729433,0.216559,7.7759109788225365,8.322586727581818,-0.47361293942815397,NU204_E_plastic_a,196,500,1,RE
-0.0021626504,0.014833804029822555,0.014990623694423125,0.19469,6.816927839901495,4.348469735459533,0.1611596104699199,NU204_E_plastic_a,196,500,1,RE
-0.0017754804499999994,0.03882461920302175,0.0388651950604648,0.39156,5.479710050822347,5.702881682726479,-0.24572080141359579,NU204_E_plastic_a,196,500,1,RE
-0.0017290719499999994,0.14829592963657728,0.14830600944191358,1.52531,5.936846411775715,5.476375909435941,-0.04516847763939764,NU204_E_plastic_a,197,500,1,RE
-0.0021087587000000003,0.014751577303605004,0.014901540061317824,0.16249999999999998,5.924286995621634,2.182383028455164,0.07505568487931952,NU204_E_plastic_a,197,500,1,RE
-0.0019631294,0.012677980157515653,0.01282907081263117,0.092031,3.8121233185374908,0.06335076710715759,0.03473377650109202,NU204_E_plastic_a,197,500,1,RE
-0.0019117099,0.011951869683232913,0.012103793771654407,0.107969,4.957123455004051,1.353847055465323,-0.1731974876733249,NU204_E_plastic_a,197,500,1,RE
-0.0022171803,0.12029149255486954,0.12031192405393965,1.31109,6.257152031435316,8.762930257832167,-0.6586645602020139,NU204_E_plastic_a,197,500,1,RE
-0.0020512682000000007,0.09142707182116735,0.09145008016957244,0.8811,4.944664883415314,6.197997590850619,0.4637689762937215,NU204_E_plastic_a,197,500,1,RE
-0.00227907045,0.013684466491631278,0.013872951570471314,0.11499899999999999,4.572711126234027,1.1306500936439852,-0.03831018199621825,NU204_E_plastic_a,197,500,1,RE
-0.0017167162,0.011198532380799618,0.011329353114593965,0.095782,4.385775559947386,1.0570504717955336,-0.028511710613558023,NU204_E_plastic_a,197,500,1,RE
-0.00222982675,0.01341758259228323,0.013601604683115795,0.131094,4.859279587947816,1.331442893743226,0.09945949298059252,NU204_E_plastic_a,197,500,1,RE
-0.0018370885499999984,0.11682300698407866,0.11683745056762677,1.49047,7.700356312373058,11.331573859745408,-0.19825538943312834,NU204_E_plastic_a,197,500,1,RE
-0.0021015776499999977,0.12691407510599997,0.12693147398746452,1.16937,5.038387878983889,5.033697795436556,-0.002699888389157718,NU204_E_plastic_a,197,500,1,RE
-0.0018996846499999998,0.012174911613622988,0.012322226851059733,0.1,4.146490777809842,0.6516425789968818,0.01083248919469195,NU204_E_plastic_a,197,500,1,RE
-0.0021892199000000004,0.009712402059575376,0.009956075408382562,0.080469,4.3315260512883125,1.0264742129282691,-0.22769169994082625,NU204_E_plastic_a,197,500,1,RE
-0.0018054716000000003,0.014789828285468477,0.014899622425150577,0.144843,4.886835244703468,2.4482993957384043,0.020831740466009056,NU204_E_plastic_a,197,500,1,RE
-0.0019193036499999998,0.14374580684129065,0.14375861960576328,1.33969,5.213809106232899,5.240231045252862,-0.4994378864745077,NU204_E_plastic_a,197,500,1,RE
-0.0013288822499999998,0.0740605482429673,0.07407246947471952,0.9389,7.226841548501336,11.89623770990104,0.7239458678478726,NU204_E_plastic_a,198,500,1,RE
-0.0024192104499999997,0.011592577796659304,0.011842315617014584,0.072656,3.417321519606832,0.10594536856984593,-0.02760531167299878,NU204_E_plastic_a,198,500,1,RE
-0.00166452465,0.012028549824833411,0.012143173110804173,0.09125,3.8215711475537715,0.3564081108409196,-0.10089238035301774,NU204_E_plastic_a,198,500,1,RE
-0.0022034288,0.014250310974285281,0.014419655382168639,0.14625,5.244577487858549,2.5434928431428956,0.0285518686408751,NU204_E_plastic_a,198,500,1,RE
-0.002113754249999999,0.15202075958612338,0.15203545409598157,1.8404600000000002,7.606120604408185,8.832691285595901,-0.6046132098355766,NU204_E_plastic_a,198,500,1,RE
-0.00182828325,0.07124749345404748,0.07127094739882982,0.9442200000000001,6.64941350292449,14.089113828849634,0.1337777729853178,NU204_E_plastic_a,198,500,1,RE
-0.0019110892999999998,0.012007801379975874,0.012158929076753635,0.09531300000000001,4.819009933368594,0.417926258084806,-0.1352549547530104,NU204_E_plastic_a,198,500,1,RE
-0.00201140915,0.012312265478402981,0.01247548187363428,0.13187500000000002,5.39810811976129,3.30975743981303,0.3215936262126517,NU204_E_plastic_a,198,500,1,RE
-0.0015823496499999998,0.018445049823673218,0.018512798097873873,0.32969,10.136771276166625,21.326015454588134,0.15406876356843904,NU204_E_plastic_a,198,500,1,RE
-0.0016186191499999994,0.15111887510989436,0.15112754329516706,1.3787500000000001,4.596713377674655,2.725984509969937,-0.20392736535142086,NU204_E_plastic_a,198,500,1,RE
-0.0027990506,0.02778693396470137,0.02792755598723302,0.33344,6.1040070988642805,9.339586991616692,-0.28367056412100533,NU204_E_plastic_a,198,500,1,RE
-0.00174419845,0.012426920570979768,0.01254872834634739,0.087031,3.4739775056720457,-0.028490065445330615,0.06738146275782654,NU204_E_plastic_a,198,500,1,RE
-0.0023248429,0.01159433495225339,0.011825121457926975,0.098125,4.479362025029537,0.36751271383939077,-0.14583627842497973,NU204_E_plastic_a,198,500,1,RE
-0.0018564471499999998,0.07258944444754296,0.07261317952840012,0.85531,6.517825043247046,10.879337727960396,-0.14386739923861383,NU204_E_plastic_a,198,500,1,RE
-0.0024217809500000024,0.15000716670889933,0.15002671457777547,1.30797,4.761685290586415,3.2532665237406375,0.14979935577075348,NU204_E_plastic_a,198,500,1,RE
-0.0013259390500000002,0.013662925436833893,0.01372711352968269,0.08671799999999999,3.2553821240985226,-0.19608338633987765,0.008364065461266957,NU204_E_plastic_a,199,500,1,RE
-0.0026264030000000002,0.010658994701075286,0.010977803093331562,0.07953099999999999,4.568855860647303,1.1518960829823168,-0.3226003501209605,NU204_E_plastic_a,199,500,1,RE
-0.0014554522000000002,0.013704460487976357,0.013781530334944302,0.115156,4.648395239356334,1.7667164571865355,-0.15569677257389283,NU204_E_plastic_a,199,500,1,RE
-0.0016803297000000002,0.07154952286893022,0.07156925129322136,1.0310899999999998,7.2831556930003805,11.319702411460883,0.35953801046567263,NU204_E_plastic_a,199,500,1,RE
-0.0027587930000000003,0.11449805138601886,0.11453128266989882,1.03172,4.914028611921921,4.510934247344739,0.04780768266977496,NU204_E_plastic_a,199,500,1,RE
-0.0022031179,0.009612215251875583,0.009861460871984942,0.068593,3.5808082046258027,0.718697685751331,-0.08867407905921731,NU204_E_plastic_a,199,500,1,RE
-0.0017645205999999999,0.014592598700532939,0.014698893488375919,0.121562,4.730356067617337,1.5053304637108624,0.26987461848124444,NU204_E_plastic_a,199,500,1,RE
-0.002063743,0.012621349681100314,0.012788960197868316,0.114844,5.277989684513289,1.5324703911652104,0.07320698994913256,NU204_E_plastic_a,199,500,1,RE
-0.0019088676500000007,0.12282456955829077,0.12283940191520236,1.2734299999999998,5.202402405387414,5.749630655038981,-0.00789334878938448,NU204_E_plastic_a,199,500,1,RE
-0.0023332916000000006,0.08965215389990404,0.08968251194398331,0.85593,5.266801629006877,6.206566688188005,0.549814862831085,NU204_E_plastic_a,199,500,1,RE
-0.0021351560000000005,0.013481798053310397,0.01364982673496554,0.098125,4.006497742561863,0.42264267569926295,0.050308397605549844,NU204_E_plastic_a,199,500,1,RE
-0.00185922145,0.011654532978973349,0.011801899989328731,0.084063,3.8659029513259804,0.6515803455389402,-0.14259469824780438,NU204_E_plastic_a,199,500,1,RE
-0.00201078425,0.01364380899524229,0.013791184764142003,0.176715,8.236420724007813,7.4365482701174415,0.786572618620158,NU204_E_plastic_a,199,500,1,RE
-0.0016928248999999976,0.1341747466583537,0.13418542505419676,1.40484,5.451858871442461,6.719976009216099,-0.25152113321137476,NU204_E_plastic_a,199,500,1,RE
-0.0020339040999999996,0.06555996326579876,0.06559150516111732,0.71625,5.681528409579981,7.605758800843672,0.46274006501959053,NU204_E_plastic_a,199,500,1,RE
-0.00173687915,0.012328378016187603,0.01245012665364182,0.142032,6.46330774285431,3.058685825690148,-0.04917578015406515,NU204_E_plastic_a,200,500,1,RE
-0.00230499775,0.015549029988615445,0.015718948699399955,0.160937,5.139084142636313,2.8835008051452977,0.07355970468796096,NU204_E_plastic_a,200,500,1,RE
-0.0015495283499999998,0.014605108066591934,0.014687076623490548,0.105781,3.883073634189698,0.30489394077694065,0.0950679042879324,NU204_E_plastic_a,200,500,1,RE
-0.0015560110000000002,0.1345355272312879,0.13454452518639592,1.06516,4.064676724990191,3.232298259680503,0.08426199688344377,NU204_E_plastic_a,200,500,1,RE
-0.00214551125,0.057882044500894195,0.057921794638351565,0.7979700000000001,7.272737363028444,15.450082627679532,0.05502117127365059,NU204_E_plastic_a,200,500,1,RE
-0.00223766175,0.010862141107170329,0.01109023171712352,0.070781,3.7054230288579197,0.11234516619071355,-0.14766872553012142,NU204_E_plastic_a,200,500,1,RE
-0.00177218135,0.011636193134217895,0.011770370316778802,0.131562,5.9736438283313325,2.193039738812282,0.2561151135570802,NU204_E_plastic_a,200,500,1,RE
-0.0021485697999999998,0.0854541943912695,0.08548120080606234,1.09781,7.735618987152835,15.330271921430857,-0.6958547536292289,NU204_E_plastic_a,200,500,1,RE
-0.0020108049499999994,0.135117566687367,0.13513252814945043,1.3168799999999998,5.30730838696972,4.065850270097543,0.08644683688331795,NU204_E_plastic_a,200,500,1,RE
-0.0020396895,0.021454149170351402,0.021550889770032697,0.32937000000000005,8.982923770933764,12.997826704135065,1.1153554521498055,NU204_E_plastic_a,200,500,1,RE
-0.00196358965,0.013387429315512197,0.013530666945550855,0.083437,3.522073242344511,0.02344343430089868,-0.06774406383255638,NU204_E_plastic_a,200,500,1,RE
-0.0020017141499999998,0.012229609547690076,0.01239234478326287,0.12640600000000002,5.194739262495749,2.771582839843023,-0.07398990626888138,NU204_E_plastic_a,200,500,1,RE
-0.0019376887999999997,0.0938476604386532,0.09386766220426714,0.9075,5.389928630575827,7.297248535769178,-0.39899992930607764,NU204_E_plastic_a,200,500,1,RE
-0.002388226000000001,0.16637785965582758,0.16639499934517663,2.12499,7.400462783412939,8.301509401805616,-0.3797115283213928,NU204_E_plastic_a,200,500,1,RE
-0.00228671455,0.016377215860110223,0.016536089705907725,0.195157,5.952918843009892,7.639590780133213,-0.0037441324532197268,NU204_E_plastic_a,200,500,1,RE
-0.00193063495,0.012638356803281667,0.012784968282996148,0.076094,3.3486981783866265,-0.4337370030075869,-0.05228324578051904,NU204_E_plastic_a,201,500,2,OK
-0.0017751503999999998,0.010059811721753038,0.010215232293968651,0.08046900000000001,4.129910978618561,0.25518719130214373,-0.01481322058209803,NU204_E_plastic_a,201,500,2,OK
-0.00156265405,0.011179608881401938,0.011288292272133217,0.068906,3.155924664348518,-0.20677720422693824,0.06820214940191495,NU204_E_plastic_a,201,500,2,OK
-0.0018371860500000002,0.013911706068233791,0.014032491521866225,0.096093,3.440657699651256,0.021425454373401376,-0.01771961583098226,NU204_E_plastic_a,201,500,2,OK
-0.0022446790000000003,0.014424762383748787,0.014598368184172332,0.09765599999999999,3.414354218990124,0.02795595464574019,0.04537668300494141,NU204_E_plastic_a,201,500,2,OK
-0.00173280785,0.011186171460446639,0.011319587226905957,0.069063,3.2438461989781056,0.029375398963852994,0.173327662147256,NU204_E_plastic_a,201,500,2,OK
-0.0019212437000000002,0.011762078103752767,0.011917955305905874,0.126718,6.306115274887537,2.8338740613724784,-0.002177348011623661,NU204_E_plastic_a,201,500,2,OK
-0.0017103039,0.00993566624627633,0.010081795633107725,0.060625,3.1925860403578046,-0.038634053342978536,0.016571464477705508,NU204_E_plastic_a,201,500,2,OK
-0.00236406825,0.01397899852816304,0.014177489853321797,0.111093,3.9344764536671817,1.5144505477436212,0.05478208707951006,NU204_E_plastic_a,201,500,2,OK
-0.0016693696999999998,0.012894780297679247,0.013002390323348049,0.110625,4.890946850426873,0.47999509788395267,0.06826072537378305,NU204_E_plastic_a,201,500,2,OK
-0.00234936295,0.011286673013734153,0.011528594623360972,0.089063,4.2692974823024015,0.04079495482593787,0.08494647651551192,NU204_E_plastic_a,201,500,2,OK
-0.00215092925,0.011216342825558022,0.01142071989933001,0.08515600000000001,4.720017693732456,0.4891439021771138,-0.07434679521092304,NU204_E_plastic_a,201,500,2,OK
-0.0018679693,0.010933498190609103,0.011091920121863256,0.089062,4.014724187584534,1.833608366930112,0.058169965896534816,NU204_E_plastic_a,201,500,2,OK
-0.00129484895,0.013737675688155962,0.013798563951233023,0.108593,4.00853307601313,0.15841280022740012,0.00769777678928843,NU204_E_plastic_a,201,500,2,OK
-0.0019176549999999999,0.013526721739012192,0.013661976493307621,0.098594,3.636955459873605,1.2766121734938842,0.04637492156401888,NU204_E_plastic_a,201,500,2,OK
-0.0016479643999999997,0.014161600166297509,0.014257163320020748,0.08984400000000001,3.7043133205773744,-0.27094868301167097,0.001434600525239511,NU204_E_plastic_a,202,500,2,OK
-0.0019134312999999998,0.011515200206263254,0.011673091070069872,0.087187,4.336897544627567,0.34895316007505395,0.07527862307076279,NU204_E_plastic_a,202,500,2,OK
-0.0016828157999999999,0.011094856514124252,0.011221751649619367,0.068907,3.369616543000449,-0.2504068975268292,0.03452015333743431,NU204_E_plastic_a,202,500,2,OK
-0.0017554685500000002,0.00915629241462577,0.00932305532602765,0.06125,3.8044395061111973,0.10862248179403933,-0.024367852072156627,NU204_E_plastic_a,202,500,2,OK
-0.0022704667,0.012118995555555175,0.01232984478050616,0.08265600000000001,3.7637132361446457,0.5182993796114461,-0.12465941172472485,NU204_E_plastic_a,202,500,2,OK
-0.00158296335,0.012966028522962584,0.013062299515235534,0.107188,4.868514913918914,1.044771480422007,-0.10104602065301914,NU204_E_plastic_a,202,500,2,OK
-0.00163312135,0.014294721009637147,0.014387707742624864,0.085,3.0190354695149964,0.2868183372572708,0.06156310322268286,NU204_E_plastic_a,202,500,2,OK
-0.00177546165,0.010092726498382228,0.010247701802929646,0.063594,3.186665715688975,0.08823156932294118,0.09883052940010754,NU204_E_plastic_a,202,500,2,OK
-0.0018098410500000002,0.010488397990129255,0.01064340251167889,0.085938,4.932633144559958,0.6638455065068802,-0.17878192265019446,NU204_E_plastic_a,202,500,2,OK
-0.0019237328,0.013828669804154307,0.013961835711614894,0.111093,4.487662030564955,0.345060580873795,-0.04349368092977394,NU204_E_plastic_a,202,500,2,OK
-0.00220672045,0.014314607086162173,0.014483700879804598,0.096719,3.9484383497411426,0.18569496278925524,-0.14182164989565255,NU204_E_plastic_a,202,500,2,OK
-0.00204436385,0.014417766318737818,0.014561985069794486,0.084531,2.961478108465649,-0.1817539387017595,-0.023858748348101096,NU204_E_plastic_a,202,500,2,OK
-0.00164810875,0.010071261299979557,0.01020522251713761,0.072031,3.7970754616008815,0.3872457697959244,-0.023403767655262565,NU204_E_plastic_a,202,500,2,OK
-0.0019760997,0.01069737984224361,0.010878368697262471,0.07359399999999999,3.978629627702508,-0.11111967459344063,-0.13751022898233967,NU204_E_plastic_a,202,500,2,OK
-0.0018167170499999998,0.012789725013255242,0.01291810848206685,0.07968800000000001,3.1931919489036646,-0.16924460086857707,0.04550005930811653,NU204_E_plastic_a,202,500,2,OK
-0.0016478044500000003,0.012352212038233586,0.012461637201544687,0.088906,3.6737548413241563,0.1965957544475243,0.12342855638741214,NU204_E_plastic_a,203,500,2,OK
-0.0020670196500000002,0.011393800673871355,0.011579778237487862,0.077187,3.5352145058764917,-0.044881692729692446,0.10972835832523363,NU204_E_plastic_a,203,500,2,OK
-0.0017693747,0.011501161859300776,0.01163646900665468,0.0975,4.551982218120292,0.5288310215661673,-0.0920104802461614,NU204_E_plastic_a,203,500,2,OK
-0.0017342110000000003,0.014472144970501574,0.014575680699018313,0.16499999999999998,5.7136954163388785,4.020257516147219,0.060445372598649495,NU204_E_plastic_a,203,500,2,OK
-0.0021062349999999997,0.012857274420552553,0.013028650405956098,0.090313,4.161520826072175,0.058180649572818766,-0.011016309398068802,NU204_E_plastic_a,203,500,2,OK
-0.0018614091500000001,0.00965113226156464,0.009828997810250926,0.07781199999999999,3.974158988952179,0.6655801307172284,0.031295836156247786,NU204_E_plastic_a,203,500,2,OK
-0.0018318712499999998,0.010158908703091142,0.010322750520782603,0.064844,3.436002829729433,0.08935484850688358,-0.040044864962355,NU204_E_plastic_a,203,500,2,OK
-0.00207156255,0.012139941403429218,0.012315419143385154,0.088594,4.034617045631644,0.7164397406902774,-0.2001399907486779,NU204_E_plastic_a,203,500,2,OK
-0.00159890395,0.012543199747698826,0.012644696665084438,0.074532,2.990423653610634,-0.0755419733463003,-0.030504439811010534,NU204_E_plastic_a,203,500,2,OK
-0.00230702695,0.01341952437455334,0.013616387471986006,0.107656,5.163777848174345,0.07663593342482633,-0.1305405828201712,NU204_E_plastic_a,203,500,2,OK
-0.00190312435,0.011230679473849281,0.011390787669687399,0.082032,4.08777701334133,0.9483786805769223,-0.11987772595306267,NU204_E_plastic_a,203,500,2,OK
-0.0020081321,0.00869456953868963,0.00892345975472294,0.061092999999999995,4.097289728980819,0.04947895744017394,0.06563445610013895,NU204_E_plastic_a,203,500,2,OK
-0.00167999075,0.012183158689627946,0.012298443990064047,0.073437,3.112670190710902,-0.32925567367421493,0.1191672374821387,NU204_E_plastic_a,203,500,2,OK
-0.0021474947500000003,0.014161398337352846,0.014323300477559546,0.151563,6.228941446825072,3.296725337506885,-0.48781793982852817,NU204_E_plastic_a,203,500,2,OK
-0.0014524926,0.012987871107227128,0.013068838152299537,0.082032,3.383544848033749,-0.07933286384804283,0.14129612875475075,NU204_E_plastic_a,203,500,2,OK
-0.0016229743999999998,0.011370150990292068,0.011485398532271093,0.084063,4.1765202892367315,0.858043867954907,0.17720874392132496,NU204_E_plastic_a,204,500,2,OK
-0.00198390745,0.015094324414264356,0.0152241426127458,0.114219,3.8898085433344063,0.15401780248109898,0.07775253133552017,NU204_E_plastic_a,204,500,2,OK
-0.0018554676499999998,0.014483418066414467,0.014601786160834485,0.099688,3.424238613637013,-0.19043806714688527,-0.014466907508087237,NU204_E_plastic_a,204,500,2,OK
-0.00140030705,0.01068179498216956,0.010773189122789153,0.087188,4.61219045109791,0.41599452750068044,0.21078765125736704,NU204_E_plastic_a,204,500,2,OK
-0.0015501461000000001,0.010236177560320785,0.010352887712023154,0.072813,4.090066576383756,0.6515935565734949,0.2501027935362233,NU204_E_plastic_a,204,500,2,OK
-0.0017748418,0.014119205102517025,0.014230320310589288,0.104687,3.9308321091251393,0.07535902036690434,0.0739603746667434,NU204_E_plastic_a,204,500,2,OK
-0.0019987444499999997,0.011257627598503012,0.011433685255550045,0.07406199999999999,3.334445469494945,-0.00498475283747446,-0.03680625055336753,NU204_E_plastic_a,204,500,2,OK
-0.0016948355499999998,0.009892312092792498,0.010036448878101881,0.088125,4.654933290392609,1.4506933962762991,-0.12176064475303812,NU204_E_plastic_a,204,500,2,OK
-0.0020271839500000002,0.011098582258215231,0.011282198496281986,0.07999999999999999,3.877790309611879,0.46400778514555974,-0.07877016839692388,NU204_E_plastic_a,204,500,2,OK
-0.00167608715,0.010461039373768143,0.01059446142632661,0.07156299999999999,3.7608329859024274,0.18249289140458158,-0.08054549927035971,NU204_E_plastic_a,204,500,2,OK
-0.0017034243000000001,0.017725252286207225,0.017806915031962304,0.111719,3.237843270241424,0.49158370485424063,-0.03884298120153183,NU204_E_plastic_a,204,500,2,OK
-0.0030443732499999994,0.012954624970592625,0.013307536083513639,0.123907,6.833571551435486,4.766710233490039,-1.0196984023007174,NU204_E_plastic_a,204,500,2,OK
-0.0020335944000000002,0.013454607730420409,0.01360742353876001,0.078125,3.238085437297647,-0.04424554876146658,-0.034218992497984525,NU204_E_plastic_a,204,500,2,OK
-0.00125796385,0.013200475999814198,0.013260280527559645,0.095,3.688157267740731,1.0892990551122983,0.049332212011855066,NU204_E_plastic_a,204,500,2,OK
-0.0017762425500000001,0.011968982445607563,0.012100065222125561,0.084531,3.5640303757325063,0.4115510199438486,-0.009860484875212565,NU204_E_plastic_a,204,500,2,OK
-0.0022323352000000003,0.014104670599801188,0.014280232952373536,0.100937,3.763944200298647,0.08199457616751626,-0.027940102776137503,NU204_E_plastic_a,205,500,2,OK
-0.0023990589499999996,0.011923346667447541,0.012162305685917762,0.087032,4.445127543751622,0.5781158760705591,-0.21018178587968764,NU204_E_plastic_a,205,500,2,OK
-0.00182140785,0.01089048320218671,0.011041745828135717,0.08,3.778297440400674,-0.10111032747213011,0.07678107538885452,NU204_E_plastic_a,205,500,2,OK
-0.00194546255,0.012259787879532011,0.012413187478829621,0.08499999999999999,3.9524900500919458,0.504936761668791,-0.15945499829008175,NU204_E_plastic_a,205,500,2,OK
-0.0018281161,0.011572255266386746,0.01171576290411747,0.08468700000000001,3.907641386623692,0.5345251331953391,-0.09028010825735973,NU204_E_plastic_a,205,500,2,OK
-0.0017010988000000001,0.014107455459276438,0.014209645902091648,0.10531299999999999,3.8706101741707757,0.4975790764212924,-0.08112127141249326,NU204_E_plastic_a,205,500,2,OK
-0.0012781231000000002,0.012730021847315557,0.01279402418677896,0.095781,3.8225658546541044,0.9209542389910661,0.05791287647018486,NU204_E_plastic_a,205,500,2,OK
-0.00206468205,0.009424588969801563,0.009648097699406733,0.059375,3.352370696037712,-0.2650989977654703,-0.05581309077701409,NU204_E_plastic_a,205,500,2,OK
-0.0017484278,0.013735815069051862,0.013846646358703793,0.101718,4.1638963331910555,0.20149258657938018,-0.050446958673131786,NU204_E_plastic_a,205,500,2,OK
-0.00181859225,0.012599121832987904,0.012729695547586068,0.096094,4.013764493345558,0.37175383529487505,0.07621513080456181,NU204_E_plastic_a,205,500,2,OK
-0.0019851466499999997,0.01200704408528599,0.012170041696231263,0.078125,3.2995778488117455,0.37652292147428934,-0.022152729750337788,NU204_E_plastic_a,205,500,2,OK
-0.0019190551999999999,0.01008115831240081,0.010262189131970577,0.069688,4.004408754461243,0.5228019830478998,-0.11164202169540938,NU204_E_plastic_a,205,500,2,OK
-0.0015226517500000001,0.011405689237809324,0.011506876871734465,0.08687500000000001,3.992221391787225,0.3455899187518079,-0.07753851191785079,NU204_E_plastic_a,205,500,2,OK
-0.002100936,0.012011573070450598,0.012193925524738537,0.08078099999999999,3.70315530535178,0.5413189654482515,-0.003445652677474312,NU204_E_plastic_a,205,500,2,OK
-0.0015465534000000001,0.01198879303162305,0.012088134089847987,0.09343699999999999,4.200896484317423,0.258339415843472,0.11905636239521901,NU204_E_plastic_a,205,500,2,OK
-0.00234856395,0.07359331498413621,0.07363077999710126,0.95797,6.97955393138891,8.080618382058079,-0.4816400511762719,NU204_E_plastic_a,206,500,2,OR
-0.0018404755499999998,0.04700470874925984,0.04704072698048886,0.51,6.620008235186584,5.978968112125147,-0.4087984531491692,NU204_E_plastic_a,206,500,2,OR
-0.0010664665499999996,0.08381428360387469,0.0838210682760188,1.33547,9.997128612589433,13.886598548447584,0.7881301987255108,NU204_E_plastic_a,206,500,2,OR
-0.0020329486,0.0617755589640984,0.06180900068223916,0.7279599999999999,6.246501249630187,7.889856592017198,-0.3735884262074947,NU204_E_plastic_a,206,500,2,OR
-0.0025226681000000005,0.07934231694436222,0.07938241059858528,0.71031,5.147110007355732,2.8010353057226265,-0.26214968814928125,NU204_E_plastic_a,206,500,2,OR
-0.0016211058,0.053207916031896056,0.05323260572686721,0.48546999999999996,4.763809633914083,3.6498740052368843,0.04865675168524525,NU204_E_plastic_a,206,500,2,OR
-0.00231214755,0.09836932459539056,0.0983964940820875,1.91419,11.337802331344326,38.91820688212462,2.0381282196400394,NU204_E_plastic_a,206,500,2,OR
-0.0021864955000000003,0.08156183899900535,0.08159114132962714,0.90421,6.472761520351851,7.241439473107784,-0.515516145610852,NU204_E_plastic_a,206,500,2,OR
-0.0018934517499999998,0.0784446450704572,0.07846749326797424,0.70157,4.532195246577948,2.8552441090745155,-0.12128698231621693,NU204_E_plastic_a,206,500,2,OR
-0.0018428240499999994,0.07561690090157196,0.07563935286897563,0.79531,6.647465650201688,4.71389709185827,-0.4822304111741909,NU204_E_plastic_a,206,500,2,OR
-0.0026889158499999997,0.05884879414228474,0.058910193009778775,0.90594,7.95974306046092,11.877527218941518,-0.36113558105689536,NU204_E_plastic_a,206,500,2,OR
-0.0020765699,0.05195584088242932,0.051997322472891815,0.66625,8.260617654378846,8.62209853707132,-0.5992182122586716,NU204_E_plastic_a,206,500,2,OR
-0.00220112705,0.07011139190311558,0.07014593526985367,0.76343,5.682296464743273,5.137658263514787,-0.0652091791450028,NU204_E_plastic_a,206,500,2,OR
-0.00153195685,0.058993449555913076,0.05901333732552602,0.8348500000000001,8.022593221400735,10.122833203880253,-0.37629214579817705,NU204_E_plastic_a,206,500,2,OR
-0.00129625815,0.05738354846827862,0.057398187427851084,0.56016,5.618644324010738,3.9106028468630907,-0.19627814959573878,NU204_E_plastic_a,206,500,2,OR
-0.0009826348999999997,0.06656757689667753,0.0665748290665607,0.57031,4.5789077384671115,4.010859894421187,0.00202334708071623,NU204_E_plastic_a,207,500,2,OR
-0.0030646999,0.08551513590358695,0.0855700347907257,1.06812,6.904052352495131,6.592318179812265,-0.05707630158396577,NU204_E_plastic_a,207,500,2,OR
-0.0018451060000000002,0.0718217256668431,0.0718454222196133,0.67172,5.313073376243491,3.9816558531072292,0.09687805297868123,NU204_E_plastic_a,207,500,2,OR
-0.0024293680999999995,0.05685629990514299,0.05690817751667031,0.7806299999999999,8.398968669484919,9.970351849495254,0.22712084060691404,NU204_E_plastic_a,207,500,2,OR
-0.0011740702999999996,0.07993926987958126,0.07994789121640339,2.00062,14.745854856996129,63.06341984593884,2.4556128396089263,NU204_E_plastic_a,207,500,2,OR
-0.0016090426500000002,0.07437920530361439,0.07439660744850358,1.06766,8.938579631608938,11.870838354694518,0.7753597397052278,NU204_E_plastic_a,207,500,2,OR
-0.0016020318499999997,0.08732970777289652,0.0873444008837883,1.04734,7.155581739367156,4.861874269751057,0.17780193577355294,NU204_E_plastic_a,207,500,2,OR
-0.002200326,0.07967394869359382,0.07970432569776684,0.8311,5.626294383324347,4.796954608683991,0.049291740761710105,NU204_E_plastic_a,207,500,2,OR
-0.0021869001000000003,0.062433190158885085,0.06247147961640483,0.60391,5.5726229334991135,3.787793926908244,-0.2769176755074472,NU204_E_plastic_a,207,500,2,OR
-0.0020593825499999998,0.05535194632624013,0.055390242990893374,0.55704,5.554407841297643,6.006612480170258,-0.37201272600534463,NU204_E_plastic_a,207,500,2,OR
-0.00175090015,0.0870419500613312,0.08705955847472777,1.23562,7.507389325776658,10.931479149466677,-0.09859115330528785,NU204_E_plastic_a,207,500,2,OR
-0.0026180355999999997,0.06409733666285139,0.06415078080330575,0.9329700000000001,8.369032976327142,9.730056628152948,-0.48601533881792297,NU204_E_plastic_a,207,500,2,OR
-0.001339227,0.08425905036270218,0.08426969263609492,0.86954,5.4902300640625645,3.68414023696603,-0.15263469069989224,NU204_E_plastic_a,207,500,2,OR
-0.0015168873499999999,0.050027926734243125,0.0500509180790861,0.70468,8.653587518926656,10.081302049164666,-0.3967345970609964,NU204_E_plastic_a,207,500,2,OR
-0.0019953389499999994,0.07157111012009976,0.07159891885600532,0.8973500000000001,6.992144685967,5.466305717569339,-0.27788688908688686,NU204_E_plastic_a,207,500,2,OR
-0.0009172082500000003,0.068792005826844,0.06879812015349263,0.86843,6.811087264514617,6.907964117773892,0.12256105619721545,NU204_E_plastic_a,208,500,2,OR
-0.00220205415,0.06176458298146637,0.06180382474696835,0.64391,5.759190494395088,5.115431154566203,-0.27812732305686777,NU204_E_plastic_a,208,500,2,OR
-0.0012435737500000005,0.050595009816861616,0.05061029039671688,0.5410999999999999,5.665251033979439,4.226944891979218,-0.054515414436437114,NU204_E_plastic_a,208,500,2,OR
-0.0017937999499999997,0.07383873193413547,0.07386051754423156,1.19984,8.27356780480244,19.281838449812224,1.099585612101009,NU204_E_plastic_a,208,500,2,OR
-0.0015193694999999993,0.0665118619132265,0.06652921357450153,0.68234,5.866746035753428,4.261705298115938,-0.1277023639615379,NU204_E_plastic_a,208,500,2,OR
-0.0023242561499999996,0.08258751278510014,0.08262021202272415,0.89531,6.86502716604017,6.033206529387902,-0.48276632463028823,NU204_E_plastic_a,208,500,2,OR
-0.0015297660499999995,0.06335714100188206,0.0633756065067633,0.59407,4.7879620681439565,4.8476911231920345,0.026521696969921522,NU204_E_plastic_a,208,500,2,OR
-0.0020120302,0.06084656539553628,0.060879822486263745,0.72328,6.973246350969343,7.513024490965634,-0.45713330129498525,NU204_E_plastic_a,208,500,2,OR
-0.00140059085,0.06412808741553053,0.06414338040907283,0.58921,4.862076148950316,2.8123617701806136,0.026029894173217296,NU204_E_plastic_a,208,500,2,OR
-0.0024979693,0.04990566454010118,0.049968141888736016,0.6645300000000001,8.52723323090088,9.65591295280505,0.5072289150090447,NU204_E_plastic_a,208,500,2,OR
-0.0023376648500000002,0.08959986792744112,0.08963035763381634,1.09047,6.232151859553124,5.60422398067977,-0.1667467173840842,NU204_E_plastic_a,208,500,2,OR
-0.00188171555,0.058426526001235816,0.058456819909948894,0.67094,7.101994269266484,5.52984357487702,-0.3814938461416862,NU204_E_plastic_a,208,500,2,OR
-0.0019337032999999996,0.07753629162888732,0.0775604005147749,0.86656,5.711290775446888,6.267211907097163,-0.14541123290546537,NU204_E_plastic_a,208,500,2,OR
-0.0020376552999999994,0.06646337923818854,0.06649460744211436,0.85297,6.499624806060176,7.8297587292890345,-0.14056539500748516,NU204_E_plastic_a,208,500,2,OR
-0.0018084091000000004,0.061751825606062793,0.06177829966221598,0.54282,4.474224792707498,2.2332530099946126,-0.07385803674169773,NU204_E_plastic_a,208,500,2,OR
-0.0022139119999999997,0.07282023354701628,0.07285387992540782,0.68703,4.8449032551374325,4.08521070480287,-0.15397849756908144,NU204_E_plastic_a,209,500,2,OR
-0.0017360592499999997,0.07817795076353404,0.07819722429412096,0.77765,5.98243741031574,3.786784326210446,-0.20199619350657122,NU204_E_plastic_a,209,500,2,OR
-0.0020606721,0.06047110265679638,0.06050620320291569,0.80094,7.863325986666322,8.387352013994608,0.3383663579177716,NU204_E_plastic_a,209,500,2,OR
-0.0016226373500000007,0.06457839515280347,0.0645987776392189,0.58343,5.009227911513044,3.652088189837322,-0.13097565723264804,NU204_E_plastic_a,209,500,2,OR
-0.0012762712499999997,0.06354763090070047,0.06356044572999184,0.72891,5.823747705805265,5.692294043304701,0.05042097586117196,NU204_E_plastic_a,209,500,2,OR
-0.0013028458000000002,0.07612110963487859,0.07613225820389007,1.1412499999999999,8.564437931865836,12.74010274316203,0.36970783726960293,NU204_E_plastic_a,209,500,2,OR
-0.00178653255,0.05448091685209949,0.05451020087651106,0.70422,7.458420505934888,7.862176242926267,-0.2580574890667358,NU204_E_plastic_a,209,500,2,OR
-0.0025555698,0.09304509844082308,0.09308018737016557,1.60969,9.86719113862014,24.555636783674238,-0.9483416586932141,NU204_E_plastic_a,209,500,2,OR
-0.0023812252000000003,0.06248808784462015,0.06253344190055495,0.68187,6.181652380733093,6.8018283655121365,-0.39224819423536933,NU204_E_plastic_a,209,500,2,OR
-0.0019430156000000006,0.07893185170871934,0.07895576308154525,0.8839,6.469192115494699,4.3789968134142585,-0.06411909976395438,NU204_E_plastic_a,209,500,2,OR
-0.0017119179000000004,0.05249761640954758,0.05252552133563588,0.6538999999999999,6.693127284802112,6.824144779954558,0.13832058455434218,NU204_E_plastic_a,209,500,2,OR
-0.0022563021,0.07666813455146115,0.0767013282464353,0.81968,5.4309359371408235,4.121769708396144,-0.10801441157743216,NU204_E_plastic_a,209,500,2,OR
-0.0021268877499999997,0.057689999573881455,0.05772919280862623,0.7309300000000001,6.861173363588309,7.491115063098414,-0.019925057061706043,NU204_E_plastic_a,209,500,2,OR
-0.00251724935,0.09070046849974102,0.09073539293110813,1.31703,7.311810513717886,11.778646791976952,-0.3197799388915652,NU204_E_plastic_a,209,500,2,OR
-0.0018437503000000004,0.06762496822246292,0.067650097873232,0.7814,7.887497827421954,7.961299008309778,-0.7877689637519505,NU204_E_plastic_a,209,500,2,OR
-0.0018382897500000004,0.05311896219349929,0.053150761553522094,0.45875,4.553650651953107,3.812927687431971,-0.10105320477285486,NU204_E_plastic_a,210,500,2,OR
-0.0014942056000000004,0.06984060088027035,0.06985658295173255,1.20532,10.928676550461956,19.10005504361458,-1.2554741715933948,NU204_E_plastic_a,210,500,2,OR
-0.00288984395,0.07103127542078018,0.07109003647458681,0.72594,5.681668205985368,5.46777664967126,-0.5023252157907871,NU204_E_plastic_a,210,500,2,OR
-0.0004590509999999998,0.07272970984116683,0.07273115853195877,1.24859,8.68568592541278,26.603282776237336,-0.055882256783909304,NU204_E_plastic_a,210,500,2,OR
-0.0016252653000000002,0.08201345563129087,0.08202955803782622,1.42828,10.26117926433126,18.959832676999714,0.757133629133808,NU204_E_plastic_a,210,500,2,OR
-0.0012256512499999998,0.04882991583222554,0.048845295588918876,0.5457799999999999,6.0235074115663085,6.067122179105235,-0.14934170156015536,NU204_E_plastic_a,210,500,2,OR
-0.0024741483500000006,0.07460907956241959,0.07465009151507628,0.70468,5.3059546473564065,3.171994225432016,-0.18143658706485263,NU204_E_plastic_a,210,500,2,OR
-0.00167689595,0.0473238180403697,0.047353518707115606,0.41344000000000003,4.546863799746444,4.150124062945159,-0.012396495749444441,NU204_E_plastic_a,210,500,2,OR
-0.0020198713500000002,0.06563389897376078,0.06566497220564696,0.63156,5.51328947290511,3.2804869092372035,-0.10524598460351944,NU204_E_plastic_a,210,500,2,OR
-0.0018918611500000004,0.06706961976355094,0.06709629672223485,0.89953,7.645280366569148,7.820068140445494,0.4958549112595381,NU204_E_plastic_a,210,500,2,OR
-0.0029364255999999997,0.07517220103152121,0.07522953145692039,0.73062,5.248470811307685,3.3778450760170466,-0.16501453998401838,NU204_E_plastic_a,210,500,2,OR
-0.00144132405,0.06436337721402684,0.06437951336731443,0.9460899999999999,8.734766241422085,13.100982549806798,0.7784900088047206,NU204_E_plastic_a,210,500,2,OR
-0.0021880818,0.07601118113706733,0.07604266802141775,1.01125,7.1198185714303115,6.901490643597331,-0.19374404327650305,NU204_E_plastic_a,210,500,2,OR
-0.0017676298499999998,0.05299749041237516,0.05302696017401345,0.6975,8.114928681332916,7.9517455885900095,-0.47361737888670813,NU204_E_plastic_a,210,500,2,OR
-0.0022094765500000006,0.07328638109154963,0.07331967976008107,0.95343,7.431019908745406,6.0224764044709325,-0.3794805022722243,NU204_E_plastic_a,210,500,2,OR
-0.0011605733000000003,0.10057372950063326,0.1005804255113848,1.72375,8.887514597945476,17.677837390161393,0.12239084579577952,NU204_E_plastic_a,211,500,2,IR
-0.0005696806999999998,0.04252363633699818,0.04252745211532458,0.8390599999999999,13.274484407603957,39.664245904204485,2.9541019067093233,NU204_E_plastic_a,211,500,2,IR
-0.00282249685,0.08597842651620488,0.08602474245628813,1.39907,11.544701810698712,24.820636861591236,-1.8212065844931649,NU204_E_plastic_a,211,500,2,IR
-0.0013725032499999996,0.033821531681323166,0.033849368833731706,0.67781,13.063463669648904,53.504115268500904,3.3956120579533837,NU204_E_plastic_a,211,500,2,IR
-0.0030275403,0.15926499857438495,0.1592937719158127,2.23765,7.840231196609794,12.737985500537176,-0.8242695227943659,NU204_E_plastic_a,211,500,2,IR
-0.00146984775,0.023611717106046044,0.023657422452670693,0.54906,13.25545928037476,53.45302326620369,2.14551978039716,NU204_E_plastic_a,211,500,2,IR
-0.0025193634500000005,0.11835800111366361,0.1183848116094932,2.1964,12.513429551136841,32.212348942063336,-1.479605764307247,NU204_E_plastic_a,211,500,2,IR
-0.0016885923000000004,0.021514612726931448,0.02158077627763793,0.41344000000000003,12.011616109871108,32.66274246032651,2.190912972610288,NU204_E_plastic_a,211,500,2,IR
-0.0034156150999999995,0.11909723451808299,0.11914620302958297,1.65063,7.36624397323081,10.948459770009334,-0.8420584739587512,NU204_E_plastic_a,211,500,2,IR
-0.0031940668499999994,0.03314793354868465,0.033301464856523695,0.8279700000000001,15.811917051356012,83.30154998403086,-4.198071024018258,NU204_E_plastic_a,211,500,2,IR
-0.0018881506,0.12342505810301747,0.12343949967664937,1.38719,5.661963972883879,6.546502679225037,-0.13656610337516287,NU204_E_plastic_a,211,500,2,IR
-0.00289462775,0.044658163932772894,0.04475187678363319,0.72563,8.52277105257607,17.570018900462365,-0.6934272020939557,NU204_E_plastic_a,211,500,2,IR
-0.0005246547000000003,0.12191120965447641,0.12191233859610738,2.5681000000000003,11.001347488242047,41.296994602126084,1.5661939776027316,NU204_E_plastic_a,211,500,2,IR
-0.0036111277999999994,0.1047692184354679,0.10483143314658405,1.5954899999999999,10.023711099424576,22.324958739913544,-1.5437439502168293,NU204_E_plastic_a,211,500,2,IR
-0.0043400092,0.09788277028586106,0.0979789385464587,1.20812,6.275226177393841,12.008289477792943,-0.5280028708512416,NU204_E_plastic_a,211,500,2,IR
-0.0032719204500000006,0.1315788324726443,0.13161950698242006,2.7121,11.372934258141047,39.1323213116723,-1.6161435585351758,NU204_E_plastic_a,212,500,2,IR
-0.0018245308499999998,0.03711347895597077,0.03715829965213542,0.6349899999999999,8.998528003979438,30.03911706277161,0.3670170676324462,NU204_E_plastic_a,212,500,2,IR
-0.00161525125,0.1570810733230065,0.15708937784875324,2.6471999999999998,9.438575798724939,20.05422143751092,-0.545108280648774,NU204_E_plastic_a,212,500,2,IR
-0.0017835898999999998,0.05145587717883729,0.051486779751456296,0.92422,9.750658371400673,26.277597261738233,-0.3502977853419458,NU204_E_plastic_a,212,500,2,IR
-0.0012057463499999996,0.08625947357762404,0.08626790020714169,1.29546,8.228321290950303,15.435181604067491,0.48671370315010803,NU204_E_plastic_a,212,500,2,IR
-0.00197953045,0.04684842999362525,0.04689023281740114,0.90297,9.933411971184485,30.10615886084188,-0.5080068547394269,NU204_E_plastic_a,212,500,2,IR
-0.0010238997499999996,0.1410835591125678,0.14108727448840833,3.3600000000000003,12.200249854152661,72.13487276957295,-1.1084793020236077,NU204_E_plastic_a,212,500,2,IR
-0.0028729862,0.11414103762548183,0.11417718914006882,2.4503000000000004,11.208018078200421,45.22740150979092,-0.3725352077473459,NU204_E_plastic_a,212,500,2,IR
-0.0016562492999999993,0.11396826161393986,0.11398029574030412,2.4153000000000002,11.919604096268289,38.20236348819446,-1.1703099101064993,NU204_E_plastic_a,212,500,2,IR
-0.0009911893,0.08888930127297255,0.08889482739184387,1.4956299999999998,9.871215522271331,17.6282123373812,-0.5807009668881774,NU204_E_plastic_a,212,500,2,IR
-0.00207720255,0.05587283473880067,0.05591143382335189,1.43516,13.03686831396487,73.00507110671154,1.3306164327799264,NU204_E_plastic_a,212,500,2,IR
-0.0012216669999999996,0.1254148478581455,0.1254207978508376,1.93621,9.694564385135426,17.26833941560887,-1.1694005947220338,NU204_E_plastic_a,212,500,2,IR
-0.0014292163500000002,0.03962071393051538,0.03964648322031656,0.87141,12.42228717395095,50.54847306226182,2.044939452842466,NU204_E_plastic_a,212,500,2,IR
-0.0014204983499999995,0.12243664638024548,0.12244488634648502,1.3604699999999998,5.867456138323444,6.726639639793145,-0.07159506973058043,NU204_E_plastic_a,212,500,2,IR
-0.0016006268000000002,0.017255204942241826,0.017329284571258128,0.31875,10.522073156004609,25.846709974603442,1.3297483731162603,NU204_E_plastic_a,212,500,2,IR
-0.0015817139499999999,0.02392058707923267,0.02397282430659303,0.33109,7.397543056753133,13.237896529416162,-0.04017855941577977,NU204_E_plastic_a,213,500,2,IR
-0.00146434205,0.14447956348339916,0.14448698405736404,1.6823199999999998,7.202032811390556,10.277302649678278,-0.7839780433327515,NU204_E_plastic_a,213,500,2,IR
-0.0021690726499999993,0.07627027572138922,0.07630111293275946,1.07,7.214442605641978,21.116480453671727,-0.7241124921277681,NU204_E_plastic_a,213,500,2,IR
-0.0018145639999999998,0.09438008355536603,0.09439752546771536,1.2486,8.140467625529146,11.95880711999443,0.7173664722710106,NU204_E_plastic_a,213,500,2,IR
-0.0026485437499999993,0.10254726164728338,0.10258145863338101,3.0366999999999997,16.72134538591777,118.87149731770072,2.2812155250306434,NU204_E_plastic_a,213,500,2,IR
-0.003987975299999998,0.10086550088739496,0.10094430749803816,2.03185,10.457251391025844,36.85336995560536,0.5985394504576043,NU204_E_plastic_a,213,500,2,IR
-0.00199322725,0.08085818193431497,0.08088274562966395,1.01,6.711072871899678,12.61120449254131,-0.12385842638194795,NU204_E_plastic_a,213,500,2,IR
-0.0016382521999999996,0.11145586736372849,0.11146790677173339,2.03286,9.914961462972967,31.373183166090982,-0.8735138846920146,NU204_E_plastic_a,213,500,2,IR
-0.0022604649500000003,0.12677998258800263,0.12680013283433272,1.52531,7.241948249374106,11.243835684479926,-0.6631779603084696,NU204_E_plastic_a,213,500,2,IR
-0.00163844365,0.03883069275393322,0.038865244079313174,0.78828,13.580514223013402,52.474540951694344,3.1033787460954776,NU204_E_plastic_a,213,500,2,IR
-0.0013489502999999993,0.151425938564522,0.15143194688393283,2.1936,7.347855078775714,16.088615408446422,-0.229303649642303,NU204_E_plastic_a,213,500,2,IR
-0.0019388974500000003,0.04942893423178433,0.049466947172952545,1.45078,17.90023542192949,133.48080799017237,-3.560757041871383,NU204_E_plastic_a,213,500,2,IR
-0.0036109428,0.132511534814061,0.13256072482708808,1.39875,5.366672526330568,6.823996249937915,-0.3128658875964598,NU204_E_plastic_a,213,500,2,IR
-0.0024154440999999997,0.03015163759718168,0.030248233336709188,0.635,11.606958862417859,47.76124993038611,-1.6370518683358501,NU204_E_plastic_a,213,500,2,IR
-0.0024992700999999997,0.08076707419443864,0.08080573386191546,0.99578,6.282474964802779,7.035871776614304,0.033752114522862274,NU204_E_plastic_a,213,500,2,IR
-0.0025949894,0.04691047247397033,0.046982192346858825,0.8592200000000001,11.124640505094362,32.765098405781586,-2.0691347658161825,NU204_E_plastic_a,214,500,2,IR
-0.0038984975499999994,0.11292339916538234,0.11299067378421829,1.90549,10.583174344845977,23.40194942634659,-1.740625833479568,NU204_E_plastic_a,214,500,2,IR
-0.00200811595,0.09585732097854761,0.09587835269159013,1.1648399999999999,6.805498652014631,12.404389741853077,-0.26667555450377695,NU204_E_plastic_a,214,500,2,IR
-0.00225873465,0.0912663614242684,0.09129430765302017,1.51735,8.696161024818682,22.42530035469898,-0.14017389855587153,NU204_E_plastic_a,214,500,2,IR
-0.0012686830999999997,0.09046355987914938,0.09047245560288873,2.00183,12.432513216365997,37.97178617739304,-0.5412882870810964,NU204_E_plastic_a,214,500,2,IR
-0.0033293384,0.06675545197406857,0.06683842354846417,1.3584399999999999,12.036938594409543,58.76478649816716,-3.3474084868744556,NU204_E_plastic_a,214,500,2,IR
-0.001514881600000001,0.1327046352218073,0.132713281458997,2.04847,8.86572908954498,20.074675269527198,-1.2807471530669294,NU204_E_plastic_a,214,500,2,IR
-0.0012373415499999996,0.07479230183914148,0.07480253624382399,1.5867200000000001,12.443160977404013,53.426596906942585,1.854361384420806,NU204_E_plastic_a,214,500,2,IR
-0.0020190840500000007,0.11494339614357305,0.11496112828873647,1.15313,5.549441011031782,6.91894729130159,-0.39706715212947385,NU204_E_plastic_a,214,500,2,IR
-0.00259889275,0.03252375926254736,0.032627429566150896,0.81938,13.04025495288789,64.35145671351434,-0.9315460704021626,NU204_E_plastic_a,214,500,2,IR
-0.0010113800000000007,0.12513995439356806,0.1251440413089201,2.8806000000000003,12.197144858316161,63.699345401743486,0.8524310721781018,NU204_E_plastic_a,214,500,2,IR
-0.0017276471500000002,0.024127290453915966,0.02418906590429915,0.31203000000000003,6.8212638161721815,10.16295886937913,-0.09375193128130886,NU204_E_plastic_a,214,500,2,IR
-0.0007111494999999996,0.15062621171978635,0.15062789048069833,1.97847,6.924348450154066,10.871088446886835,-0.08966934305433663,NU204_E_plastic_a,214,500,2,IR
-0.0015601355,0.04526575980430644,0.045292637739918894,1.02625,13.488726435147427,59.98334175287336,0.9818218627323814,NU204_E_plastic_a,214,500,2,IR
-0.002174722750000001,0.09790953902790003,0.09793368803274614,1.6862700000000002,10.551016925396448,19.93717841995341,-0.3977914186019552,NU204_E_plastic_a,214,500,2,IR
-0.002655531299999999,0.1328219656324106,0.1328485092161088,3.5244,14.174792108029626,77.00930496208557,1.3879797267186573,NU204_E_plastic_a,215,500,2,IR
-0.0016971779,0.01554231980946479,0.0156347087559676,0.17405900000000002,6.625643087880406,3.20693927259878,0.19575404114008774,NU204_E_plastic_a,215,500,2,IR
-0.0002695425500000003,0.13111724342190595,0.13111752047589065,1.8961,8.645679051019284,13.144906510639792,0.2630806989605457,NU204_E_plastic_a,215,500,2,IR
-0.0014865817,0.02502378614927036,0.02506790374951982,0.41156000000000004,8.695182580002337,24.682282573013914,1.7117862263943764,NU204_E_plastic_a,215,500,2,IR
-0.002609215700000001,0.12004919748767467,0.12007754920885022,1.77297,7.642227927253237,14.438879444153198,0.23298430133498033,NU204_E_plastic_a,215,500,2,IR
-0.0018118672000000003,0.04312594510751439,0.043163989669246054,0.9214100000000001,12.133957125218364,40.386839785722806,-0.5080259094565583,NU204_E_plastic_a,215,500,2,IR
-0.0032058689500000003,0.1790222599929905,0.17905096249035488,3.1216999999999997,9.0683678960255,28.428016852430364,-0.3616512781719345,NU204_E_plastic_a,215,500,2,IR
-0.0025901539000000003,0.07707703288429718,0.07712054133285577,0.98218,7.19445157426068,17.084692377894328,-1.1247262916581728,NU204_E_plastic_a,215,500,2,IR
-0.0017573731,0.08659164103907017,0.08660947210352793,1.2103199999999998,7.025097662213045,14.756815540178561,-0.32590545428882006,NU204_E_plastic_a,215,500,2,IR
-0.00234589965,0.07304797503705406,0.07308563403420636,1.02797,7.1940266640352135,12.812689720960893,0.34756441270448873,NU204_E_plastic_a,215,500,2,IR
-0.0013721609000000002,0.06836659147398183,0.06838036015776618,1.37235,11.018368406683939,41.47857356383755,-0.7069652082302041,NU204_E_plastic_a,215,500,2,IR
-0.00375639425,0.12696050909755663,0.12701606736185858,1.57687,7.737682487051447,13.034849616057123,-1.169435333720559,NU204_E_plastic_a,215,500,2,IR
-0.00147327355,0.02525131565831626,0.025294257795576,0.38609,9.22264657399044,16.327111400479623,0.8766837412459983,NU204_E_plastic_a,215,500,2,IR
-0.00018845594999999948,0.14231801221101548,0.14231813698661122,1.92251,7.350433487605402,8.092979080062104,0.012724798891416242,NU204_E_plastic_a,215,500,2,IR
-0.00168405405,0.020065524259963805,0.02013606967286609,0.41891,11.158582764678053,34.62480526583247,0.5565303753887213,NU204_E_plastic_a,215,500,2,IR
-0.0022837455000000004,0.013835648091623671,0.014022861748730893,0.125469,5.069863860451609,1.228168060871277,-0.10154097666658986,NU204_E_plastic_a,216,500,2,RE
-0.0017420582999999998,0.06525474973867688,0.06527799882485638,0.65703,5.160544227218674,7.685127575843804,-0.13996949864060323,NU204_E_plastic_a,216,500,2,RE
-0.0020714469499999995,0.17362893995619572,0.1736412960179084,1.76234,5.635698548915885,5.134432111762196,0.0033325463087103082,NU204_E_plastic_a,216,500,2,RE
-0.0016350140999999998,0.03389808949402556,0.03393749758677214,0.43734,6.813996801288455,12.545380761118158,0.10353652117121365,NU204_E_plastic_a,216,500,2,RE
-0.0022752978999999998,0.01389008116141517,0.014075202847719282,0.099063,3.729964006060985,0.20809537595798133,-0.0001702471593386481,NU204_E_plastic_a,216,500,2,RE
-0.00188341825,0.013946915135808327,0.014073510795457987,0.11390700000000001,4.329978559412966,0.5558713534736452,0.12423102244268423,NU204_E_plastic_a,216,500,2,RE
-0.0027468681000000004,0.06333290437146633,0.0633924448217932,0.92156,8.062317227814132,17.345449685456803,-0.8856602372457145,NU204_E_plastic_a,216,500,2,RE
-0.0007485394500000004,0.16363027564467453,0.16363198776174653,1.8963999999999999,5.929830794531463,6.471871397067158,-0.08472586753130439,NU204_E_plastic_a,216,500,2,RE
-0.00262156995,0.017424046721037555,0.017620159850002568,0.136718,4.1677828478944985,1.24224159212803,-0.13297621952511757,NU204_E_plastic_a,216,500,2,RE
-0.0019892168,0.014088885254982659,0.01422862154973102,0.10953099999999999,4.0960397882746244,0.7941912062964764,-0.12190790883331527,NU204_E_plastic_a,216,500,2,RE
-0.00194187335,0.015922091719891493,0.016040070973785542,0.16109400000000001,5.182333677690833,1.8720244883185142,-0.11305806978138408,NU204_E_plastic_a,216,500,2,RE
-0.0021082619500000003,0.04932460954233758,0.0493696452787933,0.5173399999999999,5.272673087481469,6.2157892701151205,0.05786706465773893,NU204_E_plastic_a,216,500,2,RE
-0.0022394992500000006,0.13514859801856455,0.1351671517169549,1.3184399999999998,5.258526135761151,3.814265669627142,-0.15547867132161333,NU204_E_plastic_a,216,500,2,RE
-0.0020770247500000003,0.013963169516931852,0.014116803277324775,0.09218799999999999,3.8296913924442877,0.39496828418218133,-0.030657308321839216,NU204_E_plastic_a,216,500,2,RE
-0.0019354624000000001,0.014497901309055261,0.01462652238465863,0.101563,4.091471535487395,0.43777542067102315,-0.12824808282886868,NU204_E_plastic_a,216,500,2,RE
-0.0023407881499999997,0.06919124637036153,0.06923083029581002,0.7726599999999999,5.61758393389567,9.9087154089224,0.3717866393049025,NU204_E_plastic_a,217,500,2,RE
-0.0018915644,0.01270904885696792,0.012849044272946725,0.095938,4.414258274401011,0.47547972802066285,-0.012271508571981714,NU204_E_plastic_a,217,500,2,RE
-0.00224265835,0.0134480607831926,0.013633776267170718,0.101094,4.3893928451870385,0.4681523217088861,0.15236100070341146,NU204_E_plastic_a,217,500,2,RE
-0.0018148298999999999,0.04525485384122642,0.04529122877287279,0.7521899999999999,8.693736307632193,32.002595988043474,-0.105574149153348,NU204_E_plastic_a,217,500,2,RE
-0.0016390468999999998,0.1618095165240355,0.1618178176607339,1.37094,4.577864234661193,1.7114141324766052,-0.00572824696513979,NU204_E_plastic_a,217,500,2,RE
-0.00249828705,0.025506151300814673,0.025628210869357373,0.282189,7.432044358107626,6.370359439892599,-0.7607639824527601,NU204_E_plastic_a,217,500,2,RE
-0.00209577625,0.013724895761528879,0.013883985081917134,0.089062,3.2861602580820395,0.05552125590661561,0.13927557136455904,NU204_E_plastic_a,217,500,2,RE
-0.0018542133999999999,0.013811105034011596,0.013935018105235456,0.115938,4.373011899934689,1.1941899772038393,0.1297192629677359,NU204_E_plastic_a,217,500,2,RE
-0.0022032415999999997,0.1310318822856351,0.13105040423006906,1.09094,4.32207747337905,5.7544102535529795,-0.1981534895175981,NU204_E_plastic_a,217,500,2,RE
-0.002056501549999999,0.14264229441990142,0.1426571181399617,1.44813,5.679071682950636,5.140345533167764,0.07449282885727032,NU204_E_plastic_a,217,500,2,RE
-0.0013565454999999998,0.02793799420594524,0.027970908743639344,0.36702999999999997,7.178172216004883,11.163097479461406,0.443022782407202,NU204_E_plastic_a,217,500,2,RE
-0.00230718005,0.013039886993549426,0.013242421704041052,0.075937,3.1267694780754915,-0.10237182898502972,-0.06016678131500668,NU204_E_plastic_a,217,500,2,RE
-0.00188265095,0.014818035517958735,0.014937153383795136,0.10625000000000001,3.8076197344068223,0.3751967401958769,0.0014719027479393515,NU204_E_plastic_a,217,500,2,RE
-0.0016712337999999997,0.06825593642854626,0.06827639328605466,0.66266,5.103374434852703,5.742733563295358,0.14271722520561458,NU204_E_plastic_a,217,500,2,RE
-0.0024297305000000003,0.1617911377256443,0.16180938117693,2.00458,6.876609946263384,8.86979068517311,0.018747244411847514,NU204_E_plastic_a,217,500,2,RE
-0.0016917274999999998,0.02076780683423538,0.020836596234470976,0.28625,7.926438567099934,7.370207499077406,-0.29117869196227575,NU204_E_plastic_a,218,500,2,RE
-0.0021281148000000002,0.013355808033727722,0.013524292248977948,0.101093,4.136038986012539,0.6113823045741489,0.12636420929923897,NU204_E_plastic_a,218,500,2,RE
-0.0018910963,0.012541506920823203,0.012683281951487557,0.11499999999999999,5.1001783487446,1.9442372405342487,-0.007504843678135332,NU204_E_plastic_a,218,500,2,RE
-0.0022248650000000003,0.08294436030384456,0.08297419436476747,1.4725000000000001,9.343989488968301,30.53238163439279,-0.47494629728412424,NU204_E_plastic_a,218,500,2,RE
-0.0017424877000000005,0.13409677419209792,0.1341080948791353,1.0920299999999998,4.258430488589775,2.676449394705152,-0.10607913918999538,NU204_E_plastic_a,218,500,2,RE
-0.0018795201499999998,0.017812243333170486,0.017911130856379014,0.183907,5.225465703449243,4.054758770345841,-0.03644343652320218,NU204_E_plastic_a,218,500,2,RE
-0.0020812415,0.015474636927889059,0.015613966639880782,0.134843,5.0935807558896675,1.6632416976245024,-0.0696946238049729,NU204_E_plastic_a,218,500,2,RE
-0.00186328055,0.013346303077793834,0.013475741918437645,0.10328100000000001,4.7886788267819265,0.6204470016843713,-0.17096952932089698,NU204_E_plastic_a,218,500,2,RE
-0.0021899841000000003,0.12711159715653933,0.1271304611886726,1.31453,5.592208140776769,9.272173889724924,-0.2782559583314083,NU204_E_plastic_a,218,500,2,RE
-0.0016912245499999998,0.10955763606331172,0.10957068887371103,1.18704,6.017850273443002,7.1499034494890825,0.44230232961330207,NU204_E_plastic_a,218,500,2,RE
-0.0022962523000000005,0.010824739748120723,0.011065611833052883,0.070625,3.6148023808787833,-0.2333792452082264,-0.00290068372917659,NU204_E_plastic_a,218,500,2,RE
-0.0018554776500000001,0.013193840418969299,0.013323671502663127,0.10968800000000001,4.174900288473918,1.0807161113718369,-0.04488145309255709,NU204_E_plastic_a,218,500,2,RE
-0.0023973366,0.016082128733833884,0.016259830484519358,0.141875,4.487685161876211,1.4586942686040985,-0.07496451154390447,NU204_E_plastic_a,218,500,2,RE
-0.0013813922000000007,0.16199354394550536,0.16199943371640096,1.43875,4.680757102691224,4.803416450044111,-0.2099830607314188,NU204_E_plastic_a,218,500,2,RE
-0.00217894115,0.1007374490011432,0.1007610113873074,1.07375,5.590257503816153,7.077943750121857,0.38788357483671526,NU204_E_plastic_a,218,500,2,RE
-0.002502935250000001,0.12671214936470215,0.12673686709670662,1.20656,4.8722997036751465,3.6952808248696156,0.08177846565128677,NU204_E_plastic_a,219,500,2,RE
-0.002150018,0.026147496249752877,0.026235741604367983,0.29235,5.8664246020160355,6.301867385315974,-0.16155435876582352,NU204_E_plastic_a,219,500,2,RE
-0.0019171863,0.011612620072555216,0.011769815132720648,0.07921800000000001,3.6905422481312447,0.1217040370851099,-0.033563746661467164,NU204_E_plastic_a,219,500,2,RE
-0.00217593355,0.01585916598610018,0.01600774289488348,0.176406,6.1786349674327345,5.428830329440258,0.008029774084267633,NU204_E_plastic_a,219,500,2,RE
-0.0025931175500000002,0.10167003909401426,0.10170310274522852,1.30921,6.913456728663938,10.836489599360045,0.026782262932228074,NU204_E_plastic_a,219,500,2,RE
-0.0007153407500000002,0.1909817401031198,0.19098307978772416,2.6186,7.07444869724446,10.223401727795883,-0.10670523752437211,NU204_E_plastic_a,219,500,2,RE
-0.0022210910999999997,0.015695323296982953,0.015851700825820395,0.18937500000000002,6.29863010266803,4.088387058284682,0.4269013689270598,NU204_E_plastic_a,219,500,2,RE
-0.0016915615000000002,0.014281854896012029,0.014381681389150053,0.076875,2.7052469698954527,-0.41523747880912687,-0.0213116095107298,NU204_E_plastic_a,219,500,2,RE
-0.0022493831000000002,0.01618660909827949,0.01634215525660768,0.17844100000000002,6.281913149643535,3.985076523980502,-0.2916090436537513,NU204_E_plastic_a,219,500,2,RE
-0.0016929396999999997,0.06376590292962375,0.06378837214773579,0.6845300000000001,5.609329536914679,7.035624800298528,-0.3039653330471359,NU204_E_plastic_a,219,500,2,RE
-0.0029200590999999996,0.13522226556217398,0.13525379051588388,1.37359,5.199706398745317,5.328676383702781,0.03188201070929628,NU204_E_plastic_a,219,500,2,RE
-0.0017174884499999998,0.012996894574259425,0.013109883109711448,0.08421899999999999,3.384850927246498,-0.21500234493983728,-0.02298960568997934,NU204_E_plastic_a,219,500,2,RE
-0.0023618652000000004,0.014826727036267442,0.015013668500101997,0.11078099999999999,3.9443391200223776,0.27850905378719615,-0.05957782750942271,NU204_E_plastic_a,219,500,2,RE
-0.0017839107,0.012940446734674985,0.013062828907956155,0.087344,3.6362720766456076,0.13191531541818424,0.05793554578344584,NU204_E_plastic_a,219,500,2,RE
-0.0021037435500000008,0.11445590812135369,0.11447524029591694,1.5125000000000002,7.0061438432167815,12.791778790801212,-0.33972573531073647,NU204_E_plastic_a,219,500,2,RE
-0.0021533639999999996,0.16818554743743405,0.16819933217271069,2.2267,6.849016492033996,11.569958627057911,-0.5305778557590379,NU204_E_plastic_a,220,500,2,RE
-0.00180983785,0.10373061909511438,0.10374640644812236,1.18625,6.703557489943179,7.532398158638422,0.49325507048258943,NU204_E_plastic_a,220,500,2,RE
-0.00200328055,0.013275350815075254,0.013425649787825076,0.075937,2.897885809242659,-0.14838033725008914,-0.018857129160389074,NU204_E_plastic_a,220,500,2,RE
-0.0019801513499999998,0.014037796496517025,0.01417676725655509,0.1325,4.695217096776589,2.352115515719486,-0.1807444160818518,NU204_E_plastic_a,220,500,2,RE
-0.0020760978999999997,0.012955669406273478,0.01312095851129158,0.107031,4.620470367910056,0.25050998997153995,0.00823445303378256,NU204_E_plastic_a,220,500,2,RE
-0.0017416409500000004,0.1402057344870569,0.1402165514347497,1.70938,6.989189150440964,10.855747569914067,-0.4005267077651206,NU204_E_plastic_a,220,500,2,RE
-0.0021595228000000012,0.10094079854924341,0.10096389627229459,1.04359,5.56198820304538,5.7180138182844225,0.3363595364402215,NU204_E_plastic_a,220,500,2,RE
-0.0017723396,0.012662169818956065,0.012785606445601633,0.105156,4.2039460723812985,1.6839815083592553,-0.05640094036461767,NU204_E_plastic_a,220,500,2,RE
-0.0024679669999999997,0.013869244203229533,0.014087114533569499,0.091875,4.115037175417313,0.047660048917124165,-0.06399001361878123,NU204_E_plastic_a,220,500,2,RE
-0.0015896868500000002,0.014447318981140742,0.014534515128613425,0.209845,9.664581085574932,10.560873504022743,-0.9583143933098379,NU204_E_plastic_a,220,500,2,RE
-0.0016038256999999997,0.13502091506485994,0.13503044013046875,1.2129699999999999,4.834539525822797,4.077935016824507,0.04316535209994717,NU204_E_plastic_a,220,500,2,RE
-0.0025054618999999995,0.0690137072938626,0.06905917125027852,0.73546,5.699315425804688,5.994986507091655,-0.12374386626556805,NU204_E_plastic_a,220,500,2,RE
-0.00231827475,0.0156760947885969,0.015846587823173875,0.09625,3.1946940606334544,-0.08997927003386375,0.09792645166754432,NU204_E_plastic_a,220,500,2,RE
-0.00190421635,0.014857445323400997,0.014978975981203037,0.11624999999999999,4.203825420310383,1.3693214573579144,-0.18188843736319396,NU204_E_plastic_a,220,500,2,RE
-0.00242672475,0.02428986219102241,0.024410784466524678,0.208589,4.838844903242741,3.048438116986066,-0.24030210881314748,NU204_E_plastic_a,220,500,2,RE
-0.001708118,0.025703742288315644,0.025760435452959057,0.149531,3.0752197549090825,-0.019726392275566607,-0.016321098690726475,NU204_E_plastic_b,61,1000,1,OK
-0.00208016495,0.022891447361784903,0.02298576621599936,0.147657,3.3308874405373508,-0.10582055192512652,0.055384018917258505,NU204_E_plastic_b,61,1000,1,OK
-0.0023814048500000002,0.02501590338351004,0.02512899741638557,0.14046799999999998,3.040551070699655,-0.2842416937592649,-0.021728654352364783,NU204_E_plastic_b,61,1000,1,OK
-0.0017357838500000001,0.02616696999074552,0.02622447833743309,0.15875,3.145915771458403,-0.17306835808500454,-0.023868076564017963,NU204_E_plastic_b,61,1000,1,OK
-0.0018842156499999999,0.022944783960730655,0.02302201945139278,0.147969,3.3799380703456268,0.029969347438699945,0.060319778552150885,NU204_E_plastic_b,61,1000,1,OK
-0.0019696977,0.029349745754382095,0.029415765923671868,0.185157,3.1764598699368647,-0.11258817022606582,-0.07378269557631618,NU204_E_plastic_b,61,1000,1,OK
-0.00208655955,0.02445943468270181,0.024548272357806617,0.149063,3.0997700730577593,-0.27781663562860226,-0.04912064609662746,NU204_E_plastic_b,61,1000,1,OK
-0.0023410945000000003,0.025778988251991188,0.025885072121866495,0.188593,4.279686742940084,0.27125847273096193,-0.05707759326935124,NU204_E_plastic_b,61,1000,1,OK
-0.0018590613999999997,0.024617286579234825,0.024687383575687907,0.168907,3.6582653533580647,0.09296496637701734,-0.05678177385497055,NU204_E_plastic_b,61,1000,1,OK
-0.00211811595,0.0231946848311644,0.02329119618213484,0.124531,2.737085699741711,-0.2555197727731118,0.026496940474333236,NU204_E_plastic_b,61,1000,1,OK
-0.0019448477000000004,0.0246239668215108,0.024700651299167396,0.146719,2.985751230069223,-0.16456966582354493,-0.09768880511467301,NU204_E_plastic_b,61,1000,1,OK
-0.0021218918,0.024933442627992183,0.025023568612295988,0.173594,3.690281007906456,0.2658469836351478,-0.005805627903817075,NU204_E_plastic_b,61,1000,1,OK
-0.0023476536500000003,0.025335452696481055,0.025443990272675146,0.150781,2.978345738537043,-0.11248430123151865,-0.0441512447037119,NU204_E_plastic_b,61,1000,1,OK
-0.0021635791,0.02257026955561748,0.022673732430616492,0.204531,4.686039244978031,0.7739656817556004,-0.10920822343681183,NU204_E_plastic_b,61,1000,1,OK
-0.0019888963999999997,0.02396699449781255,0.02404937700124704,0.13531300000000002,2.904191655209129,-0.374029418237928,0.064727214010953,NU204_E_plastic_b,61,1000,1,OK
-0.0017903093000000004,0.024228461777392893,0.024294517231018505,0.148281,3.4408586597995745,-0.20549452061889806,0.01998350940355331,NU204_E_plastic_b,62,1000,1,OK
-0.00229890025,0.025637320023584126,0.025740184932341058,0.177031,3.6421649745883733,0.33003131341669345,-0.0007678407548065387,NU204_E_plastic_b,62,1000,1,OK
-0.00178124635,0.02426830649095841,0.024333588689268226,0.143438,3.0500638827980433,-0.09565848292889134,0.07887978275345935,NU204_E_plastic_b,62,1000,1,OK
-0.0021773374,0.02640599955015529,0.026495614927686432,0.174063,3.4852559660166897,0.15579466895260374,0.05459264432357653,NU204_E_plastic_b,62,1000,1,OK
-0.0021696800000000002,0.02307498095862313,0.023176761153000217,0.146407,3.2225382790524937,-0.054773195358000404,0.05148644321986764,NU204_E_plastic_b,62,1000,1,OK
-0.0019518749000000002,0.02538235126987165,0.025457289164646044,0.160312,3.369604652137465,0.08518472986277947,-0.0062568905577079,NU204_E_plastic_b,62,1000,1,OK
-0.0021096964,0.026514274719752793,0.02659807479526845,0.16875,3.195720015612585,-0.11222629335863887,-0.08228041772643765,NU204_E_plastic_b,62,1000,1,OK
-0.0021782877000000003,0.02439495304234728,0.02449201239674478,0.195939,4.204227824647259,0.2050629569304614,-0.007315128833821351,NU204_E_plastic_b,62,1000,1,OK
-0.0020981209500000003,0.027896863004051073,0.027975651502469473,0.173593,3.1109552530820443,-0.10438717645931739,-0.04348177267217126,NU204_E_plastic_b,62,1000,1,OK
-0.0021610925500000003,0.02377377545118091,0.023871797590731148,0.143438,3.4035978937567504,-0.13830866475532044,-0.02667505807258086,NU204_E_plastic_b,62,1000,1,OK
-0.0020356206999999995,0.027223509103937747,0.02729950914515589,0.179219,3.422698902869465,-0.024130465228782594,0.07899306540003885,NU204_E_plastic_b,62,1000,1,OK
-0.0021507928999999998,0.02636612053621597,0.026453699594366,0.176562,3.354918267042754,0.1274788251479353,0.011641199170940223,NU204_E_plastic_b,62,1000,1,OK
-0.0018959380499999998,0.023148417701759006,0.02322592997458977,0.127344,2.771686648088115,-0.23293957484070926,0.08217673827094318,NU204_E_plastic_b,62,1000,1,OK
-0.00178157385,0.026169593544895547,0.026230166444154383,0.174532,3.4252165418501375,0.39256061758132166,0.015746059063827426,NU204_E_plastic_b,62,1000,1,OK
-0.0023209325999999997,0.02620729596450046,0.026309866778542704,0.17828100000000002,3.54547595338173,0.3693605986613142,0.0021658494300462383,NU204_E_plastic_b,62,1000,1,OK
-0.00197671485,0.026711307307924613,0.026784348782387776,0.186093,3.51182702869562,0.22619523233735128,0.1099383266544752,NU204_E_plastic_b,63,1000,1,OK
-0.0018567300999999996,0.024809019960272596,0.024878402642723063,0.169531,3.799721443436415,0.08467875615454323,-0.027266162365166387,NU204_E_plastic_b,63,1000,1,OK
-0.0021042218999999997,0.026198527878833484,0.026282895822615417,0.164375,3.4421245136220837,0.18953347601187032,0.01607351879576302,NU204_E_plastic_b,63,1000,1,OK
-0.0018487479500000003,0.022745409066404768,0.022820418545257175,0.154062,3.4029174287927093,-0.029178954969609094,-0.05024285989568439,NU204_E_plastic_b,63,1000,1,OK
-0.0021153173499999997,0.023825963844020068,0.023919680612160408,0.167656,3.5078227573550227,0.36648065730136414,0.06164425218484518,NU204_E_plastic_b,63,1000,1,OK
-0.00190014665,0.025051670251889518,0.02512362911087712,0.169063,3.700460613779306,0.0699046295071617,-0.0549717385412748,NU204_E_plastic_b,63,1000,1,OK
-0.00216639365,0.02274926126949471,0.022852180415761043,0.13953100000000002,3.2546128486148262,-0.21830071577784782,-0.03654503266509033,NU204_E_plastic_b,63,1000,1,OK
-0.0021734462500000006,0.025358418619315034,0.025451390207099935,0.165156,3.4133695367165164,0.15806853326094172,-0.026218587885433693,NU204_E_plastic_b,63,1000,1,OK
-0.0022721808000000002,0.023234421821857035,0.023345259968222138,0.165156,4.1362572158734325,0.19586678854182926,-0.08849111915752465,NU204_E_plastic_b,63,1000,1,OK
-0.0019170135,0.026363733807984836,0.026433338817816128,0.185621,4.013492231578975,-0.09503122132738362,-0.02138409010036961,NU204_E_plastic_b,63,1000,1,OK
-0.00215890745,0.02233401061412184,0.022438112921753746,0.151563,3.3912834053984495,0.2874064400984748,-0.04332224770712216,NU204_E_plastic_b,63,1000,1,OK
-0.00208438415,0.023822259987065903,0.023913275145327387,0.156563,3.443443003920351,-0.05366706164807633,-0.13118977604537488,NU204_E_plastic_b,63,1000,1,OK
-0.0019190761,0.025439374947239735,0.025511657154795725,0.164375,3.3869222793219156,-0.11424208501461042,-0.059087769780516754,NU204_E_plastic_b,63,1000,1,OK
-0.00215812875,0.023879156307474118,0.02397648067707931,0.154844,3.264907850918836,0.08604377674962205,-0.07015087535969136,NU204_E_plastic_b,63,1000,1,OK
-0.0020351674500000004,0.023388210739713138,0.023476590641632197,0.151875,3.7737166078490074,-0.11549905058551468,-0.14552246539860114,NU204_E_plastic_b,63,1000,1,OK
-0.00181298345,0.023918769853464427,0.02398738127209747,0.1475,3.3480936951387967,0.012649541991358149,0.00862453188055131,NU204_E_plastic_b,64,1000,1,OK
-0.0019935834,0.02411039561584358,0.024192675575992934,0.166406,3.5392943509302492,0.07879901469122741,-0.17063999609018543,NU204_E_plastic_b,64,1000,1,OK
-0.0020923400000000003,0.024642116489498014,0.024730786314987842,0.148594,3.121130036743757,-0.020220877875673615,-0.08022801427632847,NU204_E_plastic_b,64,1000,1,OK
-0.0022232825499999996,0.027218233595524673,0.02730888546531481,0.17656300000000003,3.267031901148717,0.13038208390646266,0.011936416249629636,NU204_E_plastic_b,64,1000,1,OK
-0.0019550017000000003,0.02385017511605653,0.02393016683421921,0.17296899999999998,3.734825612339535,0.07880803259497693,-0.003976824573157214,NU204_E_plastic_b,64,1000,1,OK
-0.0021304664000000003,0.022283868728068874,0.022385479502823588,0.155157,3.839006441169162,0.14680530106605438,-0.14797299392470636,NU204_E_plastic_b,64,1000,1,OK
-0.0021790564,0.02613983649449474,0.02623050397444357,0.172656,3.395359848471584,0.1833796148878437,0.03346268240007607,NU204_E_plastic_b,64,1000,1,OK
-0.00209376065,0.025342262149252462,0.025428607600514082,0.167657,3.3304222287927354,-0.002823171528116397,-0.031919830891683355,NU204_E_plastic_b,64,1000,1,OK
-0.0019004674,0.02416816266667198,0.024242769293568337,0.145156,3.3450798882747454,-0.12346631212538073,-0.12236312644339749,NU204_E_plastic_b,64,1000,1,OK
-0.0022711008,0.024027242630998348,0.02413433834379192,0.16796899999999998,3.7744560759185726,0.2565478059017616,-0.09142826895972707,NU204_E_plastic_b,64,1000,1,OK
-0.0017964042999999998,0.02521070266846219,0.02527462358664645,0.152032,3.053972287080128,-0.10378580731842835,0.04294669491765638,NU204_E_plastic_b,64,1000,1,OK
-0.00220467295,0.025921163327078528,0.026014751412334166,0.175156,3.4055293704630842,0.5416532078863963,0.06817214673026115,NU204_E_plastic_b,64,1000,1,OK
-0.0018926566,0.023812301159623912,0.02388739909496532,0.151875,3.4340699744615333,-0.05446129673451905,-0.09422847369505499,NU204_E_plastic_b,64,1000,1,OK
-0.0021895239500000006,0.023686426507468234,0.02378740876643182,0.15734399999999998,3.4091144939854807,-0.1618527423475049,-0.04023319918670945,NU204_E_plastic_b,64,1000,1,OK
-0.00193031235,0.023248737154442818,0.023328735178850406,0.147812,3.3019792718910677,-0.006312287978985864,0.07044269305137288,NU204_E_plastic_b,64,1000,1,OK
-0.0018896841000000002,0.025780115256062514,0.02584927946024144,0.163281,3.5784363019585697,0.051893035555222955,-0.015398367137162935,NU204_E_plastic_b,65,1000,1,OK
-0.0020401394499999998,0.024346162136009264,0.024431491557583986,0.163438,3.344822390699798,0.016499528343373093,0.06890548967985805,NU204_E_plastic_b,65,1000,1,OK
-0.0016843685499999999,0.026904913229821022,0.026957586192321217,0.156719,3.0603630240269757,-0.10802854851869581,-0.03745838976314642,NU204_E_plastic_b,65,1000,1,OK
-0.00222344015,0.022989227020035613,0.023096498545869832,0.14374900000000002,3.152512483889919,-0.1390127216792334,-0.015046332055404045,NU204_E_plastic_b,65,1000,1,OK
-0.0021043712499999997,0.026427410753677154,0.02651106217225929,0.155938,3.035298981124994,-0.24688601444122815,0.10170949450138499,NU204_E_plastic_b,65,1000,1,OK
-0.0021726584,0.02509526404035629,0.025189138964607147,0.155157,3.2876471131609226,-0.11462828659004654,0.016879287480812123,NU204_E_plastic_b,65,1000,1,OK
-0.0017045284500000004,0.023546985193734528,0.023608598623188384,0.150625,3.7459656717250938,0.135944387753288,-0.1305254394423211,NU204_E_plastic_b,65,1000,1,OK
-0.00228140665,0.024003268478062802,0.02411144363020654,0.155781,3.402160453687332,-0.09888158116085544,0.04296895670722643,NU204_E_plastic_b,65,1000,1,OK
-0.0019184153500000003,0.02462560929352707,0.02470022166970496,0.16781200000000002,3.605716628415337,-0.11257266987986014,-0.09762973630840838,NU204_E_plastic_b,65,1000,1,OK
-0.00234828165,0.023078334626985886,0.023197498913953254,0.145156,3.4419227821139793,0.10053639388268953,0.04698736300135608,NU204_E_plastic_b,65,1000,1,OK
-0.0015893653999999996,0.028133562319214534,0.028178421019351762,0.185156,3.327013956375214,-0.2484693006003167,-0.0795299525142557,NU204_E_plastic_b,65,1000,1,OK
-0.0022223419999999995,0.025010986670905167,0.025109525248740966,0.137969,2.8188904130534715,-0.3972262511765985,0.039681744737389606,NU204_E_plastic_b,65,1000,1,OK
-0.0020176496999999996,0.025976904996188245,0.02605514351318948,0.17484300000000003,3.6101125273934684,0.11795515383513155,-0.00938022583830786,NU204_E_plastic_b,65,1000,1,OK
-0.00206859535,0.022888458031007045,0.02298174488064848,0.15875,3.569398251786934,0.07098060655872063,-0.04848833745747971,NU204_E_plastic_b,65,1000,1,OK
-0.0021478103,0.024796443787603272,0.024889289134014152,0.15906199999999998,3.5218362215177823,-0.1437188358655126,0.08606804907929627,NU204_E_plastic_b,65,1000,1,OK
-0.0004064686499999999,0.46044055583545496,0.46044073524703066,4.9049,7.230246468557799,11.303020128036597,-1.7840736813643168,NU204_E_plastic_b,66,1000,1,OR
-0.006043907400000001,0.461685625253437,0.46172518382942557,4.4596,6.352263430108966,10.646002220851514,-1.9973697480669736,NU204_E_plastic_b,66,1000,1,OR
-0.0036075763000000035,0.4638310805351823,0.4638451097911836,4.5169,6.424558407744243,9.313092522051063,-1.8604254605263226,NU204_E_plastic_b,66,1000,1,OR
-0.005245793549999998,0.4620236489516198,0.4620534282315616,5.8353,8.576930194345215,13.056380781583925,-1.9019775653812048,NU204_E_plastic_b,66,1000,1,OR
-5.550000005349887e-09,0.47487795836842295,0.474877958368423,5.3962,7.186056838107637,8.680204383818523,-1.5817392766205722,NU204_E_plastic_b,66,1000,1,OR
-0.0010103544,0.4783537712816475,0.47835483828993347,4.9288,6.999615624187702,9.288243491492317,-1.6691724011631692,NU204_E_plastic_b,66,1000,1,OR
-0.000579610099999998,0.48283092590218696,0.48283127379596197,4.3583,5.944519660946628,8.271306906825187,-1.6722634915650247,NU204_E_plastic_b,66,1000,1,OR
-0.000502333950000003,0.46871398525587166,0.4687142544384999,4.8145999999999995,6.912100430743556,9.320810280544087,-1.6622226603405001,NU204_E_plastic_b,66,1000,1,OR
-0.0023005442500000006,0.5150826610406083,0.5150877985436273,4.4942,6.037223185624756,9.556279125490793,-1.9952446873063439,NU204_E_plastic_b,66,1000,1,OR
-0.0016245692499999977,0.48173485531499494,0.48173759459959853,5.0187,7.020419493751544,11.280149473980716,-1.97171691668177,NU204_E_plastic_b,66,1000,1,OR
-0.004146898000000002,0.4727399986123109,0.47275818665676234,4.7663,7.080152379106604,9.651954660806426,-1.8655929895562713,NU204_E_plastic_b,66,1000,1,OR
-0.00042658974999999755,0.48397096884633556,0.48397115685221936,4.8794,7.037196229113219,10.133792083299314,-1.976245360530667,NU204_E_plastic_b,66,1000,1,OR
0.0015788592500000029,0.4198586939216338,0.41986166252482665,4.3277,6.311602693287825,7.481329058749365,-1.3019070256552667,NU204_E_plastic_b,66,1000,1,OR
-0.003956320399999998,0.4705821244018448,0.47059875507449106,5.1053,7.4203341218938235,11.116635883697048,-1.9298178987532386,NU204_E_plastic_b,66,1000,1,OR
-0.004448709399999999,0.4905903857175028,0.49061055591352065,5.0075,6.789091591798355,10.256891541169855,-1.9881304347878839,NU204_E_plastic_b,66,1000,1,OR
-0.0010073841499999966,0.49155998385065264,0.4915610160967604,4.3184000000000005,5.849935014850645,8.867774158655338,-1.856641251225809,NU204_E_plastic_b,67,1000,1,OR
-0.003512297,0.4344158589074216,0.43443005731704276,4.1676,6.438320629271693,9.233138062774987,-1.6434711283309913,NU204_E_plastic_b,67,1000,1,OR
-0.0030746725000000033,0.4579740481055658,0.45798436911010554,5.3063,8.226699979566758,11.403840515854538,-1.924614788254847,NU204_E_plastic_b,67,1000,1,OR
-0.0013015837000000037,0.4921701200244952,0.4921718410931837,4.8833,7.028845844403005,10.522678966302388,-2.0501757978794535,NU204_E_plastic_b,67,1000,1,OR
-0.0011846327000000008,0.4835542320793981,0.4835556831602027,5.2691,7.447125792143675,9.746808289335789,-1.7564878273509101,NU204_E_plastic_b,67,1000,1,OR
0.00014537520000000614,0.49326431656971886,0.49326433799225805,4.9352,6.375283509851784,8.392914314724305,-1.5879047677264837,NU204_E_plastic_b,67,1000,1,OR
-0.00333257905,0.4767153196925818,0.4767269680988532,5.0384,7.44556158455878,9.315993616198563,-1.655656411860328,NU204_E_plastic_b,67,1000,1,OR
-0.0029304348499999957,0.4933280812007601,0.49333678471165504,5.0736,6.738804206426853,8.91304946057551,-1.7553608970100254,NU204_E_plastic_b,67,1000,1,OR
5.669470000000198e-05,0.4551747318595052,0.45517473539033504,4.5446,6.451588305932048,9.672118722410199,-1.7067807752518038,NU204_E_plastic_b,67,1000,1,OR
-0.0052508800499999975,0.47250489391478995,0.47253406915769197,5.1299,7.4056035922188626,12.515220202759954,-2.1335235818259393,NU204_E_plastic_b,67,1000,1,OR
-0.00015547165000000506,0.5004348850374126,0.5004349091878407,4.9367,6.490954048892569,8.495934334038603,-1.7242307174883922,NU204_E_plastic_b,67,1000,1,OR
-0.003678188500000004,0.49660870762232034,0.49662232889485824,6.402799999999999,8.20039648451289,10.517502777930735,-1.821947969385092,NU204_E_plastic_b,67,1000,1,OR
-0.0019768396499999946,0.48697178005561065,0.48697579248411504,4.3491,5.973397538225449,9.670519442369464,-1.913965284265203,NU204_E_plastic_b,67,1000,1,OR
-0.0009903936500000007,0.43642324771865754,0.43642437148821417,4.3525,6.59701929610902,8.53013501088499,-1.486077114273733,NU204_E_plastic_b,67,1000,1,OR
-0.0031500470500000015,0.48658109412698014,0.4865912904668828,4.6935,6.551083141955566,9.315474324842299,-1.664886450135347,NU204_E_plastic_b,67,1000,1,OR
-0.0009143486999999962,0.47326023001380546,0.47326111328342335,5.5617,8.14201693704837,12.531577607569933,-1.9210065879314633,NU204_E_plastic_b,68,1000,1,OR
-0.0017804616999999984,0.46279419485646245,0.4627976197396725,4.7442,6.53590224103027,8.30411287414906,-1.5367876141526216,NU204_E_plastic_b,68,1000,1,OR
-0.003164183000000006,0.46402650534074824,0.4640372934504349,4.3806,6.179029229913101,11.167107289096522,-2.0816203000434217,NU204_E_plastic_b,68,1000,1,OR
-0.00040294250000000276,0.4631341414578084,0.4631343167446347,4.7583,6.933841617637379,8.747629515341533,-1.6170845228652193,NU204_E_plastic_b,68,1000,1,OR
-0.0026157215499999953,0.4814931633568069,0.48150026828504666,5.2885,7.600826502205415,11.197177536839554,-2.072244892371316,NU204_E_plastic_b,68,1000,1,OR
-0.001813680549999997,0.5099992116245288,0.5100024365576878,5.4422999999999995,7.1307502461091525,10.69675687521316,-1.953021473252746,NU204_E_plastic_b,68,1000,1,OR
-0.0005368821000000011,0.5202130441229856,0.520213321165551,5.6049999999999995,7.1841682016648205,10.991389531212056,-2.0010010370064872,NU204_E_plastic_b,68,1000,1,OR
-0.0024481325499999926,0.4626982075283298,0.46270468400796605,4.5171,6.630579084319753,8.635305522415347,-1.633678964163855,NU204_E_plastic_b,68,1000,1,OR
-0.0004012648500000002,0.4789413140494476,0.47894148214253845,4.9425,6.963689979577518,10.16274191050739,-1.8727787951240433,NU204_E_plastic_b,68,1000,1,OR
-0.005763499049999996,0.469186520824002,0.4692219189724954,4.8686,7.2204640555135615,9.11869085743949,-1.7142198914458977,NU204_E_plastic_b,68,1000,1,OR
0.00020514519999999693,0.4868051487506174,0.48680519197587024,4.547,6.241305660007425,9.32438455055933,-1.814987800253001,NU204_E_plastic_b,68,1000,1,OR
0.00047046369999999895,0.457960708873108,0.45796095052706476,4.3511999999999995,6.52850422412447,10.759031722922481,-1.9237087167152926,NU204_E_plastic_b,68,1000,1,OR
-0.006475133600000001,0.4770216334692718,0.4770655784615257,5.0599,7.651358984589538,11.236432639937547,-2.0117690766574623,NU204_E_plastic_b,68,1000,1,OR
-0.0009659276999999959,0.46172770835224813,0.4617287187045445,4.2022,6.057669550742785,9.373771734027024,-1.740260492472586,NU204_E_plastic_b,68,1000,1,OR
-0.0028000018499999995,0.4688699710748639,0.4688783315382613,4.5077,6.332346368532742,8.424477915142015,-1.631447160318218,NU204_E_plastic_b,68,1000,1,OR
-0.002032316250000001,0.4650357252156782,0.4650401660461296,4.4529,5.949378574162899,8.142711051349565,-1.5505895672602743,NU204_E_plastic_b,69,1000,1,OR
-0.001114119600000005,0.5132174512802351,0.5132186605737009,5.9483,7.974183938333816,11.907883784953222,-2.077860615336313,NU204_E_plastic_b,69,1000,1,OR
-0.0037983086000000043,0.4731223994878539,0.4731376459819756,4.2486999999999995,5.8763026438735695,8.082511160733233,-1.6300687221840704,NU204_E_plastic_b,69,1000,1,OR
-0.002859277800000001,0.4553336996880848,0.45534267704793113,4.9024,7.303949679309136,10.845820152809576,-1.8973351372829526,NU204_E_plastic_b,69,1000,1,OR
-0.0015121179499999983,0.4732873077679631,0.47328972331431546,5.0950999999999995,7.441530687242519,9.237822480798616,-1.8006810947462133,NU204_E_plastic_b,69,1000,1,OR
-0.003016852899999996,0.4572087587178581,0.45721871183247176,4.2508,6.3628192038342295,10.179238270034284,-1.9100552385239289,NU204_E_plastic_b,69,1000,1,OR
-0.0027321440499999974,0.47475770391541283,0.47476556534582914,4.9603,7.484957333439891,11.117225652524262,-2.0031402198884107,NU204_E_plastic_b,69,1000,1,OR
-0.002603868200000002,0.5058720558652418,0.5058787572481466,5.8803,7.980766027737355,12.301344214273687,-2.0680412374733748,NU204_E_plastic_b,69,1000,1,OR
-0.0033302234500000036,0.46668834035456447,0.46670022221028,4.6667000000000005,7.185340482844396,9.365506034751249,-1.8315053370918741,NU204_E_plastic_b,69,1000,1,OR
0.0018578217499999983,0.4401428582950619,0.44014677916554346,4.124,6.198159634774779,8.336645827941732,-1.543476548644079,NU204_E_plastic_b,69,1000,1,OR
-0.005677984899999999,0.44594134104579214,0.44597748728634734,4.6064,7.356425141463491,8.646816779836431,-1.6695829234442872,NU204_E_plastic_b,69,1000,1,OR
-0.0006582626000000016,0.49182951473022135,0.49182995523800255,4.9369,6.515869897451053,8.627677163198394,-1.694263664951152,NU204_E_plastic_b,69,1000,1,OR
-0.003520698899999997,0.5211374982006456,0.5211493906276514,5.1881,6.9110701552625,9.066861562949603,-1.826205982242423,NU204_E_plastic_b,69,1000,1,OR
-0.0022678171500000004,0.46276024045168107,0.4627657972857583,5.2745,8.058503938434361,10.460326639142593,-1.8114656659570798,NU204_E_plastic_b,69,1000,1,OR
-0.001532544999999998,0.47021439704457485,0.4702168945095126,5.4984,7.9425049240217085,10.48677105749993,-1.850190274063936,NU204_E_plastic_b,69,1000,1,OR
-0.0039221740499999986,0.46097337678851696,0.4609900623192289,4.8504,7.167616549859353,10.330845211070802,-1.815687026591362,NU204_E_plastic_b,70,1000,1,OR
-0.0010509599500000048,0.499090964619234,0.4990920711465711,4.8431,6.666104697589839,9.495626345472989,-1.93801461586724,NU204_E_plastic_b,70,1000,1,OR
-0.0043550494000000025,0.47202079285866616,0.472040883130053,4.8882,7.048753866269013,11.116146685610142,-2.062726730787793,NU204_E_plastic_b,70,1000,1,OR
-0.0025433417999999987,0.4698438066873306,0.46985069040063504,4.8544,7.157167305921352,10.074757254295825,-1.892658691658164,NU204_E_plastic_b,70,1000,1,OR
-0.0023794379999999976,0.5020452563906651,0.5020508950191848,4.945,6.580209362785341,9.261109296721052,-1.8006561925434201,NU204_E_plastic_b,70,1000,1,OR
-0.0023296919999999956,0.4864551097856374,0.4864606883411766,4.8591999999999995,6.840840544274495,12.084500519345873,-2.084996901495795,NU204_E_plastic_b,70,1000,1,OR
-0.0047642588500000005,0.4606467722183096,0.4606714088344717,4.3179,6.604924772080444,10.629417893166668,-2.0217688867690735,NU204_E_plastic_b,70,1000,1,OR
-0.0013606730000000013,0.43132079659561656,0.43132294282461975,3.9991,6.031675437811887,8.284539921915039,-1.5127079741156662,NU204_E_plastic_b,70,1000,1,OR
-0.0014350289000000008,0.4970547755873237,0.49705684709307496,4.8869,6.773269535847633,9.48962493995335,-1.8901332443323604,NU204_E_plastic_b,70,1000,1,OR
-0.0026234208499999975,0.48800497841727114,0.48801202986913905,4.9529,6.865814354819218,10.093246257156872,-1.800052846754427,NU204_E_plastic_b,70,1000,1,OR
-0.00206886745,0.46291225854906987,0.46291688166184497,4.812,7.079456658039864,10.746159985057778,-1.827033336875142,NU204_E_plastic_b,70,1000,1,OR
-0.0013469677500000034,0.4689990445329732,0.46900097877825514,4.6783,6.498920339015118,8.550185942651208,-1.6701041218541515,NU204_E_plastic_b,70,1000,1,OR
-0.004705568700000001,0.46205726578854306,0.462081225808596,4.6928,7.008291657669327,10.513553923220117,-1.8993675019520857,NU204_E_plastic_b,70,1000,1,OR
5.009345000000121e-05,0.5052056234330815,0.5052056259165789,4.6518999999999995,6.275068679705227,9.493654321119802,-1.8658101984940316,NU204_E_plastic_b,70,1000,1,OR
-0.0012157594999999985,0.5093538267167494,0.509355277642392,5.7222,7.562501399473888,12.473961485243965,-2.1712724817694107,NU204_E_plastic_b,70,1000,1,OR
-0.0009409193000000004,0.07773737788264282,0.0777430720334482,1.53781,10.213900470235643,31.6863754328186,0.2902146289545648,NU204_E_plastic_b,71,1000,1,RE
-0.0013711028000000015,0.10401966295052623,0.10402869894038494,2.03076,10.87872876934216,40.409232762056526,-2.100270321590468,NU204_E_plastic_b,71,1000,1,RE
-0.00181236125,0.032687571723074134,0.03273777632111896,0.35391,5.794223716949035,2.8927349622215957,-0.04460549197050225,NU204_E_plastic_b,71,1000,1,RE
0.0006550230499999987,0.14688366031746108,0.1468851208375148,2.7333999999999996,11.466103512710944,34.97451633044652,-1.442172167241052,NU204_E_plastic_b,71,1000,1,RE
-0.0019575042499999995,0.027815313307389324,0.027884107969899225,0.29281,5.5698392850743685,2.3333221193533324,0.002097043036679579,NU204_E_plastic_b,71,1000,1,RE
-0.00158526535,0.13456456633743652,0.13457390378454603,2.7758000000000003,11.623353087120796,50.46616460624566,-2.1939032266663063,NU204_E_plastic_b,71,1000,1,RE
-0.0022146951999999997,0.06058007619791319,0.06062054525467311,1.18219,12.230341988599093,36.62121337414457,-2.0764345650194547,NU204_E_plastic_b,71,1000,1,RE
-0.0011293667000000004,0.029063273160028383,0.029085207854122254,0.31953,5.753440059266513,3.2652047026539384,0.03629574441621124,NU204_E_plastic_b,71,1000,1,RE
-0.0019815494,0.16926161084436145,0.1692732094681633,3.0884,10.123279433195197,40.51139261032586,-2.478201131810118,NU204_E_plastic_b,71,1000,1,RE
-0.00136435885,0.02499651876778533,0.025033725763054477,0.23953,5.061971246286367,0.863829705094691,0.018215546680358855,NU204_E_plastic_b,71,1000,1,RE
-0.0007646126499999996,0.15660681855508915,0.15660868510542816,3.0054,11.992310635490444,39.06289093318116,-2.109421364966865,NU204_E_plastic_b,71,1000,1,RE
-0.0008267023,0.03626923145433226,0.0362786519454727,0.48641,9.018802586484496,8.754340321664609,1.0028320970430131,NU204_E_plastic_b,71,1000,1,RE
-0.00119656545,0.03008653916240515,0.030110323937929867,0.34312,6.3722330053813225,3.271493047297521,-0.12371775310821857,NU204_E_plastic_b,71,1000,1,RE
-0.0018894425499999998,0.17592145766373787,0.17593160392517335,3.5032,12.869205699749998,56.61030513908994,-3.514013760798394,NU204_E_plastic_b,71,1000,1,RE
-0.0014323479999999997,0.037951935834867646,0.0379789554149007,0.40344,5.693942806946088,2.7666789668121945,0.006761028061655242,NU204_E_plastic_b,71,1000,1,RE
-0.0017332774499999996,0.030492257449569703,0.03054148023736763,0.27984,5.156920973571481,1.6791145534006882,0.004127885162282364,NU204_E_plastic_b,72,1000,1,RE
-0.0015674918,0.09539234059207388,0.09540521827540302,1.83826,10.802344134101782,32.46088529002402,-0.962111562206162,NU204_E_plastic_b,72,1000,1,RE
-0.0018644249000000016,0.11513565327471727,0.11515074787079611,2.2033199999999997,12.996876074823646,47.9869410847477,-2.774805736508249,NU204_E_plastic_b,72,1000,1,RE
-0.0015906394499999997,0.04194211191051949,0.04197226328629941,0.39688,4.746467890975739,3.8821257101613034,0.10919318416476188,NU204_E_plastic_b,72,1000,1,RE
-0.0027781957999999996,0.173665051757385,0.17368727234255923,3.0736,11.134379473619779,37.05093704856086,-2.404369367791577,NU204_E_plastic_b,72,1000,1,RE
-0.0013168684000000003,0.03230429272550935,0.03233112232630218,0.29844000000000004,4.987454452480269,2.2761885544420766,0.1010562500266455,NU204_E_plastic_b,72,1000,1,RE
-0.0013836526000000004,0.1078221950843579,0.1078310727356768,1.5550000000000002,7.910243108596914,17.22220797497438,-0.850814585419957,NU204_E_plastic_b,72,1000,1,RE
-0.0013021958999999998,0.03244368454582807,0.03246980722257495,0.40032,7.064409050156643,4.5664786218327595,0.23255445601511454,NU204_E_plastic_b,72,1000,1,RE
-0.0015305043,0.03635271996372193,0.03638492396821938,0.33625000000000005,4.835519242906095,3.167902987316703,0.18336780665733654,NU204_E_plastic_b,72,1000,1,RE
0.00010276714999999925,0.11308614983055243,0.11308619652541715,2.2096999999999998,12.06778583001747,47.23292712010524,-2.6680224226758567,NU204_E_plastic_b,72,1000,1,RE
-0.0017664081500000002,0.03126389235821862,0.03131375357791952,0.3361,5.5786988156916575,4.324497039561058,0.023815534716626584,NU204_E_plastic_b,72,1000,1,RE
-0.001983320650000002,0.12056592205675072,0.12058223385804066,1.73628,8.557645409147401,17.220555167485806,-0.9610518180157239,NU204_E_plastic_b,72,1000,1,RE
-0.0009746830999999999,0.030659566639370726,0.03067505556082075,0.26172,4.50300732874383,1.6470201350356497,0.08907049372733844,NU204_E_plastic_b,72,1000,1,RE
-0.0010040836000000004,0.03967593868281501,0.03968864187948846,0.32422,4.448627910627706,1.4577293947028647,-0.033126409933389764,NU204_E_plastic_b,72,1000,1,RE
-0.0008877419999999994,0.1361872471662352,0.136190140526309,1.90551,7.446207163609598,17.34372046740542,-0.8562012867766506,NU204_E_plastic_b,72,1000,1,RE
-0.0010887569999999999,0.02832471682314849,0.028345634142079093,0.26282,4.94467681680589,1.8818012745500248,0.2547249532035465,NU204_E_plastic_b,73,1000,1,RE
-0.001277026250000002,0.1396600036548299,0.13966584198332205,2.7009999999999996,11.367847552801008,41.843663964792235,-2.11873397524478,NU204_E_plastic_b,73,1000,1,RE
-0.0014901698999999992,0.039822562157777894,0.03985043366314788,0.49656,7.665412190545036,8.436614850870475,0.6575257410729727,NU204_E_plastic_b,73,1000,1,RE
-0.00141170625,0.02862803596534747,0.028662821873805755,0.32703,5.958240983804585,4.227459595835828,-0.16330679602587664,NU204_E_plastic_b,73,1000,1,RE
-0.0006907499,0.13865902188015586,0.13866074240456777,1.75718,7.221943158779827,15.767929502689359,-0.7543110964515485,NU204_E_plastic_b,73,1000,1,RE
-0.00147044525,0.02669778653207237,0.026738250035208973,0.32969,6.714351154753755,4.649391613538073,0.18667309556516382,NU204_E_plastic_b,73,1000,1,RE
-0.0017596808499999992,0.13731124265316622,0.13732251758415495,1.9235900000000001,8.53829379643772,22.574047793906534,-1.624877235753437,NU204_E_plastic_b,73,1000,1,RE
-0.0011525055500000003,0.030041256569977838,0.030063355856358043,0.227498,4.292933916514358,0.6776976528246883,0.044192491731646674,NU204_E_plastic_b,73,1000,1,RE
-0.0006381377499999997,0.03350590787409382,0.03351198415873398,0.33563,5.758238577756897,4.1834061339274164,0.5496152995148476,NU204_E_plastic_b,73,1000,1,RE
-0.001122317099999999,0.12879687071681473,0.12880176047755262,1.9935800000000001,8.825189933627518,21.819905365850353,-1.0994978770777981,NU204_E_plastic_b,73,1000,1,RE
-0.0013559387000000003,0.026297839947966018,0.026332773414264498,0.17828100000000002,3.7500797370058634,0.4000206419137262,-0.05626950846395048,NU204_E_plastic_b,73,1000,1,RE
-0.0018382757000000006,0.1776827599642147,0.17769226895408238,3.0023,11.061820593376138,37.96117215119376,-2.8743014688845676,NU204_E_plastic_b,73,1000,1,RE
-0.0016367274499999999,0.02983058310098562,0.029875450873424362,0.3061,6.2134627117921335,2.340655728157424,-0.06486300847582932,NU204_E_plastic_b,73,1000,1,RE
-0.0014125165000000005,0.04650627457595612,0.04652772053085123,0.61875,7.495531610424663,10.48068882966935,-0.2756103115761999,NU204_E_plastic_b,73,1000,1,RE
-0.001977115100000002,0.16165465863421802,0.1616667487217585,2.7122,10.116489710662934,35.74424798460638,-2.301959212027317,NU204_E_plastic_b,73,1000,1,RE
-0.0017628227500000003,0.12428434213168896,0.1242968432549863,1.58218,8.116859395457952,16.96511775656041,-1.2580392238352405,NU204_E_plastic_b,74,1000,1,RE
-0.0013170201,0.03295118144560921,0.03297749081730241,0.27313,4.42544282124185,1.3902782608134476,0.01679865175367281,NU204_E_plastic_b,74,1000,1,RE
-0.0014842429499999992,0.15685289285671922,0.15685991513020803,2.34315,9.574785239130636,29.860282497873442,-2.0767031015267214,NU204_E_plastic_b,74,1000,1,RE
-0.0010062448500000002,0.0313487863448679,0.0313649315955627,0.25139999999999996,4.41862911697237,1.0003727525626402,0.18776844332275572,NU204_E_plastic_b,74,1000,1,RE
-0.003046735749999999,0.06127470838783567,0.06135040738857915,1.3409399999999998,11.106853711404199,47.978482506062086,-0.47270630628744004,NU204_E_plastic_b,74,1000,1,RE
-0.002784489200000001,0.1385131848131758,0.1385411698636687,2.7104999999999997,12.182660227720595,48.111331484674416,-3.0520379318461135,NU204_E_plastic_b,74,1000,1,RE
-0.0013031491000000004,0.03677201170005367,0.03679509535312709,0.39687,5.567046315116869,3.263355208601559,0.19153032768438819,NU204_E_plastic_b,74,1000,1,RE
-0.0022772751999999997,0.14981466526041218,0.1498319722536745,2.69856,11.559615574355654,45.70970593194982,-2.9389963513019843,NU204_E_plastic_b,74,1000,1,RE
-0.0019318996,0.02940794112051794,0.029471329067626555,0.30266,5.137535523171221,1.8631810697248161,-0.07778044121506385,NU204_E_plastic_b,74,1000,1,RE
-0.0015940652499999996,0.09243884324107336,0.09245258667970839,1.6139000000000001,8.791641523410146,32.89676781698354,-0.5529279962057659,NU204_E_plastic_b,74,1000,1,RE
-0.0017675824000000003,0.11147016648749727,0.11148417988347563,2.17473,10.586255388285196,38.485480195579854,-1.3801878049240976,NU204_E_plastic_b,74,1000,1,RE
-0.0008537427000000001,0.030511142892318564,0.030523084988141106,0.42281,8.09846056176952,6.774958065614536,0.5596436410998429,NU204_E_plastic_b,74,1000,1,RE
-0.0006681906999999995,0.17550573246174334,0.17550700443499284,3.8389,12.399505119501123,48.099371245765305,-2.348526198171607,NU204_E_plastic_b,74,1000,1,RE
-0.0018948484,0.027942258050083525,0.02800643203616698,0.27203,4.876022758759451,2.064192107553036,0.09708782801707344,NU204_E_plastic_b,74,1000,1,RE
-0.0009740619999999982,0.14291946115395818,0.14292278045615261,2.48972,10.621119986297135,33.720218185587875,-2.2045043852571298,NU204_E_plastic_b,74,1000,1,RE
-0.002833008949999999,0.1510743685459091,0.1511009290879972,2.46299,10.138256655641488,29.153279643315834,-1.9783114297325677,NU204_E_plastic_b,75,1000,1,RE
-0.001959691400000001,0.03100310410657973,0.031064977943443886,0.3789,6.930956152358709,4.4718431890084585,0.2642898287249909,NU204_E_plastic_b,75,1000,1,RE
-0.0013427732999999997,0.1448407824800446,0.14484700656060098,2.44207,9.977424002858895,28.49419081653791,-1.9319225580639088,NU204_E_plastic_b,75,1000,1,RE
-0.0013828273499999996,0.030601611122132517,0.030632838829434864,0.26953,5.161780822222187,1.234957997606899,0.03643829513289157,NU204_E_plastic_b,75,1000,1,RE
-0.00166843955,0.03938747468096106,0.03942279609915249,0.41046000000000005,5.564546955225127,3.068502285165561,0.03271780753252089,NU204_E_plastic_b,75,1000,1,RE
-0.0008256642000000014,0.13434922242845032,0.13435175952885908,2.06176,9.018117844148854,19.833779615479145,-1.26401606122468,NU204_E_plastic_b,75,1000,1,RE
-0.0017417102500000001,0.029477606435754963,0.029529016844050487,0.31969000000000003,5.577225983166513,1.959714919830982,0.1472401741774894,NU204_E_plastic_b,75,1000,1,RE
-0.0020685486999999993,0.11629225052049898,0.11631064622315004,1.6504699999999999,8.126169277631258,18.94245386164533,-1.0906427532602119,NU204_E_plastic_b,75,1000,1,RE
-0.00198766415,0.026190377551661165,0.026265694071768833,0.207347,4.812741656648979,0.5270299236682008,-0.020584051386836295,NU204_E_plastic_b,75,1000,1,RE
-0.0012440697999999996,0.05541833457633283,0.055432296694992174,1.06812,10.776028337537102,32.00144040556562,0.4541413176813784,NU204_E_plastic_b,75,1000,1,RE
-0.0020182948000000006,0.13708696187765007,0.1371018184808064,2.9417999999999997,13.336074023379691,51.93892028803979,-2.8121417213397084,NU204_E_plastic_b,75,1000,1,RE
-0.0013799857499999998,0.038892587917308034,0.03891706252501256,0.47702999999999995,6.905711340039358,4.198757211760694,-0.04346001670796384,NU204_E_plastic_b,75,1000,1,RE
-0.0010575177000000005,0.11503843233377127,0.11504329297050518,1.97858,10.315247150516166,24.394172484787674,-0.6029142265794517,NU204_E_plastic_b,75,1000,1,RE
-0.0012059416499999999,0.038451035827780804,0.038469942182078824,0.4175,6.583841452145207,4.365258342450001,0.3897191382516285,NU204_E_plastic_b,75,1000,1,RE
-0.00021154215000000038,0.09127165319468093,0.09127189834210384,1.46625,8.958507655173998,23.91425285620553,0.7172371050744306,NU204_E_plastic_b,75,1000,1,RE
-0.0016087448500000001,0.05433971064535641,0.05436351913750123,0.8513999999999999,8.582225864001433,23.85244223504549,-0.8783055132226772,NU204_E_plastic_b,76,1000,1,IR
-0.0019790753500000015,0.06135383770332941,0.061385748673185234,1.23469,11.50511340604545,38.94007600310068,-1.5243174554530867,NU204_E_plastic_b,76,1000,1,IR
-0.001542804050000001,0.0804508182120157,0.08046561001645046,1.6396899999999999,11.594642727610749,43.51655891843873,-1.7687635646048425,NU204_E_plastic_b,76,1000,1,IR
-0.0012595158500000002,0.06010339068382624,0.060116586329140916,0.9889,8.460061208656255,27.35736219583128,0.2110485711326637,NU204_E_plastic_b,76,1000,1,IR
-0.0019821274499999993,0.09972003943302123,0.09973973678404889,1.93373,11.747574615490532,52.7250035060852,-2.668530558361498,NU204_E_plastic_b,76,1000,1,IR
-0.0018227830999999997,0.08751816636602183,0.08753714629972993,1.41282,9.620944200263452,26.636041175840308,-1.5638306813610403,NU204_E_plastic_b,76,1000,1,IR
-0.0013067814500000016,0.11693253742217177,0.1169398391727373,2.3001,10.808121585775693,39.92429864910578,-1.1997780143926495,NU204_E_plastic_b,76,1000,1,IR
-0.0018993761999999998,0.06378726205829341,0.06381553440066554,1.1504699999999999,9.921252026581744,28.32055865029619,0.7081020925585919,NU204_E_plastic_b,76,1000,1,IR
-0.0018509398999999999,0.03533602749149794,0.035384471416050715,0.7103200000000001,12.417311391592337,31.107401778754543,1.510530519790552,NU204_E_plastic_b,76,1000,1,IR
-0.0017992153000000002,0.07296960823761127,0.07299178653825525,1.7037399999999998,13.841283354127771,62.07322631562042,-2.429740904879251,NU204_E_plastic_b,76,1000,1,IR
-0.0019342495,0.05816093965893501,0.05819309429080507,0.89844,8.484683724371331,20.654374309182984,0.37537014794034956,NU204_E_plastic_b,76,1000,1,IR
-0.00159482855,0.03674450851601886,0.036779102547338995,0.77578,13.92611468267209,46.8021429547575,2.1814214497090187,NU204_E_plastic_b,76,1000,1,IR
-0.00222389135,0.07082104373115782,0.07085595195823123,1.0503200000000001,8.011465294187694,18.975254534349602,-0.524055694663597,NU204_E_plastic_b,76,1000,1,IR
-0.0016656260499999986,0.062117632348228986,0.06213995943584275,1.21922,10.153530928056407,32.26731407518569,0.7443343160573148,NU204_E_plastic_b,76,1000,1,IR
-0.001822307949999999,0.05387210134073924,0.05390291373508034,0.9448399999999999,8.844048808622153,25.86075623154314,0.5129986424246463,NU204_E_plastic_b,76,1000,1,IR
-0.0017806327999999993,0.0806463358134819,0.08066599118159605,1.3671799999999998,9.419583009764807,31.706519480420965,0.81532740171145,NU204_E_plastic_b,77,1000,1,IR
-0.0018010994500000002,0.04416598584371639,0.044202695220723225,0.88422,10.724685398318199,36.77594824334144,0.27110252864880796,NU204_E_plastic_b,77,1000,1,IR
-0.0018318823000000003,0.11329151531177903,0.11330632477668719,1.8777000000000001,9.423127986052899,26.37422893457614,-1.1784656583484072,NU204_E_plastic_b,77,1000,1,IR
-0.001529214699999999,0.05898805882224256,0.059007877281046506,0.93469,9.074551139157728,27.06996498296245,-1.1578210580868944,NU204_E_plastic_b,77,1000,1,IR
-0.0014646974499999987,0.06859831611720124,0.06861395129808155,1.3557899999999998,9.919702729888265,38.31293034118838,-0.12757262441050182,NU204_E_plastic_b,77,1000,1,IR
-0.0017608335500000005,0.07864118636637485,0.07866089707028333,1.25625,8.479816844753376,24.000054390743188,-0.8266239926565384,NU204_E_plastic_b,77,1000,1,IR
-0.0012275227999999992,0.05550442749767959,0.055517999640384105,0.9115599999999999,8.358730555962612,25.966008282412435,0.17765549190959062,NU204_E_plastic_b,77,1000,1,IR
-0.0017307101500000006,0.10063505616114002,0.1006499373381778,1.89223,10.62196389062705,50.50245695851927,-2.674195613099727,NU204_E_plastic_b,77,1000,1,IR
-0.0015219270000000004,0.09994526923535592,0.09995685621467452,1.44563,7.6674080100518855,21.94519349365145,-0.32123904184469887,NU204_E_plastic_b,77,1000,1,IR
-0.00171000945,0.10741116962464387,0.10742478062557591,2.24655,13.221344197577556,44.801538120737746,-2.2264422486547173,NU204_E_plastic_b,77,1000,1,IR
-0.00211644845,0.06655002479834561,0.06658367033065933,1.4628100000000002,11.611255374788295,48.34540402966928,-0.8296930507896972,NU204_E_plastic_b,77,1000,1,IR
-0.0017609397000000002,0.048638896692006016,0.04867076309287405,0.77359,8.815559336541803,21.146450492198085,0.7430967823230741,NU204_E_plastic_b,77,1000,1,IR
-0.0024399733499999997,0.09611683653782994,0.09614780151406808,1.88,11.856745365448614,59.182888034302195,-3.2261772284929253,NU204_E_plastic_b,77,1000,1,IR
-0.0011865774999999983,0.08741877329007565,0.08742682591576313,1.59844,10.04234101837273,34.23242455637857,0.06655257399569829,NU204_E_plastic_b,77,1000,1,IR
-0.0017176527999999993,0.03765698648383793,0.03769613988441389,0.60609,8.244345467544735,20.131985723430812,0.8060350717601595,NU204_E_plastic_b,77,1000,1,IR
-0.0022929667500000005,0.05487594129278296,0.0549238256978296,0.89063,9.188908339645094,18.13897270642835,0.2655326232831684,NU204_E_plastic_b,78,1000,1,IR
-0.0018171696499999996,0.041771155773215635,0.04181066323519788,0.79547,9.809937663335392,27.072959266671038,-0.29984850595359225,NU204_E_plastic_b,78,1000,1,IR
-0.0014837568500000006,0.09863320346321758,0.09864436304121182,1.63782,9.63694194672679,23.032876845079628,-0.897868520327125,NU204_E_plastic_b,78,1000,1,IR
-0.0017076512000000004,0.04807565363445164,0.04810597203051431,0.8192200000000001,8.565048841309006,22.64868823183958,0.10762233167540008,NU204_E_plastic_b,78,1000,1,IR
-0.0015962388999999995,0.04731107754736909,0.047337997816965655,0.83484,9.423507976083517,22.99332258619188,0.1818518255601928,NU204_E_plastic_b,78,1000,1,IR
-0.0018852461000000006,0.10311143755662137,0.10312867063940365,1.5417100000000001,8.773893761937785,18.773861700856457,-0.5586929562625694,NU204_E_plastic_b,78,1000,1,IR
-0.0019678490500000005,0.08755426824290034,0.0875763799059617,1.7273399999999999,11.384690724492117,47.33604992876564,-1.9880007002525448,NU204_E_plastic_b,78,1000,1,IR
-0.0017805995499999997,0.09845432918598329,0.09847042942030577,2.30516,13.455816205943844,60.89336821352877,-2.3548448878307027,NU204_E_plastic_b,78,1000,1,IR
-0.0016358026000000002,0.08313172046422791,0.08314781294471127,1.31297,8.508942988920811,22.988873806603888,-1.0135882343932678,NU204_E_plastic_b,78,1000,1,IR
-0.001383159399999999,0.08205448298366962,0.08206613983637304,1.7197300000000002,12.692201705560741,52.425339540689464,-1.9053292331941694,NU204_E_plastic_b,78,1000,1,IR
-0.002317035499999999,0.08932491166032219,0.08935495787382268,1.67295,11.35023757083678,40.24357430064318,-1.5099071450045243,NU204_E_plastic_b,78,1000,1,IR
-0.00160203715,0.0952340715322072,0.09524754539425957,1.71781,9.317825423493677,33.54236772183188,0.03838214128011932,NU204_E_plastic_b,78,1000,1,IR
-0.002147663650000001,0.07219841072167123,0.07223034659953295,1.40938,10.627942909593678,40.72815617181266,-0.778607410352692,NU204_E_plastic_b,78,1000,1,IR
-0.0025339555000000002,0.10194086576304215,0.10197235430740316,2.08956,13.698810912896473,49.18352096401404,-2.316598611053865,NU204_E_plastic_b,78,1000,1,IR
-0.0016262914500000003,0.055464811595040325,0.05548864883157332,1.03719,10.308955291672413,28.8784882417747,0.31421279877134495,NU204_E_plastic_b,78,1000,1,IR
-0.0016428038999999992,0.05826555674378208,0.05828871166286612,0.8796900000000001,8.899664878516763,21.752183341848134,0.715379286518702,NU204_E_plastic_b,79,1000,1,IR
-0.00165000145,0.038434946318206174,0.038470347064569,0.80219,11.961420551461703,35.845389701259876,1.024218280883438,NU204_E_plastic_b,79,1000,1,IR
-0.0017858949500000002,0.09022788508230535,0.09024555760367453,1.33281,7.8240970386696365,18.032237484507853,-0.343475567408823,NU204_E_plastic_b,79,1000,1,IR
-0.0015965867000000001,0.04857364782650082,0.048599880167172683,0.8696900000000001,8.95393154269408,22.316940407265555,-0.15613665699680906,NU204_E_plastic_b,79,1000,1,IR
-0.0011168631000000003,0.06668864096090131,0.06669799259645035,1.34375,10.801974271686602,51.98230589634172,0.028214378625309778,NU204_E_plastic_b,79,1000,1,IR
-0.00254971215,0.07783083381975263,0.07787258648026152,1.07297,7.624634378241677,18.325545717168005,-0.9664236122450549,NU204_E_plastic_b,79,1000,1,IR
-0.0016306489999999988,0.10521633896712122,0.10522897415543568,1.6171600000000002,9.556303366738229,29.452680282781927,-1.7821866808539018,NU204_E_plastic_b,79,1000,1,IR
-0.0018321528000000012,0.11436867543991888,0.11438334977506147,1.52094,7.162056379805473,17.631965789123985,-0.7776305626992097,NU204_E_plastic_b,79,1000,1,IR
-0.0016426590499999992,0.07661819226165771,0.07663579916852759,1.4942199999999999,11.050710101393351,40.21182005955289,-1.4010743850663916,NU204_E_plastic_b,79,1000,1,IR
-0.001641392599999999,0.07734481943107395,0.0773622340841626,1.45235,10.207693835998764,41.68635492915919,-1.3118657063112136,NU204_E_plastic_b,79,1000,1,IR
-0.0018303685499999989,0.10345625465984667,0.1034724450144669,2.1083,11.677505057806092,49.91128835169841,-1.0334816359314567,NU204_E_plastic_b,79,1000,1,IR
-0.0016818641000000004,0.06457119895155929,0.06459309870948073,1.38672,12.915002015185198,50.69895374883058,-1.7374607795203652,NU204_E_plastic_b,79,1000,1,IR
-0.00211004315,0.08830611290403448,0.0883313186718898,2.06611,14.330138155209305,68.79439793609036,-2.6268875384048966,NU204_E_plastic_b,79,1000,1,IR
-0.0014598698000000008,0.07833164169128735,0.07834524433483618,1.68485,11.387927979226278,45.762855747125904,1.6057182969869042,NU204_E_plastic_b,79,1000,1,IR
-0.0016674869,0.03198936440073049,0.03203279487219926,0.43296999999999997,7.321559075182189,11.315048655381949,-0.3391652039386551,NU204_E_plastic_b,79,1000,1,IR
-0.0017310656500000002,0.03339524047693268,0.033440075879052254,0.65937,10.424318451333598,28.524322769445618,0.34279236325606227,NU204_E_plastic_b,80,1000,1,IR
-0.0020020043000000005,0.08598362893644854,0.08600693266416429,1.34921,8.122484762104243,20.57058196739449,-0.5131919939886357,NU204_E_plastic_b,80,1000,1,IR
-0.0023354558000000004,0.05711077867336298,0.05715851112889143,1.19406,10.852452027681617,35.63998052239618,-1.340774192734088,NU204_E_plastic_b,80,1000,1,IR
-0.0022038961499999997,0.07012611399459331,0.07016073704161525,1.38484,12.052609987526608,42.33405244824902,-1.5853240455104118,NU204_E_plastic_b,80,1000,1,IR
-0.0015997017999999984,0.1094556732248969,0.10946736247377269,1.90687,10.335500686527205,24.285786025432593,-1.3453298243933638,NU204_E_plastic_b,80,1000,1,IR
-0.00125849895,0.09321548604448812,0.0932239811320956,2.15052,13.77113468454961,64.64557180669277,-2.6086292995142344,NU204_E_plastic_b,80,1000,1,IR
-0.0019174995499999991,0.10796931733244258,0.10798634307058433,1.4870299999999999,7.515394789038562,19.45092014784723,-0.9486899538234747,NU204_E_plastic_b,80,1000,1,IR
-0.0019465726500000006,0.06457935275210773,0.06460868321644461,1.34047,12.735285089211866,50.63964902741878,-2.4559000324550686,NU204_E_plastic_b,80,1000,1,IR
-0.00248792735,0.08646145617479115,0.08649724380790527,1.7965200000000001,14.07328079381816,59.934060110300315,-3.3432495200452825,NU204_E_plastic_b,80,1000,1,IR
-0.0018136108500000014,0.09218986148826779,0.09220769894938946,2.18063,14.315507436364024,60.58765312141117,-1.4277304490605969,NU204_E_plastic_b,80,1000,1,IR
-0.0019308154499999995,0.056006993574784954,0.056040265680918765,0.98,9.117372906637927,27.780677660105727,0.05036092426657251,NU204_E_plastic_b,80,1000,1,IR
-0.0014877576500000001,0.09466921183384062,0.0946809014113497,2.27793,15.535340053529303,84.20135847914158,-3.8578432646027316,NU204_E_plastic_b,80,1000,1,IR
-0.0019056347500000007,0.0829150956281186,0.08293699130557163,1.74281,11.806794345748312,42.131177419871875,-0.7280881950535567,NU204_E_plastic_b,80,1000,1,IR
-0.0020262504500000006,0.05055449836375001,0.05059508865192874,0.88547,9.169071788597712,22.323068360133252,-0.12310177792547031,NU204_E_plastic_b,80,1000,1,IR
-0.0014636058000000003,0.04985598318600026,0.04987746185784252,0.9737499999999999,11.233731211041952,33.00906194932344,0.6386623533159279,NU204_E_plastic_b,80,1000,1,IR
-0.0021531257000000003,0.033071501751487105,0.03314151744230513,0.20266,3.0692619967411168,-0.012932095337214289,-0.04107159185275594,NU204_E_plastic_b,81,1000,2,OK
-0.0020265413000000003,0.031141219576453157,0.031207089360423778,0.22749999999999998,3.694993745435096,0.17352456725236776,-0.09840458753403701,NU204_E_plastic_b,81,1000,2,OK
-0.0019554801499999997,0.031488959933509614,0.0315496196539866,0.177031,2.936834136708587,-0.15436791625711965,-0.010838166577376991,NU204_E_plastic_b,81,1000,2,OK
-0.00202015515,0.03072519206787471,0.030791532187240414,0.19328499999999998,3.252842352596696,-0.1095622937845726,0.03683531621226903,NU204_E_plastic_b,81,1000,2,OK
-0.0021320313,0.030898416103682,0.03097188523775159,0.20624900000000002,3.657510646524131,-0.10793078483117036,-0.0065010442777003845,NU204_E_plastic_b,81,1000,2,OK
-0.0019860925499999996,0.034085974493672275,0.0341437874407694,0.196246,2.997324188991432,-0.482492958895965,-0.05559369024466752,NU204_E_plastic_b,81,1000,2,OK
-0.002103281,0.027480068073314684,0.02756044143839082,0.181093,3.361920026104267,0.07315909127009546,0.03902479030901296,NU204_E_plastic_b,81,1000,2,OK
-0.0020088801,0.035479006215036364,0.03553583376343891,0.25983999999999996,3.829655465689857,0.5590109698510979,-0.03564155946235569,NU204_E_plastic_b,81,1000,2,OK
-0.00216016305,0.03303699976364261,0.033107546840343026,0.22172,3.5064512801213996,-0.1537074818672437,-0.07559061401233069,NU204_E_plastic_b,81,1000,2,OK
-0.0019781256,0.02959197654942374,0.029658018426574288,0.17796499999999998,3.534963074473677,-0.28202042499400637,-0.11639557736039444,NU204_E_plastic_b,81,1000,2,OK
-0.0019417148,0.031866950307499156,0.03192605171744793,0.22172,3.489626621732033,0.148469435714353,0.015699044496496915,NU204_E_plastic_b,81,1000,2,OK
-0.0019418706999999999,0.029982342651390027,0.030045161551918474,0.180469,3.156714595663205,-0.2705582886410407,-0.03130869737591711,NU204_E_plastic_b,81,1000,2,OK
-0.00197248575,0.029732586335424128,0.0297979427180368,0.177813,3.015107480746216,-0.28953898640138087,-0.08479318210542132,NU204_E_plastic_b,81,1000,2,OK
-0.0022032777000000007,0.030355868053495893,0.030435721741147687,0.182969,3.20347257834811,-0.1076847396794598,-0.08696828558130504,NU204_E_plastic_b,81,1000,2,OK
-0.00214952915,0.030476035207181524,0.030551746226951865,0.23031400000000002,4.4750306245798015,0.5147757614688215,-0.08837472583976146,NU204_E_plastic_b,81,1000,2,OK
-0.0017078219999999997,0.03275330610312775,0.032797800485228734,0.22031299999999998,3.6968942491923444,0.19855806025183975,-0.10060583827736339,NU204_E_plastic_b,82,1000,2,OK
-0.0021270390999999994,0.034271605806162064,0.03433754883310528,0.217345,3.5448074815010715,0.14837596522274277,-0.122543053326908,NU204_E_plastic_b,82,1000,2,OK
-0.0020365449,0.029303964251067703,0.02937464614182731,0.177031,3.0585559930224595,-0.025589139000605332,-0.035366984862134285,NU204_E_plastic_b,82,1000,2,OK
-0.0021382810999999993,0.03101686146774497,0.031090479915432314,0.204062,3.497855301552293,0.2601971723334686,0.03001301231139111,NU204_E_plastic_b,82,1000,2,OK
-0.0019463958499999997,0.027892362394458903,0.027960192001285012,0.17327700000000001,3.615497346919293,-0.05342509517443528,-0.05805753202357074,NU204_E_plastic_b,82,1000,2,OK
-0.00202077645,0.03139151944315006,0.03145649424857357,0.210783,3.5515718667558147,0.23086171091468755,-0.026601464054080474,NU204_E_plastic_b,82,1000,2,OK
-0.00225577215,0.03378191615610018,0.03385714647117352,0.195467,2.976624154838494,-0.20452547335218485,-0.014899959373897308,NU204_E_plastic_b,82,1000,2,OK
-0.0021604718,0.030999762533946287,0.0310749564047909,0.197504,3.2633995903004833,0.16936211403028745,-0.05864728678099518,NU204_E_plastic_b,82,1000,2,OK
-0.0020798416,0.03305246362606817,0.033117836475736906,0.19531300000000001,2.9581944482325997,-0.40727696564514027,0.042812692846162036,NU204_E_plastic_b,82,1000,2,OK
-0.00212031845,0.032662467984518294,0.032731216982707693,0.21406,3.331987321388562,0.23816203572578898,-0.08031765650163049,NU204_E_plastic_b,82,1000,2,OK
-0.0021973442999999996,0.02933557188768522,0.029417751442798786,0.183594,3.2930796967391665,-0.06860167619771662,0.0771749901511313,NU204_E_plastic_b,82,1000,2,OK
-0.0020481272000000003,0.03283468499100075,0.03289850093067509,0.192185,3.1250664039873715,-0.31546193821107593,-0.002447872600059311,NU204_E_plastic_b,82,1000,2,OK
-0.0020909492,0.029796431941218806,0.02986970748073481,0.22984,3.975599696668964,0.8392882126537327,-0.08383068095076594,NU204_E_plastic_b,82,1000,2,OK
-0.00214485455,0.033565964804777644,0.03363442275877836,0.19671899999999998,3.1589660617044326,-0.3548090048600443,-0.05821902101687937,NU204_E_plastic_b,82,1000,2,OK
-0.00227873535,0.030849538713131158,0.030933584881295564,0.21140399999999998,3.8084819606936504,0.2397125665061477,-0.09765867338201009,NU204_E_plastic_b,82,1000,2,OK
-0.0020732915500000005,0.02930951791774476,0.029382756481002636,0.179063,3.1853376336734445,-0.10502592300254365,-0.03099469709928362,NU204_E_plastic_b,83,1000,2,OK
-0.0022067105000000004,0.03193785337131285,0.03201399770722629,0.21391,3.538452180698137,-0.02168129531158991,-0.11813025027951378,NU204_E_plastic_b,83,1000,2,OK
-0.00209046935,0.02999879307171387,0.030071542159703042,0.182188,3.0500264839395825,-0.010655237752236868,0.06174986564036952,NU204_E_plastic_b,83,1000,2,OK
-0.0017989016000000003,0.033980789573106414,0.034028372088276866,0.22266000000000002,3.4162668639693567,0.04729323565867771,-0.08333665592444986,NU204_E_plastic_b,83,1000,2,OK
-0.00214905985,0.031028308890127664,0.03110264314845376,0.19578299999999998,3.3508406183537236,-0.15872602360648314,-0.08951049634977393,NU204_E_plastic_b,83,1000,2,OK
-0.0020873439500000003,0.03376226097838615,0.033826724215304346,0.22937000000000002,3.570549700031405,-0.23127387649637754,0.043476511319420034,NU204_E_plastic_b,83,1000,2,OK
-0.00212282085,0.030450303144939427,0.030524208916528902,0.20484,3.4090973589048974,0.12390365689402572,-0.06644064869630148,NU204_E_plastic_b,83,1000,2,OK
-0.0017595242,0.03266229663302589,0.03270965525275618,0.204846,3.42987411921887,0.11241295431179665,-0.06774937385868117,NU204_E_plastic_b,83,1000,2,OK
-0.0021976686,0.029408079388690347,0.029490081054601054,0.172344,3.062487343889797,-0.23217537086684947,-0.044658666539419745,NU204_E_plastic_b,83,1000,2,OK
-0.0022278020500000003,0.02756861219418559,0.027658479356019963,0.196875,3.7511100543355957,0.171280088162292,0.00971888059310285,NU204_E_plastic_b,83,1000,2,OK
-0.0021590521,0.034785011929916315,0.03485195203908864,0.20656,3.0351241124560575,-0.34432883092461886,-0.030679627599469052,NU204_E_plastic_b,83,1000,2,OK
-0.0019953026499999996,0.030676327203649812,0.03074114967548355,0.205934,4.101668328317544,0.025693851744927,-0.05777746869750279,NU204_E_plastic_b,83,1000,2,OK
-0.0020226395,0.032523228673840866,0.03258606257156432,0.26703,4.133362222091078,1.2059153537630962,-0.014588139953316159,NU204_E_plastic_b,83,1000,2,OK
-0.0019523486500000002,0.03369846087640964,0.033754968977767814,0.207812,3.2958110574260364,-0.18384178116208316,-0.020111618741559475,NU204_E_plastic_b,83,1000,2,OK
-0.0021496715,0.030748492412491994,0.030823544137541844,0.20156000000000002,3.4570975850312484,0.0548476784983527,-0.034909360847516814,NU204_E_plastic_b,83,1000,2,OK
-0.0018610959,0.029953854685817037,0.030011615892651302,0.20593899999999998,3.805859718068967,0.05566302757789554,-0.02111140193653496,NU204_E_plastic_b,84,1000,2,OK
-0.00189811605,0.033292201947975816,0.03334626748354413,0.21782,3.2801272302508027,0.39726658630982703,-0.05334398654063233,NU204_E_plastic_b,84,1000,2,OK
-0.0022168681,0.030544861223468136,0.030625202878245966,0.185,3.1275221385728753,-0.05287285789191998,0.003382747508441415,NU204_E_plastic_b,84,1000,2,OK
-0.001935627,0.034085141172413694,0.0341400571268781,0.215777,3.4736321488646653,0.17668064134587036,-0.13549525694144413,NU204_E_plastic_b,84,1000,2,OK
-0.0020167157,0.03420265991035666,0.034262064840843216,0.22734,3.4612624939822925,-0.2302976684169824,0.03910415545788775,NU204_E_plastic_b,84,1000,2,OK
-0.0019690446,0.03279872222463508,0.032857774060419245,0.19484,3.1146358183550733,0.1252551170211076,-0.05968152396615376,NU204_E_plastic_b,84,1000,2,OK
-0.0023643766,0.031182866368859637,0.03127237489678047,0.190465,3.312508255030696,-0.12310539660279929,0.03336028777291783,NU204_E_plastic_b,84,1000,2,OK
-0.0021120206000000002,0.030341475786571353,0.03041489411327812,0.185313,3.262184626731425,-0.08105999699013822,-0.016293748170904017,NU204_E_plastic_b,84,1000,2,OK
-0.0019959344999999997,0.0297993920598608,0.029866160142636097,0.21234999999999998,3.7145719258909735,0.42908913721912123,-0.1143370675177379,NU204_E_plastic_b,84,1000,2,OK
-0.0021251533,0.030263717206018236,0.030338240813770744,0.23312,4.073736534647771,0.08914487536515425,0.00033711917133571654,NU204_E_plastic_b,84,1000,2,OK
-0.0022667024499999997,0.029768448523823113,0.029854622213525705,0.210312,3.810130276860958,0.018624043940071555,-0.0502463154900464,NU204_E_plastic_b,84,1000,2,OK
-0.0019312524,0.03006732511462575,0.030129284348970355,0.203129,3.573267746855036,0.020609028381336714,-0.08247303707289748,NU204_E_plastic_b,84,1000,2,OK
-0.00209952355,0.02890901697363779,0.02898515588226295,0.182032,3.1427810969870844,0.06463126816965303,-0.13377817718963128,NU204_E_plastic_b,84,1000,2,OK
-0.00224703055,0.031627980311868385,0.03170770071923487,0.22578,3.912614197368823,0.4096821356782434,0.023064572167002324,NU204_E_plastic_b,84,1000,2,OK
-0.0020388998999999997,0.030376764458196415,0.030445113429760202,0.183124,3.4333917080375063,0.09020140265254817,-0.13488688727542,NU204_E_plastic_b,84,1000,2,OK
-0.0020500097,0.035322520582222766,0.03538195868026027,0.24297,3.846310523106374,0.17046399000537749,-0.004146454344838112,NU204_E_plastic_b,85,1000,2,OK
-0.00200608485,0.028830754438513448,0.028900463282087063,0.21641,3.849419260657818,0.4514107538854,-0.1001468620640884,NU204_E_plastic_b,85,1000,2,OK
-0.0018117194,0.030073232959356544,0.030127755771249622,0.197188,3.5266483440294105,-0.25177226651436957,0.010998534572995275,NU204_E_plastic_b,85,1000,2,OK
-0.0021814114,0.030054659721976476,0.030133720757646986,0.21468399999999999,4.059903554026065,0.894164028833548,-0.11711556397296695,NU204_E_plastic_b,85,1000,2,OK
-0.0019715649999999998,0.03389413121045243,0.033951424109462475,0.22781,3.7276786856409636,-0.04984679858794294,-0.04096349272779018,NU204_E_plastic_b,85,1000,2,OK
-0.0022114035999999996,0.03557412948519102,0.0356427972318564,0.2239,3.432390538940541,3.602825488657757e-05,-0.058537214582028686,NU204_E_plastic_b,85,1000,2,OK
-0.00198390155,0.02962105612709015,0.02968741874000361,0.22858900000000001,4.399843622106168,0.47757788978904614,-0.03884840296249508,NU204_E_plastic_b,85,1000,2,OK
-0.0022811071499999995,0.03013949713436716,0.030225696639487196,0.182969,3.261926471901252,-0.1282318248416141,-0.06329778005801533,NU204_E_plastic_b,85,1000,2,OK
-0.0019417162000000003,0.029739853876609542,0.02980317383104407,0.193278,3.433862466466539,-0.1267462274976232,-0.05145181190665971,NU204_E_plastic_b,85,1000,2,OK
-0.0018603084500000001,0.03314606342481021,0.033198226881727924,0.2211,3.520669956753924,0.2797740033422822,-0.008299561480307822,NU204_E_plastic_b,85,1000,2,OK
-0.0023315451,0.03241431277899882,0.0324980580264129,0.22655999999999998,3.783918408295527,0.326668148757602,-0.16869779955599412,NU204_E_plastic_b,85,1000,2,OK
-0.0020907953500000002,0.030817765331604446,0.03088860769328107,0.188437,3.0856683780127905,-0.12189920912271068,0.07165110328177655,NU204_E_plastic_b,85,1000,2,OK
-0.0020242178499999997,0.03467393965182589,0.03473297495007766,0.23937999999999998,3.6034920757549487,0.13253804644860567,-0.08075943759526244,NU204_E_plastic_b,85,1000,2,OK
-0.0020345348999999996,0.03227227411007283,0.03233634191579182,0.212029,3.5273006543853214,0.33353371683791266,-0.06217700176538559,NU204_E_plastic_b,85,1000,2,OK
-0.0021059245500000003,0.032145653558538205,0.032214561318072495,0.194848,3.147955329849815,-0.2627942011760038,-0.011450762968055464,NU204_E_plastic_b,85,1000,2,OK
-0.0010335693500000004,0.8552323164249882,0.8552329409717871,6.6325,4.8813601534762645,2.8676439744958255,-0.9656649955906388,NU204_E_plastic_b,86,1000,2,OR
-0.002214544350000003,0.7181946453024349,0.7181980595544437,6.009399999999999,4.760803728878363,3.619584383945794,-0.8549683809000399,NU204_E_plastic_b,86,1000,2,OR
-0.0029515219999999994,0.7662157575977372,0.766221442321468,6.4154,4.923250370768575,2.5485175379943676,-0.7909441181684169,NU204_E_plastic_b,86,1000,2,OR
-0.0010836027500000004,0.8319370241433316,0.8319377298424336,7.0731,5.222506257557151,3.9160234234970863,-1.0664839492445082,NU204_E_plastic_b,86,1000,2,OR
-0.00012024815000000233,0.7465928633006204,0.7465928729843571,6.5907,5.521483192736522,3.7853665550873883,-0.9207017961327819,NU204_E_plastic_b,86,1000,2,OR
-0.0032648297499999973,0.771670242480859,0.7716771489708403,6.572100000000001,5.2772069322398485,3.428263138717118,-0.9484243570503673,NU204_E_plastic_b,86,1000,2,OR
-0.0011337869999999998,0.7901446950557963,0.7901455084968709,7.402,5.6150417262260115,4.602419452558576,-1.0612792173187435,NU204_E_plastic_b,86,1000,2,OR
-0.0007484664500000065,0.7874123991974866,0.7874127549208032,6.4666999999999994,5.003728953306426,3.3067471854112522,-0.9425889611929669,NU204_E_plastic_b,86,1000,2,OR
-0.001064829700000001,0.8036943668277864,0.8036950722338706,7.7414000000000005,5.629249396073794,4.214468593829668,-0.9783140818434557,NU204_E_plastic_b,86,1000,2,OR
-0.000786043049999996,0.732768084018231,0.7327685056137618,6.5656,5.135046022274531,3.7226981902674785,-0.8697071930454071,NU204_E_plastic_b,86,1000,2,OR
-0.0036872616499999955,0.8303990496363581,0.8304072359604306,6.5173000000000005,4.740686050798798,2.9893821896690573,-0.9383702111963554,NU204_E_plastic_b,86,1000,2,OR
-0.005487217900000004,0.7207474199099828,0.7207683073409784,6.1272,5.276730346303571,3.6927868163996402,-0.9431148090019297,NU204_E_plastic_b,86,1000,2,OR
-0.000789251349999995,0.7716862531036154,0.7716866567116413,6.218,5.169714890496976,3.291265630359101,-0.9162434496428427,NU204_E_plastic_b,86,1000,2,OR
-0.003955989149999995,0.7700478520112534,0.7700580135530699,6.7539,5.469717769140159,4.077962246819357,-0.9845429671097272,NU204_E_plastic_b,86,1000,2,OR
-0.0018348176000000007,0.7016373694431451,0.7016397685099682,6.7202,5.866685705032866,5.801894384116087,-1.1215421474928569,NU204_E_plastic_b,86,1000,2,OR
-0.002826943599999998,0.8197874589218139,0.8197923331036966,6.6433,5.02663886157466,3.161500337148314,-0.9673241524843825,NU204_E_plastic_b,87,1000,2,OR
-0.002365641099999998,0.8322730201143409,0.8322763821400078,6.8909,5.082205972400707,3.893492497576162,-1.041337089190218,NU204_E_plastic_b,87,1000,2,OR
-8.621699999999976e-05,0.7511183763936158,0.7511183813418179,7.3995999999999995,5.80201484646768,3.8617286569692126,-0.9519794953771338,NU204_E_plastic_b,87,1000,2,OR
-0.0022114254000000014,0.7696931251961256,0.7696963020415769,7.1015,5.881930298991417,3.442800535358442,-0.9023730592303265,NU204_E_plastic_b,87,1000,2,OR
-0.005022803499999998,0.7390883281355115,0.7391053952861831,6.6716,5.984261552153066,3.9488856738103566,-0.9802965034703747,NU204_E_plastic_b,87,1000,2,OR
0.0002660278499999985,0.8228196211824739,0.8228196641875344,6.9089,5.132351818754671,3.4074732857529586,-0.9602562557393046,NU204_E_plastic_b,87,1000,2,OR
-0.0046798898999999995,0.843786165186002,0.8437991431192469,6.7415,4.806357097031156,4.048696915702391,-1.0841223501692805,NU204_E_plastic_b,87,1000,2,OR
-0.0010856838000000055,0.7455328316167359,0.7455336221310088,6.7653,5.634621800144401,3.555869225441027,-0.8295630412001882,NU204_E_plastic_b,87,1000,2,OR
-0.0016650923999999966,0.7707840776065129,0.770785876118928,6.228300000000001,4.533554789035644,2.9136284272393365,-0.9091422291724888,NU204_E_plastic_b,87,1000,2,OR
0.00022016794999999822,0.7209259177525678,0.7209259513717816,6.9825,5.847896017584003,5.835052683317112,-1.189046888720164,NU204_E_plastic_b,87,1000,2,OR
-0.005583221199999997,0.7890474843815158,0.7890672372920868,6.9043,5.354169835385166,3.6961111052687254,-0.9791056143286961,NU204_E_plastic_b,87,1000,2,OR
-0.0038273905999999967,0.8736152965800223,0.8736236806184945,7.2566999999999995,5.113185573034745,3.076623549344186,-0.9583525524037785,NU204_E_plastic_b,87,1000,2,OR
-0.0011929702500000049,0.7588014355090482,0.7588023732887302,6.6511000000000005,5.3822973461443935,3.9098883111664344,-0.9632130864313516,NU204_E_plastic_b,87,1000,2,OR
-0.0016435961500000035,0.8465075463091167,0.8465091419273544,6.5801,4.961907428945949,2.794908645227701,-0.9299669274530713,NU204_E_plastic_b,87,1000,2,OR
-0.005489985850000004,0.746275585901046,0.7462957792032477,6.864699999999999,5.723066000131832,4.489898246226388,-1.0359214433766126,NU204_E_plastic_b,87,1000,2,OR
-0.0027613831999999997,0.7391068114691478,0.7391119698646935,6.6216,5.415958830612382,3.6987439784721348,-0.9323915896852631,NU204_E_plastic_b,88,1000,2,OR
-0.0016782913999999968,0.8105520949234197,0.8105538324175439,6.673399999999999,5.181025407621161,3.215695614393921,-0.9148729600042261,NU204_E_plastic_b,88,1000,2,OR
-0.001790161999999993,0.8547024486278668,0.8547043233601065,6.925700000000001,5.137332151004007,3.7413717634697035,-1.040610865724067,NU204_E_plastic_b,88,1000,2,OR
-0.001275545750000001,0.7058888510323902,0.7058900034911871,6.6055,5.537548315838704,4.564749638571071,-0.9372640761839398,NU204_E_plastic_b,88,1000,2,OR
-0.0021455461500000036,0.7854762824712896,0.7854792127696308,7.0841,5.482767627694129,4.561309385618236,-1.057927164524938,NU204_E_plastic_b,88,1000,2,OR
-0.006037666050000007,0.7332603653648853,0.7332852220155377,6.8769,5.251435436562507,4.259463491723247,-0.992897554773715,NU204_E_plastic_b,88,1000,2,OR
-0.0016639353499999978,0.8562980788481521,0.8562996955037909,7.095,5.32465446845393,3.682932959333036,-1.0708214266194325,NU204_E_plastic_b,88,1000,2,OR
-0.0019416356499999995,0.8204878851489841,0.8204901825282553,6.086600000000001,4.446853938894452,3.4665576616575215,-0.9899670702327695,NU204_E_plastic_b,88,1000,2,OR
-0.00314555485,0.7475077451987748,0.747514363505793,7.3283,6.474390642210707,4.57716079639452,-1.027024750277193,NU204_E_plastic_b,88,1000,2,OR
-0.0030266293499999976,0.8273584988948335,0.8273640348593445,6.6561,4.821456858078396,3.056910353481209,-0.9519024643433552,NU204_E_plastic_b,88,1000,2,OR
-0.002533672299999999,0.7292460891891022,0.7292504906360529,7.3149999999999995,6.282752029421108,6.75948348695152,-1.1657993579056656,NU204_E_plastic_b,88,1000,2,OR
0.0001244279999999991,0.8198456991680455,0.8198457086102655,7.0765,5.348323414942001,3.2678036414248863,-0.9681336059104922,NU204_E_plastic_b,88,1000,2,OR
-0.0033698643499999997,0.8249728953020932,0.8249797779151049,7.331799999999999,5.416011543085111,4.252855459094271,-1.06369507272712,NU204_E_plastic_b,88,1000,2,OR
-0.0016617252999999983,0.7709319204786386,0.7709337113811111,6.2042,4.3800134176915355,3.17628737691167,-0.8400912206591727,NU204_E_plastic_b,88,1000,2,OR
-0.0026980341500000026,0.8602516704653353,0.8602559014192664,6.705,4.749516967287489,3.1113876250378274,-0.9944732310934267,NU204_E_plastic_b,88,1000,2,OR
-0.0008219958000000025,0.8132946103822786,0.813295025777213,6.3528,4.452504792512969,2.7729101295201497,-0.8628038222218393,NU204_E_plastic_b,89,1000,2,OR
-0.002153194750000009,0.8608997809285853,0.8609024735999529,6.7384,4.919024082125987,3.264252690368127,-1.0108710501578155,NU204_E_plastic_b,89,1000,2,OR
-0.005155818750000001,0.7845352826675207,0.7845522240215685,7.1502,5.314751360497537,4.405743210956267,-1.0372934191315173,NU204_E_plastic_b,89,1000,2,OR
-0.004504971850000006,0.7843902895234908,0.7844032260706957,6.6043,5.625550550199162,3.542366104167068,-0.9985011307240323,NU204_E_plastic_b,89,1000,2,OR
-0.0024213449500000046,0.7567465617157667,0.7567504354673352,7.3612,5.7387479365216105,5.0046575909794875,-1.0787741787470293,NU204_E_plastic_b,89,1000,2,OR
-0.0018231552500000033,0.8184215079651567,0.8184235386369497,7.0299,5.539063560598492,3.0204603480251953,-0.9343903033555728,NU204_E_plastic_b,89,1000,2,OR
-0.002387793549999996,0.8389092878547311,0.8389126860448408,7.4902,5.212103801427417,3.2883946989530433,-0.9598566017945986,NU204_E_plastic_b,89,1000,2,OR
-0.0008415131499999962,0.7580387965260311,0.7580392636156884,7.582699999999999,6.335687649069953,4.447977628643189,-0.9445497788690607,NU204_E_plastic_b,89,1000,2,OR
-0.0021778689499999983,0.8020443692786686,0.8020473261627276,6.755800000000001,5.413894988933621,4.039571960412335,-1.0319576336280565,NU204_E_plastic_b,89,1000,2,OR
-0.0055593156999999985,0.7735290685407031,0.7735490455481799,7.0052,5.379490833772629,4.928306671280292,-1.1007396623213652,NU204_E_plastic_b,89,1000,2,OR
0.0030867986000000006,0.753576726627052,0.7535830486678555,7.035,5.994030794595122,4.911574654932092,-1.0347659791355506,NU204_E_plastic_b,89,1000,2,OR
-0.0015328929499999991,0.8424661535497203,0.8424675481213844,7.0100999999999996,5.01776004242115,3.5600404446037883,-0.9796430407266241,NU204_E_plastic_b,89,1000,2,OR
-0.002100071550000006,0.7271226730847021,0.7271257057857038,6.7538,5.478144931894273,4.454889279799446,-0.9763531163949318,NU204_E_plastic_b,89,1000,2,OR
-0.001384973700000004,0.848909544762944,0.8489106745363605,7.0883,5.318934176986369,3.266624255462922,-1.0119644347432095,NU204_E_plastic_b,89,1000,2,OR
-0.0035125985,0.7673920361161508,0.7674000752167763,7.39,6.179957695026719,3.9659019724589335,-0.9927792419392658,NU204_E_plastic_b,89,1000,2,OR
-0.0023910977499999975,0.8255748944306095,0.8255783570700979,5.9909,4.525433555766987,2.8560375048914137,-0.9545373091340851,NU204_E_plastic_b,90,1000,2,OR
-0.0018567405000000012,0.8001848713086935,0.8001870254862888,6.5347,4.926348309139819,2.8583916533544267,-0.8899491206106004,NU204_E_plastic_b,90,1000,2,OR
-0.004771958700000001,0.8220140819432487,0.8220279329212823,7.040000000000001,4.907132517583534,3.812790359722479,-1.0582048230020331,NU204_E_plastic_b,90,1000,2,OR
-0.0011179489499999965,0.7701592150159517,0.7701600264125903,7.392099999999999,6.057442401588313,5.481222019398169,-1.1570031541374541,NU204_E_plastic_b,90,1000,2,OR
-0.002646718200000004,0.7615301898085591,0.7615347891640212,6.4383,4.975609852518366,3.8987205617295695,-1.0148703073996355,NU204_E_plastic_b,90,1000,2,OR
-0.0021840828499999966,0.7024243492446206,0.7024277447749515,6.8039,6.050017288769747,5.289029015266829,-1.0883285277211343,NU204_E_plastic_b,90,1000,2,OR
-0.0052172858499999995,0.7735586532555782,0.7735762471135114,6.3104,4.705159980779388,2.932432645697241,-0.8673305970580517,NU204_E_plastic_b,90,1000,2,OR
0.0001578636,0.8300907834569375,0.8300907984678957,7.7427,5.903932448167647,4.506440708950433,-1.0834560460833689,NU204_E_plastic_b,90,1000,2,OR
-0.0009579010499999982,0.7303427828888542,0.7303434110692433,7.0015,6.0733073411399126,3.983910608386754,-0.8964390901872311,NU204_E_plastic_b,90,1000,2,OR
-0.004214396050000005,0.8438520302566149,0.8438625540348837,6.8628,4.849012413733491,3.2806033828827497,-0.9543128850709167,NU204_E_plastic_b,90,1000,2,OR
-0.0009560074499999998,0.7389106142296541,0.7389112326737829,7.0092,5.812200180608215,5.596982831411195,-1.1033946103180172,NU204_E_plastic_b,90,1000,2,OR
-0.002102637850000002,0.7963489867198233,0.7963517625620085,6.9318,5.652778346992708,3.792460464257479,-1.0087552031759586,NU204_E_plastic_b,90,1000,2,OR
-0.0027319770999999996,0.8235216746648072,0.8235262062263735,6.896100000000001,5.322599289323775,4.544273296586452,-1.1623784118763032,NU204_E_plastic_b,90,1000,2,OR
-3.78589999999992e-05,0.7602623533291497,0.7602623542717875,6.7692,5.353415142984982,3.66873698780239,-0.908651364098063,NU204_E_plastic_b,90,1000,2,OR
-0.00292470375,0.8438904243489685,0.8438954924633189,6.664999999999999,4.8159991803447815,2.7535805465030503,-0.9017302929226304,NU204_E_plastic_b,90,1000,2,OR
-0.0011599960499999997,0.039276061579897714,0.03929318775645382,0.33734,4.473548979775216,1.9336224887332731,-0.03838667028138143,NU204_E_plastic_b,91,1000,2,RE
-0.0015379675500000003,0.03709784481324204,0.03712971093305525,0.47234,7.486457422229304,5.030388892822662,0.30831578278353416,NU204_E_plastic_b,91,1000,2,RE
-0.0016874148499999998,0.18006054889132642,0.18006845541604932,2.8693999999999997,8.54119616035158,20.642747384299824,-1.0590581689170862,NU204_E_plastic_b,91,1000,2,RE
-0.0011623414000000002,0.03804059176758316,0.038058345465325605,0.30125,4.561154666015507,1.0345069729935092,0.3079574567280763,NU204_E_plastic_b,91,1000,2,RE
-0.0018226570000000003,0.18333816453556717,0.18334722428717146,3.0193000000000003,9.551821724101966,28.737149360825377,-1.3358590525910994,NU204_E_plastic_b,91,1000,2,RE
-0.00152623635,0.038149154366223785,0.038179672291076994,0.27735,3.9861526007798775,0.45676731277558336,0.21695009944370383,NU204_E_plastic_b,91,1000,2,RE
-0.0021511882499999995,0.14268955150745738,0.14270576624750056,2.9289,10.682819903408781,47.47375878129286,-2.1024385443117763,NU204_E_plastic_b,91,1000,2,RE
-0.0017534401999999998,0.06069660845700638,0.06072193039354163,0.77156,7.855975541428716,7.454907116305732,-0.08482084177955837,NU204_E_plastic_b,91,1000,2,RE
-0.0012594000000000001,0.035641710865339786,0.03566395437649168,0.34672000000000003,5.459013264337625,2.1371697075889626,-0.15263222040056137,NU204_E_plastic_b,91,1000,2,RE
-0.00185323055,0.1973585345250896,0.19736723540993942,2.941,8.18372916175862,17.650459700582406,-0.7805369644720972,NU204_E_plastic_b,91,1000,2,RE
-0.0011759232999999996,0.033350285540222846,0.03337101049147118,0.32109,4.916243097940644,2.1313828699858828,0.17864816648887225,NU204_E_plastic_b,91,1000,2,RE
-0.00271020305,0.17944836130475728,0.17946882619423057,2.5418,7.405742981578195,19.766612097369798,-0.9925590993209155,NU204_E_plastic_b,91,1000,2,RE
-0.0009846913500000003,0.05207512354181743,0.052084432500991235,0.70297,6.9268298160517325,9.090865432875493,0.48568203402665194,NU204_E_plastic_b,91,1000,2,RE
-0.00166216645,0.04109129591779087,0.04112489996961649,0.37,5.311623861976218,1.6076780419995957,0.08000920666403664,NU204_E_plastic_b,91,1000,2,RE
-0.002039171450000002,0.15044693851535015,0.15046075743809098,2.47763,9.989980281858344,22.35243696983653,-1.4687749370356944,NU204_E_plastic_b,91,1000,2,RE
-0.00154391175,0.07396765011469122,0.07398376123840399,1.42,11.738251549573887,30.564583351708677,-1.6769619427572653,NU204_E_plastic_b,92,1000,2,RE
-0.00198452555,0.03518454202685655,0.035240464515925975,0.31609,4.965882328847098,1.4425394417437367,-0.0917207185076939,NU204_E_plastic_b,92,1000,2,RE
0.0002990798500000006,0.17518885626909836,0.1751891115612825,2.03984,6.678497251187468,13.057456972900582,-0.8351495075834914,NU204_E_plastic_b,92,1000,2,RE
-0.0011927964,0.044386210058550014,0.04440223425249658,0.40454,4.8844388948244335,2.332988188073645,0.0953160656831026,NU204_E_plastic_b,92,1000,2,RE
-0.0031954485999999994,0.15458028291934847,0.15461330718661007,3.1835,11.42398433964141,39.11549991623978,-1.9302835211820928,NU204_E_plastic_b,92,1000,2,RE
-0.00027783095000000023,0.051892818487393945,0.05189356222695058,0.39266,4.329824170045292,1.29631254968361,0.13256767190263416,NU204_E_plastic_b,92,1000,2,RE
-0.0029731342999999998,0.04734382356175485,0.04743708630399226,0.69859,10.151550980893031,11.531153334121274,-0.7570490457162624,NU204_E_plastic_b,92,1000,2,RE
-0.0013745444999999994,0.14807625501080793,0.14808263460179352,2.23968,8.957161003832756,22.329980385947092,-1.2182151469948264,NU204_E_plastic_b,92,1000,2,RE
-0.0017088884,0.039512879117819616,0.03954981562211232,0.38156,4.989656636721894,2.00175565812635,0.11205238813421686,NU204_E_plastic_b,92,1000,2,RE
-0.00016314739999999907,0.17887546659018044,0.1788755409912962,2.4777,7.921150047389341,17.213650485523832,-0.7391203392485967,NU204_E_plastic_b,92,1000,2,RE
-0.0022157730000000003,0.03699956402944082,0.037065852052208643,0.25922,3.81914868166547,0.19738830281959885,0.022516994973803973,NU204_E_plastic_b,92,1000,2,RE
-0.0023099949000000004,0.039238011390304035,0.03930594884115705,0.42891,6.320671738621402,2.344092533989383,0.02077121464933592,NU204_E_plastic_b,92,1000,2,RE
-0.0014905382500000008,0.1470405715437259,0.14704812608183854,2.3911,9.029016794549824,27.777377820850898,-1.580374608926989,NU204_E_plastic_b,92,1000,2,RE
-0.0020735882,0.04175039899637123,0.04180186101574157,0.40922000000000003,5.43492549086381,2.118467552014142,-0.08577098149870888,NU204_E_plastic_b,92,1000,2,RE
-0.002410929250000001,0.16670266106250684,0.16672009412536193,2.1153,6.588288027081364,12.91569570807267,-0.6271708272258455,NU204_E_plastic_b,92,1000,2,RE
-0.0016107749,0.03245093083794262,0.03249088346024782,0.41108999999999996,8.771691306845929,7.582443933360121,0.8949290652283814,NU204_E_plastic_b,93,1000,2,RE
0.0009529541500000009,0.18822109990313318,0.1882235122676156,2.6086,7.210576317746835,16.08390791250637,-0.319197783448899,NU204_E_plastic_b,93,1000,2,RE
-0.0019159363000000001,0.050650568633232015,0.050686792310969966,0.62203,6.254686586891912,7.734269278887258,-0.6324788479900454,NU204_E_plastic_b,93,1000,2,RE
-0.0016759221499999999,0.03672549259456722,0.03676371201832688,0.45233999999999996,6.638611462257537,3.0169497289737324,0.014462496563741895,NU204_E_plastic_b,93,1000,2,RE
-0.0021373535000000004,0.19960131112856172,0.19961275431250594,2.7754,7.456437366070402,13.902295757538198,-0.46068534923898585,NU204_E_plastic_b,93,1000,2,RE
-0.00109669635,0.03373260628501931,0.033750429177481986,0.3111,4.643496507136636,1.2121905388874774,-0.06688680775010349,NU204_E_plastic_b,93,1000,2,RE
-0.002801734899999999,0.22606161070874867,0.2260789719427344,3.2041,8.60805400553991,16.63843512182043,-1.1832864232937697,NU204_E_plastic_b,93,1000,2,RE
-0.00299140455,0.05143478889655689,0.051521704261554974,0.62219,7.985178399989194,6.350801780938422,-0.8495077316168088,NU204_E_plastic_b,93,1000,2,RE
-0.0033454224999999995,0.05521133920557994,0.055312600992695284,1.18125,16.64683966175448,79.06774085669761,-4.870915023510039,NU204_E_plastic_b,93,1000,2,RE
-0.0015423677499999996,0.19180514923432304,0.19181135047508835,2.5997,8.335794498290957,18.903507700932966,-1.3582717852893158,NU204_E_plastic_b,93,1000,2,RE
-0.0012609243,0.036514392682501985,0.03653615747533236,0.39875,6.158283069365198,2.1953765577930486,0.2796621527081204,NU204_E_plastic_b,93,1000,2,RE
-0.0007677604999999993,0.2083810633823447,0.20838247774835125,3.1426,8.851511988582226,19.22503037347818,-0.9256980129873364,NU204_E_plastic_b,93,1000,2,RE
-0.0018542327,0.030221696394139606,0.03027852558902596,0.221099,4.066578461291615,0.4922543626441276,-0.16115593928980032,NU204_E_plastic_b,93,1000,2,RE
-0.0016864478000000005,0.10050825069074558,0.10052239831547935,1.8706200000000002,9.831440719295053,23.96485162342777,-0.17877873851235712,NU204_E_plastic_b,93,1000,2,RE
-0.000162731600000001,0.19605473169319468,0.19605479922935878,3.2527999999999997,9.832965107600977,36.1641839654051,-1.597395119497096,NU204_E_plastic_b,93,1000,2,RE
-0.0014675053500000001,0.03538896340840487,0.03541937750827501,0.30703,4.601153703560302,1.4968721136134198,0.013987758283553182,NU204_E_plastic_b,94,1000,2,RE
-0.0020623019999999994,0.17293845668598776,0.17295075278954544,2.17973,7.156372435719266,14.657274447685076,-0.9729095644929799,NU204_E_plastic_b,94,1000,2,RE
-0.0006876628,0.03617744206354971,0.0361839770394024,0.30812,4.443403217532425,1.0129303673966445,-0.08390191199614225,NU204_E_plastic_b,94,1000,2,RE
-0.0019500007499999995,0.04224672698095318,0.04229170655729321,0.37594,4.692172914118998,1.0457431798204944,-0.09820708170075539,NU204_E_plastic_b,94,1000,2,RE
-0.0016702883000000006,0.16162743203123334,0.16163606233763572,2.4716,8.467169888989135,22.0584737229008,-1.2584356269024608,NU204_E_plastic_b,94,1000,2,RE
-0.0010871836,0.04306162128004676,0.0430753432423502,0.41969,5.575347331507342,2.8399050823473617,-0.2002055604891098,NU204_E_plastic_b,94,1000,2,RE
-0.00132185015,0.1501177760847977,0.1501235956952288,2.7035,10.80909361706404,29.803788868309283,-1.8251822011781682,NU204_E_plastic_b,94,1000,2,RE
-0.0014523819000000003,0.04356307824856972,0.04358728254519264,0.38905999999999996,4.8034653177315825,1.345966671502235,0.04634551524807718,NU204_E_plastic_b,94,1000,2,RE
-0.0015691427500000002,0.12486168663101366,0.12487154598751203,2.1222000000000003,8.970818701259832,26.741053627142488,-0.7960371729295227,NU204_E_plastic_b,94,1000,2,RE
-0.001599769800000001,0.12875478533754373,0.12876472347164789,2.33657,10.822840001724932,35.154389326140716,-1.948129575130366,NU204_E_plastic_b,94,1000,2,RE
-0.0014635886999999998,0.04007211640697141,0.04009883545960699,0.34750000000000003,4.590158240016978,2.0020251771957627,0.010032899087593583,NU204_E_plastic_b,94,1000,2,RE
-0.001074528400000002,0.17963640109813073,0.179639614814692,2.6398,7.993225778630223,17.79365298482595,-1.0043150303800843,NU204_E_plastic_b,94,1000,2,RE
-0.0020123663500000006,0.029928350815515464,0.029995929738269114,0.29530999999999996,5.224708864418195,1.9160110216463444,-0.09753308110759108,NU204_E_plastic_b,94,1000,2,RE
-0.0021473418999999987,0.13117195387939223,0.13118952916209775,1.99191,8.968703581108164,30.003791603839417,-2.0741299137597102,NU204_E_plastic_b,94,1000,2,RE
-0.00075915085,0.09848532100597036,0.09848824683007655,1.8648,10.481453708695259,36.036921059567355,-0.6172073493810897,NU204_E_plastic_b,94,1000,2,RE
-0.003613104300000001,0.15776562194870752,0.15780698967899104,2.4413,9.094654190663325,27.678200504403218,-1.7534489720412176,NU204_E_plastic_b,95,1000,2,RE
-0.0016273449999999999,0.03198347864368415,0.03202485219169676,0.23062,3.654349418991009,0.5021517380110447,-0.05808383265444983,NU204_E_plastic_b,95,1000,2,RE
-0.004014410750000001,0.1999209519038032,0.1999612525060606,2.7507,8.365120637305983,17.779979068886323,-1.3385283931207577,NU204_E_plastic_b,95,1000,2,RE
-0.00166420365,0.03325209924465911,0.033293718295878766,0.5098400000000001,8.23638854522128,9.359512724486489,0.2841886467155574,NU204_E_plastic_b,95,1000,2,RE
-0.002610324250000001,0.18776258603545243,0.18778072986174807,2.6134,7.645086910978288,15.322376806087021,-0.7537749980440842,NU204_E_plastic_b,95,1000,2,RE
-0.0010937675999999996,0.047576198814725995,0.04758876990657717,0.54031,6.320398711512601,4.260973525648762,0.44044392563678264,NU204_E_plastic_b,95,1000,2,RE
-0.0015157942000000003,0.0423866587727643,0.04241375335873389,0.43578,5.293801708632904,3.6626173126049917,0.1803252482185371,NU204_E_plastic_b,95,1000,2,RE
-0.0012159571500000009,0.18298696736558734,0.1829910073676987,2.6224999999999996,7.362656883421384,14.450944468857596,-0.6005501828286255,NU204_E_plastic_b,95,1000,2,RE
-0.0008342306499999997,0.02949799382833675,0.0295097878791765,0.23953000000000002,4.061025463506119,0.8310831721167351,0.05370888074392886,NU204_E_plastic_b,95,1000,2,RE
-0.0022057069499999997,0.20591118223894275,0.20592299559347027,3.1803,9.104374159849533,18.440042863089694,-1.0969981262337003,NU204_E_plastic_b,95,1000,2,RE
-0.0012635866499999997,0.0405992948742584,0.040618953648623723,0.50672,6.512476965515407,6.660085052385394,0.33593302396613606,NU204_E_plastic_b,95,1000,2,RE
-0.0011488830999999999,0.04820604655444091,0.04821973513807795,0.8975,10.754725187000915,29.512447110957105,-0.2053776829409569,NU204_E_plastic_b,95,1000,2,RE
-0.0002963270499999987,0.19282888712494986,0.1928291148130054,2.8003,7.8261003348142655,17.976018454403377,-0.4878044127310066,NU204_E_plastic_b,95,1000,2,RE
-0.0011215672000000002,0.03376171660154493,0.0337803407452789,0.27359,4.472719832499504,0.7857158517710334,0.24824217404379673,NU204_E_plastic_b,95,1000,2,RE
-0.0021304753999999994,0.2288117295442276,0.22882164780118763,2.8935,7.738778288750742,18.762606292405994,-1.4631897110652274,NU204_E_plastic_b,95,1000,2,RE
-0.0017670066999999994,0.08712692932199097,0.08714484566373994,1.46657,9.119185351092568,27.512848780521917,-0.6753831450712854,NU204_E_plastic_b,96,1000,2,IR
-0.0012792182499999994,0.0784694110967214,0.07847983739278133,1.15985,7.625398062497071,18.256980675418397,0.17210446232411863,NU204_E_plastic_b,96,1000,2,IR
-0.0019913737999999997,0.12754134243245538,0.12755688769754525,2.08357,9.412271039779412,24.37747609810343,-1.0849541282457147,NU204_E_plastic_b,96,1000,2,IR
-0.0018058925499999997,0.1210809480265584,0.12109441449923394,2.0270099999999998,10.24489862005855,30.694766320105245,-1.3539498936717553,NU204_E_plastic_b,96,1000,2,IR
-0.0016360761499999985,0.14205705624453274,0.1420664773056295,2.2625,9.432204031618525,15.896053300060384,-0.6355501369160419,NU204_E_plastic_b,96,1000,2,IR
-0.0007771755499999993,0.1361878722191951,0.13619008973279711,1.71781,7.1625622827171735,9.57079079462801,-0.19860811316574115,NU204_E_plastic_b,96,1000,2,IR
-0.0022386119000000005,0.18684636085794673,0.18685977081516736,2.7157999999999998,9.121813606878545,18.509807966901047,-0.9691956908619371,NU204_E_plastic_b,96,1000,2,IR
-0.0018742370000000004,0.16215665207498162,0.16216748310465576,2.4085,8.14096620805295,13.976306413180936,-0.15271128107267487,NU204_E_plastic_b,96,1000,2,IR
-0.0011446630500000015,0.10917895845137167,0.10918495877191317,1.95546,9.459178366843679,32.10860122778012,-1.062307324309537,NU204_E_plastic_b,96,1000,2,IR
-0.0022706684,0.16604751241016683,0.1660630371653706,2.775,9.994999659961179,31.82822180618598,-1.343935720008371,NU204_E_plastic_b,96,1000,2,IR
-0.002139514499999999,0.11862826842449628,0.1186475604118772,2.03046,9.156530452279288,24.485814974372623,-0.5872890439657992,NU204_E_plastic_b,96,1000,2,IR
-0.0019570611500000002,0.06147085491941102,0.06150200072248152,0.9975,9.019056184902906,19.723266623545427,-0.5133307012767044,NU204_E_plastic_b,96,1000,2,IR
-0.0023096881499999997,0.08261870099790293,0.08265097950981064,1.11844,7.474926536432229,12.985749919190848,0.13232082943088075,NU204_E_plastic_b,96,1000,2,IR
-0.0019735981500000003,0.09568632658965963,0.0957066778541638,1.8599899999999998,11.064013752661372,36.09767806213635,-0.7807915479789007,NU204_E_plastic_b,96,1000,2,IR
-0.002001764200000001,0.06583387262395103,0.0658642987101435,1.12797,9.5034793090965,23.47839562462902,-0.5471327404674299,NU204_E_plastic_b,96,1000,2,IR
-0.0017179711499999998,0.06115810314294946,0.06118222785185153,0.93938,7.8326667208065315,15.352693568002696,-0.08681622965503041,NU204_E_plastic_b,97,1000,2,IR
-0.001562542800000001,0.08995202495529842,0.08996559527708611,1.275,7.8258805250113355,14.643055837676041,0.5409371527611027,NU204_E_plastic_b,97,1000,2,IR
-0.0025796978499999994,0.11232191862384626,0.11235153868256206,1.95409,10.151173836812042,22.59374833521556,-0.6454553095536745,NU204_E_plastic_b,97,1000,2,IR
-0.0019219363999999999,0.11273928608383026,0.11275566711353077,1.8612799999999998,9.449635901024607,17.98683283818087,-0.5680247030881199,NU204_E_plastic_b,97,1000,2,IR
-0.0025482731,0.16512732793133664,0.16514698945344225,2.22371,8.104295479012155,11.904594663537075,-0.43925279494976516,NU204_E_plastic_b,97,1000,2,IR
-0.00134784385,0.0959456242690769,0.09595509105527888,1.5623399999999998,9.079768362661243,22.43115741767342,-0.3653364816827987,NU204_E_plastic_b,97,1000,2,IR
-0.0014935550500000004,0.11450178296608135,0.11451152347732946,1.69953,7.557929313300441,14.225224635487638,-0.21813544426537906,NU204_E_plastic_b,97,1000,2,IR
-0.0014326159500000003,0.13187634888171967,0.13188413014018494,2.01377,8.270896572927652,15.944822993322013,-0.36509720206600993,NU204_E_plastic_b,97,1000,2,IR
-0.0015845823499999999,0.14037629521709669,0.14038523839813577,2.1467,8.916179608928326,24.18173907775165,-1.0848568685138291,NU204_E_plastic_b,97,1000,2,IR
-0.0012029846500000005,0.17739715188454716,0.17740123074211528,2.6737,8.49486778471507,21.777031012372856,-0.6818738780052683,NU204_E_plastic_b,97,1000,2,IR
-0.0017047712500000002,0.1141787099173798,0.11419143594601126,1.81033,8.89558828632527,18.446929291597662,-0.5473084178539882,NU204_E_plastic_b,97,1000,2,IR
-0.0013284648000000004,0.14595302067409321,0.14595906639403092,2.7095000000000002,10.676966073439695,30.920171337245435,-1.0732824146020563,NU204_E_plastic_b,97,1000,2,IR
-0.0012039611499999985,0.14063578781287164,0.14064094118071652,2.36964,9.810798963774186,27.86205191712113,-0.8510607134992765,NU204_E_plastic_b,97,1000,2,IR
-0.0016128263500000011,0.12017932327183733,0.1201901449824903,2.5175,11.654865714689613,41.12562711354303,-0.387291367254307,NU204_E_plastic_b,97,1000,2,IR
-0.0019086709000000002,0.1155593273604748,0.11557508885832572,1.98082,9.855930125187546,26.48749658818339,-0.9460268724251977,NU204_E_plastic_b,97,1000,2,IR
-0.002528744399999999,0.12770702266746672,0.1277320562225058,2.45611,12.249861516942424,37.61238410974317,-1.7493284989692288,NU204_E_plastic_b,98,1000,2,IR
-0.0016616833000000005,0.14608311264681798,0.14609256309604676,2.7418,11.182636305216604,33.70939456529131,-0.7368711966933614,NU204_E_plastic_b,98,1000,2,IR
-0.0018957722999999994,0.08230208095998304,0.08232391197554359,1.54406,9.495661482076189,24.932870889637915,0.2861303179008074,NU204_E_plastic_b,98,1000,2,IR
-0.0017120408999999994,0.12441712899949789,0.1244289077044437,2.29878,11.306858076274471,32.78606844626613,-1.275161128896404,NU204_E_plastic_b,98,1000,2,IR
-0.0020930017,0.16222915377372668,0.1622426546573239,3.3675,11.478485752919926,45.72137460833481,-0.8218328928670346,NU204_E_plastic_b,98,1000,2,IR
-0.0018298114499999997,0.07112511716181971,0.0711486507336937,0.94937,6.8254281000725445,12.733725582149445,0.05956361756830861,NU204_E_plastic_b,98,1000,2,IR
-0.0010147211000000008,0.11374921314310163,0.11375373905760439,1.6115599999999999,7.696186580352017,13.206667434547647,-0.26176382708668183,NU204_E_plastic_b,98,1000,2,IR
-0.0018331552499999996,0.0565906258534384,0.05662030901235398,0.82062,7.5419934551545165,10.961642093063478,0.16958318022172314,NU204_E_plastic_b,98,1000,2,IR
-0.0020650138499999997,0.14272186429270622,0.14273680264524052,2.20064,8.973158822839215,17.443289680612548,-0.3921326076015387,NU204_E_plastic_b,98,1000,2,IR
-0.0018947998000000009,0.14944358791128642,0.14945559954073476,1.9616900000000002,7.966245518124579,17.200948788449594,-0.9921232426013439,NU204_E_plastic_b,98,1000,2,IR
-0.0020742161499999997,0.07897752600674479,0.07900475926666047,1.3114,9.390193791946212,27.789924914254254,-1.2868061866257383,NU204_E_plastic_b,98,1000,2,IR
-0.001900103499999999,0.16289851958868162,0.16290960093712956,2.4889,7.955946074045039,22.963901588421177,-0.8162401467027562,NU204_E_plastic_b,98,1000,2,IR
-0.0029998700000000004,0.1240223414398613,0.12405861677546802,1.82191,9.202101632860908,21.761472012940747,-1.1690229466816693,NU204_E_plastic_b,98,1000,2,IR
-0.0017306244499999993,0.09365692461137416,0.09367291277977621,1.42313,8.547081287866757,22.754328012347518,-0.5025525437417351,NU204_E_plastic_b,98,1000,2,IR
-0.001656876150000001,0.20772143912839636,0.20772804700412634,3.637,9.296770599117211,37.0971894259422,-1.75537540971992,NU204_E_plastic_b,98,1000,2,IR
-0.0011920351499999998,0.09566645151161339,0.09567387779651619,1.9245299999999999,10.424371029688906,38.20999898709358,-1.0670992494949227,NU204_E_plastic_b,99,1000,2,IR
-0.00205692335,0.1072513355302417,0.1072710581037041,1.96409,10.981526805311928,33.841282950556725,-1.3856060783202848,NU204_E_plastic_b,99,1000,2,IR
-0.0015275372999999986,0.20663654272849372,0.20664218872482817,3.8686,12.052717866420629,42.916047134955875,-1.991553999476157,NU204_E_plastic_b,99,1000,2,IR
-0.0017550346000000004,0.08898229828863782,0.08899960424167803,1.23296,7.984529887012919,15.683298306912764,-0.4492147572113904,NU204_E_plastic_b,99,1000,2,IR
-0.00206019725,0.13183553589746236,0.13185163229205774,2.41173,11.184541096415614,31.37090388949268,-1.2547829993047603,NU204_E_plastic_b,99,1000,2,IR
-0.0019072475,0.16742368174751882,0.16743454483146758,2.8136,10.053480909177598,35.11126724686896,-1.599609789100789,NU204_E_plastic_b,99,1000,2,IR
-0.0019504490499999997,0.1402901651111815,0.14030372296706603,2.5625,11.051738095103703,25.452435958285676,-0.8552197693971343,NU204_E_plastic_b,99,1000,2,IR
-0.0018983822,0.06979156183200831,0.06981737575939327,0.9239,7.237596579702658,9.932350564669079,0.03846049751374356,NU204_E_plastic_b,99,1000,2,IR
-0.001402203499999999,0.1688114795976741,0.16881730307824297,3.2918,11.926502575786529,39.844306176203304,-1.2744586963356566,NU204_E_plastic_b,99,1000,2,IR
-0.0015765131499999997,0.10107856378052966,0.10109085739890986,1.49281,7.559734081434759,15.655792732137837,-0.5292702512280952,NU204_E_plastic_b,99,1000,2,IR
-0.0015739765000000005,0.11824375742212237,0.11825423278396537,1.78949,9.511710266260481,15.613842105319662,-0.6517138675272811,NU204_E_plastic_b,99,1000,2,IR
-0.0024959048500000003,0.14085617072634038,0.14087828211867223,1.6748500000000002,6.659152751520234,10.515882263881341,-0.48866898564246797,NU204_E_plastic_b,99,1000,2,IR
-0.0020230404499999998,0.09161737561947025,0.09163970868603544,1.66282,9.590929659228971,25.49767731433837,0.15500201494880236,NU204_E_plastic_b,99,1000,2,IR
-0.0013817738499999994,0.15442822210547272,0.1544344038147904,2.5237,9.085410797989711,21.324622165507492,-0.5691144159947666,NU204_E_plastic_b,99,1000,2,IR
-0.001363465,0.11094064836448789,0.1109490265677855,1.84062,9.566555316747426,25.719384294771448,-0.447994185539737,NU204_E_plastic_b,99,1000,2,IR
-0.0018953423999999996,0.1158788915526906,0.11589439084914104,1.68282,8.278053777846925,16.07344637322741,-0.5555699698336661,NU204_E_plastic_b,100,1000,2,IR
-0.00236175225,0.12516391450676562,0.12518619479937598,1.6560899999999998,7.618651573589919,16.396654505538454,-0.6807608714380073,NU204_E_plastic_b,100,1000,2,IR
-0.0017289194000000001,0.067669164196414,0.06769124718405575,1.09469,8.995402290998486,19.01584844053758,-0.4971460042353032,NU204_E_plastic_b,100,1000,2,IR
-0.002161398149999999,0.09627949416906068,0.09630375194878449,1.5895299999999999,9.99275708917119,20.174453951420034,-0.7899068289182188,NU204_E_plastic_b,100,1000,2,IR
-0.0021950633500000018,0.14352616379632524,0.1435429482670608,2.25596,9.679333027318274,24.037595168477353,-1.2270112763949659,NU204_E_plastic_b,100,1000,2,IR
-0.001722036299999999,0.1156638851461699,0.11567670351511969,1.97781,10.589859174538844,29.664914060225,-1.1252638891597577,NU204_E_plastic_b,100,1000,2,IR
-0.002104833600000001,0.14511022015487465,0.14512548472918146,2.5881,9.884549241485182,22.98128471917406,-0.5948900092618855,NU204_E_plastic_b,100,1000,2,IR
-0.002281037050000002,0.16221363321992507,0.1622296703209122,2.312,7.970798420794873,16.2370242772171,-0.8330306555229015,NU204_E_plastic_b,100,1000,2,IR
-0.002224462050000001,0.1855779575650236,0.18559128903431216,2.7884,9.369513025358167,18.52272635653102,-1.1030170266613701,NU204_E_plastic_b,100,1000,2,IR
-0.0023505625,0.15091773210025147,0.15093603614229995,2.8836000000000004,11.041763402536674,41.94872976798834,-1.1738873091184596,NU204_E_plastic_b,100,1000,2,IR
-0.0021222576999999996,0.10545674781885964,0.10547810027809452,1.9616099999999999,10.725449140791419,39.870593167669576,-1.8937384991601593,NU204_E_plastic_b,100,1000,2,IR
-0.0020943061,0.1527571704487726,0.15277152627880583,2.64909,11.049179393020033,27.833496180197635,-1.3826351393933745,NU204_E_plastic_b,100,1000,2,IR
-0.0024238381999999994,0.15253255689322484,0.152551813833873,2.7436999999999996,9.918597242296618,36.44251552205503,-1.0817384058406494,NU204_E_plastic_b,100,1000,2,IR
-0.0018365983499999993,0.09176063278483342,0.09177901079534616,1.2353200000000002,7.492562777053479,14.51435399983017,-0.5678393561885371,NU204_E_plastic_b,100,1000,2,IR
-0.0013939040000000005,0.0841004894753196,0.08411204015091751,1.0314,6.531407382513803,10.070123043314464,0.20145197828497655,NU204_E_plastic_b,100,1000,2,IR
-0.0018642161,0.007792385133056553,0.008012276064226694,0.055,3.880794889086369,0.27404831043858335,0.1339067967318333,NU204_E_plastic_b,101,500,1,OK
-0.0021607761500000004,0.0067315508255006646,0.007069846539120032,0.040001,3.492013562584749,-0.090969382127561,-0.1338224455228081,NU204_E_plastic_b,101,500,1,OK
-0.0019234315500000002,0.008080270633683448,0.008306043729785106,0.061406,3.8375670821112653,0.6482717205608921,0.08318985117215502,NU204_E_plastic_b,101,500,1,OK
-0.0021854656,0.007165656056183316,0.0074915209807021165,0.053750000000000006,3.816848417518565,0.6554030425597901,0.08966925635978076,NU204_E_plastic_b,101,500,1,OK
-0.00180436975,0.007515070408731207,0.007728650169525239,0.045937,3.3357700807389103,-0.1256492278494692,-0.030177978641196382,NU204_E_plastic_b,101,500,1,OK
-0.0020603044499999997,0.007399692180778718,0.007681165197869884,0.06515599999999999,4.678587046919122,1.1143050224388,0.02357946524987274,NU204_E_plastic_b,101,500,1,OK
-0.00205984005,0.007836093746278722,0.008102302526569377,0.06531300000000001,4.204113569975859,0.1720181317636711,0.013223634322230742,NU204_E_plastic_b,101,500,1,OK
-0.0021028136,0.0076114898013858,0.007896619658622605,0.084063,5.91632901414795,2.459341885486136,0.0018617828478262799,NU204_E_plastic_b,101,500,1,OK
-0.00214592605,0.0077987269546262415,0.00808858088448663,0.053905999999999996,3.902044184355485,0.3915564486671035,-0.08715521978228248,NU204_E_plastic_b,101,500,1,OK
-0.0018956195999999999,0.00713553984056328,0.0073830415469622,0.045313,3.428532785436538,0.010686065856695404,-0.01208184924864987,NU204_E_plastic_b,101,500,1,OK
-0.0022412438,0.007991102367400667,0.008299451235914034,0.051563,3.4264916066909175,0.024579785335964388,-0.00455185938706139,NU204_E_plastic_b,101,500,1,OK
-0.00181499535,0.007407816051951876,0.007626922497316824,0.080156,5.388018563772872,1.9536558706098237,-0.06746570767574099,NU204_E_plastic_b,101,500,1,OK
-0.0022374893999999998,0.007480896567630289,0.007808339917722268,0.046406,3.44183274334701,0.23679197645291117,-0.14085654360005306,NU204_E_plastic_b,101,500,1,OK
-0.0018890604,0.006564948123506906,0.006831331719305175,0.055781,4.322876009160282,0.7846234747003651,0.03485215129703623,NU204_E_plastic_b,101,500,1,OK
-0.00226734235,0.007569939525217753,0.007902203853834543,0.051250000000000004,3.796409274539596,0.06580103241863577,-0.1747946217481149,NU204_E_plastic_b,101,500,1,OK
-0.00210203555,0.00776826971335533,0.008047643617413577,0.06375,4.4073770765956635,0.4606324411749121,0.1306334677252592,NU204_E_plastic_b,102,500,1,OK
-0.00210843895,0.0077468381874543114,0.00802863728838696,0.052969,3.853455933891837,0.27383101116474684,-0.05456013193592388,NU204_E_plastic_b,102,500,1,OK
-0.0020321926999999993,0.006661482051888056,0.00696456389859121,0.043281,3.297981084593992,0.27874983773783146,0.1155959576083717,NU204_E_plastic_b,102,500,1,OK
-0.0019218725,0.008222260473156013,0.008443883063773444,0.06,3.9785013300488967,0.1793309407393422,-0.000937811879620901,NU204_E_plastic_b,102,500,1,OK
-0.00201906285,0.007035472420551258,0.007319459472706131,0.042188,3.1167602040927265,-0.06382480214011155,-0.16294047820958474,NU204_E_plastic_b,102,500,1,OK
-0.0021476558,0.007966623177039715,0.008251030861669346,0.050311999999999996,3.3518236040635347,0.227094378326119,-0.04554193934640563,NU204_E_plastic_b,102,500,1,OK
-0.0019298419500000002,0.0069306228838815565,0.007194291035992532,0.041874999999999996,3.236038114600423,-0.18246552811178196,-0.027261343519323814,NU204_E_plastic_b,102,500,1,OK
-0.002269217,0.007061211853582287,0.0074168766090760875,0.06531300000000001,4.950736264786539,1.7901088252287574,0.19617618500244943,NU204_E_plastic_b,102,500,1,OK
-0.0017651538499999998,0.006300902851970714,0.0065434810967972155,0.054375,4.202655985888032,1.2417442724097283,0.06991573596865949,NU204_E_plastic_b,102,500,1,OK
-0.0022932820499999996,0.007902981840314788,0.008228989277499241,0.053750000000000006,3.588654572773287,0.47682105938546293,-0.18181715365029782,NU204_E_plastic_b,102,500,1,OK
-0.0018513975999999998,0.007586089946225212,0.007808740855317521,0.049061999999999995,3.3015566117095436,0.03517319624910886,0.08789484290473366,NU204_E_plastic_b,102,500,1,OK
-0.0023760905999999997,0.006890481129995687,0.007288658089266844,0.049686999999999995,3.8157915571530907,0.5461489900054777,-0.21529035708541383,NU204_E_plastic_b,102,500,1,OK
-0.0017775014,0.007215280542402217,0.0074310015834051606,0.051250000000000004,3.8689266416258365,0.4806757762115659,-0.15631657964081627,NU204_E_plastic_b,102,500,1,OK
-0.0022873341,0.007501777323434573,0.007842739336189874,0.0475,3.526318906505405,-0.23351040402292078,-0.007739138390013208,NU204_E_plastic_b,102,500,1,OK
-0.00184890455,0.007574518803302412,0.007796908562795417,0.043906,3.1062311177491595,-0.10405235254761491,-0.0927311467337369,NU204_E_plastic_b,102,500,1,OK
-0.00185202525,0.008055563564579758,0.008265718472681156,0.060625,3.9130294731062323,0.53678306332524,-0.05050089872264295,NU204_E_plastic_b,103,500,1,OK
-0.00226921945,0.007696474772663079,0.008024031457970333,0.052031,3.5829869499629643,0.35487121179052883,0.04287632086990548,NU204_E_plastic_b,103,500,1,OK
-0.0018293727,0.008365603760797825,0.008563289715884895,0.050625,3.083628007004936,0.01370080417522157,-0.07667349098825056,NU204_E_plastic_b,103,500,1,OK
-0.0021026487999999998,0.008180918416173,0.008446807569029853,0.052188,3.163206901737052,0.010422300082575386,0.12510977946302934,NU204_E_plastic_b,103,500,1,OK
-0.0020220254,0.00760791868911267,0.007872039983282288,0.055,3.7513783038087287,0.021774092389000632,0.030767593606647152,NU204_E_plastic_b,103,500,1,OK
-0.00213187455,0.007129815454682877,0.0074417173767062994,0.064219,4.430294558511179,0.5364560877325979,-0.00019602402711391294,NU204_E_plastic_b,103,500,1,OK
-0.0020687438,0.008089875654072598,0.0083501969442879,0.049219,3.1436384285470984,0.1258198307526679,0.3852935294941875,NU204_E_plastic_b,103,500,1,OK
-0.0020274958,0.00887785797157751,0.009106431868878172,0.081719,4.649900269359439,0.9862391907824293,0.13123183927612986,NU204_E_plastic_b,103,500,1,OK
-0.00210812475,0.008502247218424958,0.008759703061450056,0.053280999999999995,3.6210131527848075,-0.01970844848755693,-0.1505483464398382,NU204_E_plastic_b,103,500,1,OK
-0.0019703108,0.006516921128167301,0.006808258634875,0.049062999999999996,3.901585034377546,0.30680760324487544,-0.14697355886871027,NU204_E_plastic_b,103,500,1,OK
-0.00205139895,0.00758843663903583,0.007860827454964426,0.045157,3.140636293245254,-0.12752459984332987,0.06121805434038169,NU204_E_plastic_b,103,500,1,OK
-0.0020021760999999996,0.008099060984243407,0.008342871086257116,0.049532,3.0340873948894056,0.10692326015165143,0.12766558924332905,NU204_E_plastic_b,103,500,1,OK
-0.0022453138,0.007249975822554139,0.007589702463739274,0.059531,4.817316643791953,0.5854778163592482,-0.12454817479699165,NU204_E_plastic_b,103,500,1,OK
-0.0017820298000000001,0.007024137389548411,0.007246663803112436,0.046719,3.5576371003891585,0.2107962382679731,-0.08658479792843579,NU204_E_plastic_b,103,500,1,OK
-0.002268434,0.007147376844095601,0.007498719128215831,0.048282,4.146574830760222,0.4464975282932775,-0.19408329764170956,NU204_E_plastic_b,103,500,1,OK
-0.002089379,0.008559874914010952,0.008811183981120527,0.056719000000000006,3.262898614034369,0.0636279176002108,0.17722636291589203,NU204_E_plastic_b,104,500,1,OK
-0.0021207756,0.007312236115093292,0.007613572495775554,0.079063,5.725827136234461,1.828738211519405,0.03866989034048761,NU204_E_plastic_b,104,500,1,OK
-0.0020512397,0.0077501345558147515,0.0080169925745313,0.048907,3.157418416528829,0.13828908120523842,0.07110374011709754,NU204_E_plastic_b,104,500,1,OK
-0.0020337437500000002,0.007252851353205058,0.007532593603291797,0.056249999999999994,4.065664711636196,0.7021742229195302,-0.13555808596373742,NU204_E_plastic_b,104,500,1,OK
-0.0020909287499999997,0.008727085571045234,0.00897407408047886,0.068593,4.056797355750975,0.9711281248924397,0.10412728120517356,NU204_E_plastic_b,104,500,1,OK
-0.0018921855,0.009099979986879078,0.009294622193936126,0.071406,4.639779767286833,0.4718951303386989,-0.09696337298497941,NU204_E_plastic_b,104,500,1,OK
-0.00228499675,0.0073969138441293165,0.007741804993990904,0.053280999999999995,3.8952156536371976,0.6879962617698725,-0.2433205169923901,NU204_E_plastic_b,104,500,1,OK
-0.0017593702000000002,0.007911738010454906,0.008104997337860452,0.055625,3.489328721663169,0.40582024149834517,0.10413592309327031,NU204_E_plastic_b,104,500,1,OK
-0.00217248855,0.0071364887178216995,0.007459837646991889,0.057188,4.0215352424053386,0.864575715665092,0.13222859682312238,NU204_E_plastic_b,104,500,1,OK
-0.0019518650500000001,0.007776247358914902,0.008017468438381437,0.045,3.118191258517382,-0.2744936336995667,-0.028577933448208113,NU204_E_plastic_b,104,500,1,OK
-0.0020876513499999997,0.009168849449246928,0.009403514682400006,0.056719,3.256761012700812,-0.018599995861166896,0.06755172278324721,NU204_E_plastic_b,104,500,1,OK
-0.00201218175,0.007946327761568197,0.008197133663013096,0.064843,4.060077750124986,0.48757263252255756,0.1457702850351799,NU204_E_plastic_b,104,500,1,OK
-0.0020839093999999994,0.0077080645196856415,0.007984794113002852,0.047344,3.1114139761653647,0.04531874563154226,0.12826927866438473,NU204_E_plastic_b,104,500,1,OK
-0.00210874665,0.008644866734265559,0.008898344412703832,0.099688,6.374107066368932,3.912721442751037,0.5884367185243768,NU204_E_plastic_b,104,500,1,OK
-0.00201672355,0.007404840341240512,0.007674557600043634,0.055,3.868236000969126,0.3067839422225602,0.020535941233003674,NU204_E_plastic_b,104,500,1,OK
-0.0018678071500000002,0.00731203373311703,0.00754682322993142,0.057657,4.368593114681924,0.34853686684455987,0.03766388844119679,NU204_E_plastic_b,105,500,1,OK
-0.00224969145,0.007964137595152057,0.008275783905752827,0.07234299999999999,4.852229161286577,1.0757000585284757,0.174348866557461,NU204_E_plastic_b,105,500,1,OK
-0.0018735957,0.007753292967304055,0.007976459909252036,0.057969,3.6827114201285482,0.17065161890211877,0.036968497484678196,NU204_E_plastic_b,105,500,1,OK
-0.0022349918,0.0070527691934011115,0.007398428322384086,0.059375,4.0549152729147115,1.023575799260004,0.15092980324494154,NU204_E_plastic_b,105,500,1,OK
-0.00180280935,0.008376835771640152,0.008568634611037951,0.060782,4.13939928705905,0.47278724562920793,-0.2788546597010788,NU204_E_plastic_b,105,500,1,OK
-0.0022887482,0.008583914992959319,0.008883803517039027,0.059376,3.4121646141610444,0.1067651357720818,-0.020388301994923315,NU204_E_plastic_b,105,500,1,OK
-0.0018550001000000001,0.008037213726894414,0.0082485047046589,0.084219,5.834390804531901,1.4248826049104224,0.15099631566295468,NU204_E_plastic_b,105,500,1,OK
-0.0022784347,0.008335488060037992,0.008641274551893372,0.052656999999999995,3.580258885909514,0.059355916231800254,-0.0660797647057678,NU204_E_plastic_b,105,500,1,OK
-0.0017642186999999997,0.007832034611413902,0.008028277136211417,0.082032,5.799874519774401,2.2394327874868685,-0.1631996082563953,NU204_E_plastic_b,105,500,1,OK
-0.0022959314000000003,0.007082069080556828,0.007444931393591548,0.04625,3.2110436935090925,0.08882161220778162,0.006184234699891173,NU204_E_plastic_b,105,500,1,OK
-0.0018462524500000002,0.009559796313013761,0.009736444610608254,0.055,3.049059609259709,-0.22404608399573256,0.04408988998111454,NU204_E_plastic_b,105,500,1,OK
-0.00216843635,0.006477087299834022,0.0068304301543660115,0.036875,3.2254191174062123,-0.3181409376200528,-0.009079007673261605,NU204_E_plastic_b,105,500,1,OK
-0.0020749929500000004,0.008479462027818322,0.0087296547482568,0.06812499999999999,4.474632860801303,1.2399977150443613,-0.06930146385296017,NU204_E_plastic_b,105,500,1,OK
-0.0020309366000000003,0.007066988990288965,0.007353029094331465,0.042498999999999995,3.272392872557743,-0.023724936474567304,-0.028648254492217556,NU204_E_plastic_b,105,500,1,OK
-0.00210781305,0.007514543407141727,0.007804565232706271,0.048437999999999995,3.3434277531115946,0.022089975546981666,0.07977803484522845,NU204_E_plastic_b,105,500,1,OK
-0.0023231563,0.09016030791424727,0.09019023327603777,1.06563,7.144676054088912,8.155164179521073,-0.9449690707099463,NU204_E_plastic_b,106,500,1,OR
-0.0013942443,0.08973343294950571,0.08974426391737536,1.2209400000000001,8.00363130351481,11.43665515193158,-0.7532618911111525,NU204_E_plastic_b,106,500,1,OR
-0.0024831353000000006,0.0983973191803809,0.09842864614940033,1.32985,8.586524686290721,16.967053476221245,-1.4142442198618996,NU204_E_plastic_b,106,500,1,OR
-0.0018659606499999996,0.10128722273280377,0.10130440907518265,1.20344,7.102652358062755,8.751309107542166,-0.9849857376595154,NU204_E_plastic_b,106,500,1,OR
-0.00215829385,0.0973275678077339,0.09735149555970873,1.33594,7.341335599324801,17.019914413957625,-1.2076817202341752,NU204_E_plastic_b,106,500,1,OR
-0.0027485608500000007,0.0956580883559768,0.09569756765281977,0.9004700000000001,5.332528428009252,5.53659975378128,-0.6993361137695707,NU204_E_plastic_b,106,500,1,OR
-0.0017461188499999997,0.08231713312331906,0.08233565046005623,1.19438,7.59658782684223,13.073225635334829,-0.7508470299164971,NU204_E_plastic_b,106,500,1,OR
-0.002276868,0.0931407613340316,0.09316858671125403,0.9306300000000001,5.733906876312749,7.5834972173308515,-0.8332412419818962,NU204_E_plastic_b,106,500,1,OR
-0.0023241546499999993,0.09431611632679622,0.0943447480986985,1.00172,5.407402216669204,7.4076174939896156,-0.4737622384560804,NU204_E_plastic_b,106,500,1,OR
-0.0025901615500000005,0.09963894111309121,0.0996726016666223,1.53453,9.847841669499616,18.732996066386086,-1.714232496367242,NU204_E_plastic_b,106,500,1,OR
-0.0016891743999999996,0.10687903304973483,0.10689238053200951,1.32625,6.333753599932781,8.693589124616665,-0.6763146499012259,NU204_E_plastic_b,106,500,1,OR
-0.0023357346500000008,0.09602372726487372,0.09605213091959003,1.21281,8.384093015845371,15.790206657718606,-1.6049811549102733,NU204_E_plastic_b,106,500,1,OR
-0.00162437655,0.10700251558637976,0.10701484448892888,1.15968,5.908899863564425,7.874216382583407,-0.6939163612369927,NU204_E_plastic_b,106,500,1,OR
-0.0022925218999999995,0.08621732289622525,0.08624779663303837,1.09188,7.367956339844335,11.021171957668376,-1.0400144401633182,NU204_E_plastic_b,106,500,1,OR
-0.0021859597,0.10294475080755099,0.10296795685376492,1.4289,7.857395880439066,11.962718221430627,-0.9844297881968809,NU204_E_plastic_b,106,500,1,OR
-0.0025754344999999994,0.10043352323934585,0.1004665389725953,1.56172,8.998617940313485,14.718310981610408,-0.9123252180586202,NU204_E_plastic_b,107,500,1,OR
-0.0013009781999999994,0.0889949393036018,0.089004448012044,0.9914000000000001,5.961724518848731,9.269375578615561,-0.47412410783398384,NU204_E_plastic_b,107,500,1,OR
-0.0019706614500000007,0.11134867955677527,0.11136611668540815,1.45609,7.87519603002296,9.446279037873762,-0.9350784473997354,NU204_E_plastic_b,107,500,1,OR
-0.002353775549999999,0.10131558664472823,0.10134292455078062,1.47437,7.363612243359636,16.782710933555823,-1.319407243633907,NU204_E_plastic_b,107,500,1,OR
-0.0010474999000000002,0.09281932706060382,0.09282523758129489,1.02625,5.8476553806244285,8.590051387143859,-0.6353245865546127,NU204_E_plastic_b,107,500,1,OR
-0.0025523472499999985,0.09499824171299628,0.09503252288056677,1.1729699999999998,7.775338143223175,13.25660975560979,-1.3360097970705125,NU204_E_plastic_b,107,500,1,OR
-0.0029342082,0.09380148143715686,0.0938473627629793,0.9175,5.732393368993179,7.763839209085855,-1.042979142923654,NU204_E_plastic_b,107,500,1,OR
-0.0015043853000000008,0.09314109898808916,0.09315324737141417,1.08765,6.39902544270208,8.925414674219615,-0.7754389897206122,NU204_E_plastic_b,107,500,1,OR
-0.0020966078999999998,0.08558574149946808,0.08561141812106675,1.18235,7.769524376519134,14.008881940268868,-0.750692151527396,NU204_E_plastic_b,107,500,1,OR
-0.0014655933500000004,0.10193064914539245,0.10194118499933508,1.2759399999999999,7.660691799934381,9.58502276307892,-0.9024981292017074,NU204_E_plastic_b,107,500,1,OR
-0.002219834000000001,0.09378710628828198,0.09381337308143789,1.27938,7.058588538599539,14.835665321630216,-1.1348586716760902,NU204_E_plastic_b,107,500,1,OR
-0.0018973377999999999,0.10141048607223067,0.10142823362423994,1.26844,7.291165128042441,10.17430698784781,-0.8177454943151719,NU204_E_plastic_b,107,500,1,OR
-0.00206375945,0.1042813854197152,0.10430180462543616,1.3382800000000001,7.145705701608165,12.408624978368655,-0.933369862361329,NU204_E_plastic_b,107,500,1,OR
-0.0019956410999999994,0.09461149658263183,0.09463254127944239,1.1025,6.540139275900959,8.852096694329232,-0.6917507109911675,NU204_E_plastic_b,107,500,1,OR
-0.0023042177499999986,0.08744689230029126,0.08747724499787446,1.20156,7.069724246745848,13.308904788934225,-0.9395152377036522,NU204_E_plastic_b,107,500,1,OR
-0.0018472789499999996,0.0955591493158505,0.09557700276472433,1.11093,6.4067713182778645,11.0294224911137,-0.8878176535750588,NU204_E_plastic_b,108,500,1,OR
-0.0012353422999999992,0.10453558206331581,0.10454288109629659,1.2114099999999999,6.7720536546900245,7.788297299416371,-0.6369141263922448,NU204_E_plastic_b,108,500,1,OR
-0.0026071643999999996,0.08017755244164324,0.08021993032745092,0.93031,6.575672627073969,10.757148790691701,-1.031426003349869,NU204_E_plastic_b,108,500,1,OR
-0.0022594012500000006,0.10924170747904058,0.10926507011366794,1.07547,4.996473250161841,6.063325353132981,-0.6748434773128488,NU204_E_plastic_b,108,500,1,OR
-0.00227249935,0.08561745432195153,0.08564760789343277,1.26406,8.738597824369457,12.052668824017804,-0.8613450233954271,NU204_E_plastic_b,108,500,1,OR
-0.00256570915,0.10582441178171298,0.10585550997651444,1.28,6.850470043183271,11.87208231353312,-0.746540993726737,NU204_E_plastic_b,108,500,1,OR
-0.0016234190499999986,0.08995600131432246,0.08997064889103716,1.20234,7.650050416259321,11.506484465951898,-1.2248842814174639,NU204_E_plastic_b,108,500,1,OR
-0.0013015309999999999,0.0799692292820479,0.07997982004798904,1.17687,7.931625747837003,14.501788025613713,-0.7358877469091062,NU204_E_plastic_b,108,500,1,OR
-0.002944621449999999,0.1001016309253159,0.10014493152123058,1.26188,7.656103892162095,10.808676707810719,-1.3381532577896365,NU204_E_plastic_b,108,500,1,OR
-0.0022497948500000008,0.07888666679396482,0.07891874159367417,1.06313,7.240485446942328,11.553401507918432,-0.25713135796002234,NU204_E_plastic_b,108,500,1,OR
-0.002056851399999999,0.09680948774854505,0.09683133560897203,1.19422,7.24517528946483,9.865967727118036,-0.8628573959948932,NU204_E_plastic_b,108,500,1,OR
-0.00245953915,0.09123636809240526,0.09126951405328751,1.405,9.277139346941679,16.10495493949067,-1.6305815583232568,NU204_E_plastic_b,108,500,1,OR
-0.0014809617000000011,0.09591779655480626,0.09592922882774609,1.05344,5.9369809072755935,6.934096982593783,-0.6929979120506998,NU204_E_plastic_b,108,500,1,OR
-0.0028316887,0.08861545913995411,0.08866069061020551,0.90828,6.032436656188598,8.375047079262796,-0.8317895646578903,NU204_E_plastic_b,108,500,1,OR
-0.002261895,0.10774937205866413,0.10777311050548488,1.5992199999999999,8.384187816069517,16.536226169999843,-1.631542264538495,NU204_E_plastic_b,108,500,1,OR
-0.0013615348000000005,0.09946287716619723,0.09947219566888856,1.1176599999999999,6.67271889935368,7.267753089593569,-0.6315124100485519,NU204_E_plastic_b,109,500,1,OR
-0.0020523401500000013,0.09697791587638023,0.09699963024577765,1.3725,7.970339660481887,13.823944953341435,-1.0504035469310238,NU204_E_plastic_b,109,500,1,OR
-0.0026732408,0.09361058420737516,0.09364874634516396,1.09844,7.538168182178286,10.938072150065281,-1.0420756016427195,NU204_E_plastic_b,109,500,1,OR
-0.0017130658499999996,0.1124064648693743,0.1124195176072034,1.59594,8.021027124050045,12.355278800983282,-1.1196959939997821,NU204_E_plastic_b,109,500,1,OR
-0.0031170763499999993,0.08189202724303916,0.08195132879304885,1.1289099999999999,8.192789670262787,14.092543843154228,-1.1534681758881975,NU204_E_plastic_b,109,500,1,OR
-0.0016596199500000012,0.10438977421791891,0.10440296595234509,1.10484,6.233347817887182,6.786230206282987,-0.6812091855971636,NU204_E_plastic_b,109,500,1,OR
-0.0023250202,0.09477423564089357,0.09480275027785866,1.11266,5.890546406757829,9.876341401255985,-1.0599682634499177,NU204_E_plastic_b,109,500,1,OR
-0.0024896430999999993,0.10370944446424511,0.10373932327641106,1.5667200000000001,9.208754885113317,14.73179720988945,-1.3841299292236966,NU204_E_plastic_b,109,500,1,OR
-0.0014534274,0.07395805474688565,0.07397233478233876,1.07719,8.708931547119565,12.185179266102343,-0.6356590597080619,NU204_E_plastic_b,109,500,1,OR
-0.00263237235,0.09567036025943267,0.09570656830311428,1.07578,7.2519578572896695,10.137451736379564,-1.0932665775688408,NU204_E_plastic_b,109,500,1,OR
-0.0023404485499999997,0.07766251616222404,0.0776977742027589,0.87,6.907791188450055,6.96980685841144,-0.79438660068715,NU204_E_plastic_b,109,500,1,OR
-0.00025747445000000037,0.0901189211128918,0.09011928892109623,1.23343,6.850253784631066,11.529339686127996,-0.5272194548726773,NU204_E_plastic_b,109,500,1,OR
-0.0034077371999999993,0.12958640049966294,0.1296311994362596,1.50297,6.379868454481558,7.726886402570219,-0.909552738897847,NU204_E_plastic_b,109,500,1,OR
-0.001799745599999999,0.08171081004658812,0.08173062805762797,1.27328,9.417399796038449,15.34777258526626,-0.9427501669539878,NU204_E_plastic_b,109,500,1,OR
-0.0020681545999999998,0.10716989486398444,0.10718984853337082,1.17282,5.92994587357881,8.105544293890597,-0.7755896665587382,NU204_E_plastic_b,109,500,1,OR
-0.0020719949999999992,0.08697221283391034,0.08699689056803711,1.02859,6.21068174358994,10.353892777808223,-0.7994696843316643,NU204_E_plastic_b,110,500,1,OR
-0.0012384640999999995,0.08123443180568364,0.08124387179424215,0.99969,7.129399266777066,11.399895859620377,-0.9843712549375302,NU204_E_plastic_b,110,500,1,OR
-0.0023371520999999986,0.10608621172959974,0.10611195313948377,1.22437,6.945777343587077,9.198789471992198,-0.9593842747509188,NU204_E_plastic_b,110,500,1,OR
-0.00274216855,0.09392912009031457,0.09396913902605124,1.4075,8.782777075047987,18.244232285650153,-1.2864566700805216,NU204_E_plastic_b,110,500,1,OR
-0.0021271275,0.09661674967388649,0.09664016240128998,0.93156,5.288587966954595,5.691054394074094,-0.7703293436202079,NU204_E_plastic_b,110,500,1,OR
-0.0026240727500000008,0.08817808529031054,0.08821712125921234,1.07344,6.851051036046881,10.971720636683452,-1.0230145322087636,NU204_E_plastic_b,110,500,1,OR
-0.0018042793500000001,0.09109579564272569,0.091113662025813,0.9131199999999999,6.086134479403303,5.709877742239444,-0.45225827231030347,NU204_E_plastic_b,110,500,1,OR
-0.00322189225,0.08674963930431871,0.08680944942285954,0.8246899999999999,5.3728021903244585,8.359781472038279,-1.0115893011484325,NU204_E_plastic_b,110,500,1,OR
-0.002614679999999999,0.0924970239772154,0.09253397211913017,1.1729699999999998,6.60568206466987,11.738771241642102,-0.7566780563787243,NU204_E_plastic_b,110,500,1,OR
-0.0015128096499999995,0.10068673821329382,0.10069810248991536,1.10734,6.259402952137295,8.475210263489153,-0.8733083168849282,NU204_E_plastic_b,110,500,1,OR
-0.0019670662499999994,0.07668321470647177,0.07670844000076353,1.03046,7.324748098050323,11.637177537859644,-0.754473074133833,NU204_E_plastic_b,110,500,1,OR
-0.0020418759499999995,0.10427188113632412,0.10429187146227117,0.9806300000000001,5.258703217329883,5.5164508002898724,-0.7522068613722498,NU204_E_plastic_b,110,500,1,OR
-0.0021392504499999987,0.08466443778550338,0.08469146012452021,0.98,6.178663105236721,11.473793573025356,-0.8146451575760447,NU204_E_plastic_b,110,500,1,OR
-0.003188002599999998,0.1307288350184559,0.13076770115689984,2.10612,9.076400284623144,14.695968287069238,-1.2998553976953748,NU204_E_plastic_b,110,500,1,OR
-0.0016233726999999993,0.09255640082206822,0.09257063612214435,1.29172,7.723831551255385,17.990205099086797,-1.5647792531572744,NU204_E_plastic_b,110,500,1,OR
-0.00151500095,0.023197664189455944,0.023247082649770646,0.32828,7.184987575275296,10.60023090055334,-0.16126636180294956,NU204_E_plastic_b,111,500,1,RE
-0.00114202825,0.016343389306731314,0.01638324151549923,0.189999,6.304002776391522,4.040275708665412,-0.03414125435187982,NU204_E_plastic_b,111,500,1,RE
-0.0011640696,0.019013382933966167,0.019048983926374656,0.213434,6.225528902662562,2.4499673087055553,0.12796172600478478,NU204_E_plastic_b,111,500,1,RE
-0.0016166969999999998,0.04424505651757286,0.04427458340213971,0.6461,9.383939228210131,14.761466563819098,-1.281417917615358,NU204_E_plastic_b,111,500,1,RE
-0.0013767084499999996,0.028668461378848206,0.0287014982881872,0.36141,6.783269571683978,6.869708558151634,0.0966283234157501,NU204_E_plastic_b,111,500,1,RE
-0.0016836065000000002,0.01933265574086713,0.019405826672464252,0.21281,5.539573336112308,6.209984111317629,0.21299725371319525,NU204_E_plastic_b,111,500,1,RE
-0.0013610981499999999,0.03196995003160435,0.031998910812670055,0.5211,8.935929153150466,14.331510772447174,-0.20713713751984242,NU204_E_plastic_b,111,500,1,RE
-0.0017182832,0.018798192140776535,0.018876560198218185,0.167656,4.6602240596940785,2.0697773278673104,-0.024903159198798416,NU204_E_plastic_b,111,500,1,RE
-0.0012081155000000002,0.043794534190801995,0.043811194551742885,0.6532800000000001,8.726993269915072,19.14555620453236,-1.2557162034045768,NU204_E_plastic_b,111,500,1,RE
-0.0018521782999999998,0.024539767366861472,0.024609566165917474,0.37188,8.438182071149006,14.819431564188477,-0.8505034446390997,NU204_E_plastic_b,111,500,1,RE
-0.0013678130500000005,0.02118138095190508,0.021225499088819502,0.29422000000000004,8.171303735861704,12.875782491513986,-0.8234244339029377,NU204_E_plastic_b,111,500,1,RE
-0.00134328315,0.018722420183293575,0.01877054679919774,0.26438,8.149469572539997,10.502811045695626,0.5120293383045231,NU204_E_plastic_b,111,500,1,RE
-0.0004118425999999999,0.02557992968592643,0.025583244850177135,0.29875,6.388556297574909,8.258271026616121,0.8906733545280203,NU204_E_plastic_b,111,500,1,RE
-0.0018907632000000005,0.0423397866004934,0.04238198337564908,0.6621900000000001,9.065644630042415,19.12977435085885,-1.0879238987835238,NU204_E_plastic_b,111,500,1,RE
-0.0009166983999999999,0.0300726589022516,0.030086627418302224,0.655,13.492373018620878,46.52955650005446,2.2140639958799277,NU204_E_plastic_b,111,500,1,RE
-0.0017400024000000002,0.019623083909002536,0.01970007691486914,0.171411,5.425359528384865,2.1517838813113794,-0.23676211538050873,NU204_E_plastic_b,112,500,1,RE
-0.0021104677000000002,0.02325753440121527,0.023353093592422717,0.24219000000000002,5.660492023330526,2.8466556764482185,-0.09467267548547618,NU204_E_plastic_b,112,500,1,RE
-0.0009248279999999997,0.05680353646085947,0.056811064602679075,1.07891,10.173546368866045,24.755815655927396,-0.6583941142682355,NU204_E_plastic_b,112,500,1,RE
-0.0023492046000000003,0.03368197952772675,0.033763804690213235,0.69859,13.864551234526276,55.24739872525369,-3.614243573014591,NU204_E_plastic_b,112,500,1,RE
-0.0006473372000000002,0.02046002301555514,0.0204702610449293,0.28203,7.373623602977424,11.65742778904858,1.2635515962082888,NU204_E_plastic_b,112,500,1,RE
-0.0011928153000000002,0.01673868975445811,0.01678113652396389,0.21937800000000002,7.579343617064877,5.667379356159577,0.32911066712635634,NU204_E_plastic_b,112,500,1,RE
0.00019377264999999988,0.030110461903503895,0.03011108539860773,0.40046000000000004,6.911740219421748,9.756871087980457,1.1844648163161702,NU204_E_plastic_b,112,500,1,RE
-0.0007526562499999997,0.04414801900469033,0.04415443435793468,0.67891,8.94587385715241,13.61455033811999,-0.2677769979289585,NU204_E_plastic_b,112,500,1,RE
-0.0011752933500000001,0.01957637102362165,0.019611619436269087,0.26937,7.066729009828539,7.291676780533285,0.08079680114630654,NU204_E_plastic_b,112,500,1,RE
-0.00151998725,0.02193545093035404,0.02198805059022133,0.31922,7.439950136950878,12.261288578029701,-0.0970597559323791,NU204_E_plastic_b,112,500,1,RE
-0.0017942036499999996,0.02103638357106561,0.021112759186962572,0.197968,5.365475871574001,2.159162201305981,-0.25086049992308224,NU204_E_plastic_b,112,500,1,RE
-0.0012118638000000001,0.023482704053749102,0.023513953379764006,0.33203,8.64507965619009,11.814561215067148,-0.5135911511136324,NU204_E_plastic_b,112,500,1,RE
-0.0016880975500000001,0.04277115258675369,0.04280445265317245,0.69625,9.436167850871099,16.668637484287515,-0.9403369978194217,NU204_E_plastic_b,112,500,1,RE
-0.0014631184500000002,0.018096595230299044,0.018155645803110736,0.189844,5.370230343626479,4.815026035602883,-0.370539771893312,NU204_E_plastic_b,112,500,1,RE
-0.0019643639,0.019336025605970888,0.01943555020487933,0.25905900000000004,8.28841984414509,7.8917485152238775,-0.546089755684036,NU204_E_plastic_b,112,500,1,RE
-0.0010587495499999999,0.01929768966949923,0.01932671149445561,0.210779,5.836999224227184,3.8282033196938494,-0.259636396765413,NU204_E_plastic_b,113,500,1,RE
-0.0012614221499999995,0.057096333831852523,0.05711026635272205,1.2631299999999999,12.579874791036707,46.801743625954245,-2.277432571700668,NU204_E_plastic_b,113,500,1,RE
-0.00131749465,0.025827298881128353,0.025860880875328136,0.30125,6.652132262212325,3.4540937499897346,-0.2713134465888363,NU204_E_plastic_b,113,500,1,RE
-0.00174811205,0.02151689241958158,0.02158778717551205,0.30703,7.2814317985452135,9.401683444352225,-0.05081764577869602,NU204_E_plastic_b,113,500,1,RE
-0.00149562225,0.02094839142157871,0.021001713955445814,0.22922199999999998,6.316627313438903,4.681395995886245,0.20580499245983236,NU204_E_plastic_b,113,500,1,RE
-0.00142095345,0.024271395018857292,0.024312953849100226,0.45265,9.440646390586327,18.327604930165716,-0.48261896969562007,NU204_E_plastic_b,113,500,1,RE
-0.0015682892000000001,0.04096873921379695,0.040998745392791476,0.88813,11.029361890656913,32.350309378691094,-0.45110149071618805,NU204_E_plastic_b,113,500,1,RE
-0.0010334422000000002,0.028439778844912177,0.0284585492168567,0.25078,4.469307238074604,2.61765975801951,0.02191512904250148,NU204_E_plastic_b,113,500,1,RE
-0.0014510863999999996,0.015001286113959364,0.015071305079956911,0.171875,5.847204308616646,3.580892934502508,0.12416820107201001,NU204_E_plastic_b,113,500,1,RE
-0.0011025044500000002,0.024405532544820502,0.024430422322558456,0.39969,10.035029143709286,16.930624565205893,-1.051413111109992,NU204_E_plastic_b,113,500,1,RE
-0.0018918776999999997,0.02363165064200727,0.02370725866264676,0.27813,6.208646984221464,7.701160320488659,0.13184838576632107,NU204_E_plastic_b,113,500,1,RE
-0.0008751525500000003,0.05018502143823664,0.05019265154125694,0.8282799999999999,8.383298890956791,17.614161561215372,-0.42094875799418924,NU204_E_plastic_b,113,500,1,RE
-0.0026704786999999994,0.022830887587006694,0.022986537027088055,0.27782,6.858797382755328,8.029870308483538,-0.6839354513666904,NU204_E_plastic_b,113,500,1,RE
-0.0012760962000000005,0.018792657593809624,0.018835933768991252,0.17953200000000002,4.861081012651257,2.0895123113938237,0.06079489660225708,NU204_E_plastic_b,113,500,1,RE
-0.0015737640999999999,0.018480173702505237,0.018547063204648197,0.204059,6.19181585423288,3.267511430636776,-0.00872631953398929,NU204_E_plastic_b,113,500,1,RE
-0.00192343995,0.028023373390969303,0.02808930539281708,0.49234,9.695504968579325,21.025606969118,0.050892507737632105,NU204_E_plastic_b,114,500,1,RE
-0.0013870250999999999,0.019775415331906052,0.01982399783538666,0.29891,8.307607848202117,8.908022845440899,0.18660496581539837,NU204_E_plastic_b,114,500,1,RE
-0.0013602917000000003,0.0457509623111249,0.045771180298339036,0.65109,8.257816327574929,15.309492797828181,-0.5509511778499807,NU204_E_plastic_b,114,500,1,RE
-0.0009328112000000001,0.02788589590764029,0.02790149328094457,0.46109999999999995,8.965828369152117,13.34137615183495,0.5099291907468527,NU204_E_plastic_b,114,500,1,RE
-0.0013706292499999998,0.019019718650834242,0.01906904093282742,0.149375,4.006808746656305,0.810365496184978,0.0008819406190998844,NU204_E_plastic_b,114,500,1,RE
-0.00139483695,0.01606614016229776,0.016126575266673406,0.169375,5.513011816199432,3.036943821840911,-0.03747247425235454,NU204_E_plastic_b,114,500,1,RE
-0.0007199996999999998,0.024996760482955786,0.02500712766813214,0.34187,7.060387036172868,7.910139170239768,-0.10850590249548277,NU204_E_plastic_b,114,500,1,RE
-0.0010846954000000005,0.04324558434956278,0.043259185496792814,0.7859400000000001,10.18581360096731,19.562606263972604,-0.6602459648648377,NU204_E_plastic_b,114,500,1,RE
-0.0015225048500000001,0.018931225178822,0.01899234866438423,0.30952999999999997,8.325457940676795,14.498011363606476,0.2800439373978263,NU204_E_plastic_b,114,500,1,RE
-0.0015553073,0.018787884764140207,0.0188521509305449,0.28891,9.547982119555272,16.214927127387483,-0.921104905971746,NU204_E_plastic_b,114,500,1,RE
-0.00049719595,0.020630885644813607,0.02063687588522237,0.23406000000000002,6.435567124532762,8.85332291648327,0.7651688905194896,NU204_E_plastic_b,114,500,1,RE
-0.00234438175,0.03813838749258429,0.038210374590210996,0.69062,9.80178823203554,30.641684115154945,-1.164132464802529,NU204_E_plastic_b,114,500,1,RE
-0.0006389110499999998,0.034194415596544424,0.034200383993736275,0.35218,5.185321896750616,3.971739868035936,0.24860754183742345,NU204_E_plastic_b,114,500,1,RE
-0.0016032673500000004,0.01984946319188334,0.01991410693959203,0.23077999999999999,6.088648633242902,3.961758842230225,0.04771446490274012,NU204_E_plastic_b,114,500,1,RE
-0.00111640075,0.02005137658803659,0.02008243146906924,0.153594,3.8590944587245186,2.1927676238177707,0.07993181171817451,NU204_E_plastic_b,114,500,1,RE
-0.00128469935,0.023171095060476148,0.02320668219977842,0.2811,6.773480097103276,5.667676220582338,-0.17960445231883407,NU204_E_plastic_b,115,500,1,RE
-0.0010245375499999998,0.038144258938642164,0.03815801576562312,0.6782900000000001,9.274853340745263,28.806627424525338,-0.8508550332311493,NU204_E_plastic_b,115,500,1,RE
-0.0014659354500000004,0.04809253519846485,0.048114872010212674,0.7629699999999999,8.53436750102632,14.036658941842926,-0.14915652428145582,NU204_E_plastic_b,115,500,1,RE
-0.00109766315,0.018885698095960725,0.018917570059673164,0.25625,7.920679005144319,6.197328665640798,-0.2388068750470653,NU204_E_plastic_b,115,500,1,RE
-0.0014707878000000004,0.027785834161745824,0.027824733544396612,0.43906,7.895493397967921,16.510403017402286,0.07385945248666838,NU204_E_plastic_b,115,500,1,RE
-0.0016101592,0.022437494892214246,0.022495194813281456,0.36594000000000004,8.765872073425053,17.48760001029454,-1.0257349284581476,NU204_E_plastic_b,115,500,1,RE
-0.0020139026,0.033473103832740894,0.033533632130739136,0.6186,9.980726176488382,22.604306088040826,-0.6511877491376129,NU204_E_plastic_b,115,500,1,RE
-0.0007471977499999997,0.041112337932797345,0.04111912735915163,0.5390699999999999,7.219997579397201,11.310306610626112,-0.21293537550474687,NU204_E_plastic_b,115,500,1,RE
-0.00173609135,0.019110856823853755,0.01918955084720282,0.27187,7.417578511002423,15.215535385928831,0.3683364290446421,NU204_E_plastic_b,115,500,1,RE
6.609334999999994e-05,0.023354368865465266,0.02335446238805611,0.32718,9.520236274576316,11.943781267480944,1.3684263928341724,NU204_E_plastic_b,115,500,1,RE
-0.0022332791500000006,0.02410423702530704,0.024207473604942905,0.40249999999999997,10.818146671304309,26.299612278375747,-2.1069607648340236,NU204_E_plastic_b,115,500,1,RE
-0.0002893580500000001,0.040711752669628495,0.04071278096021079,0.76734,9.4525598822667,28.156050396743833,-0.39815865103588705,NU204_E_plastic_b,115,500,1,RE
-0.0018079666999999996,0.028224003045386938,0.02828185092058722,0.33077999999999996,6.463862655712079,5.061811558822118,-0.18490677798386917,NU204_E_plastic_b,115,500,1,RE
-0.00161141305,0.021043349560190085,0.021104957065345157,0.26,6.233606616334921,8.368130149971485,-0.33831679339346604,NU204_E_plastic_b,115,500,1,RE
-0.0015482824,0.018583127698799797,0.01864751494060402,0.20828,5.764843215967839,5.090200896907046,-0.04048089638630339,NU204_E_plastic_b,115,500,1,RE
-0.0016695383000000002,0.012062885784984375,0.012177872211381799,0.212501,11.329565428601654,25.98113159288087,-1.837502392315866,NU204_E_plastic_b,116,500,1,IR
-0.0020936002999999994,0.03395345945459431,0.03401794484020074,0.59531,9.921234265779605,32.03146987103489,-0.8644886535669972,NU204_E_plastic_b,116,500,1,IR
-0.0014865588,0.00731680562936228,0.007466291025919429,0.078593,6.550240250510128,2.62785226211805,-0.1792638367577937,NU204_E_plastic_b,116,500,1,IR
-0.0018975114500000005,0.04433880549003176,0.044379389608079925,0.80734,10.646834131174584,30.308061274272923,-1.2152773674423534,NU204_E_plastic_b,116,500,1,IR
-0.0016628082000000003,0.00707376561005613,0.007266573540259536,0.078906,5.483189536202906,2.5533254127300227,0.17325979390049936,NU204_E_plastic_b,116,500,1,IR
-0.0017560804999999999,0.03701469442436463,0.037056327692467986,0.5125,7.931438928303187,17.23260923621035,-0.6152279091745025,NU204_E_plastic_b,116,500,1,IR
-0.00173047255,0.006914265136094651,0.007127523947242654,0.056874999999999995,4.077573111661487,1.0754229493234,0.21402585679272712,NU204_E_plastic_b,116,500,1,IR
-0.0018081826500000002,0.044354636557861864,0.044391477883438134,0.8787499999999999,11.735135319618536,38.725367939601206,-1.5119417995282247,NU204_E_plastic_b,116,500,1,IR
-0.0015992035499999997,0.03652493236532889,0.036559925277360496,0.6775,9.338367007314865,33.529439493400155,-0.8177522870910083,NU204_E_plastic_b,116,500,1,IR
-0.00193451465,0.026475256769472377,0.026545838994851106,0.46499999999999997,9.83543974822727,26.040433683093855,0.58570683353588,NU204_E_plastic_b,116,500,1,IR
-0.0017251372999999997,0.030969108113092773,0.031017120369632643,0.6479699999999999,10.498395599573728,45.677209036097594,-0.21924243279195155,NU204_E_plastic_b,116,500,1,IR
-0.0018789106000000001,0.02219686813637608,0.022276248788933473,0.38609,9.139330500795118,28.442624967469342,-0.20516078974921048,NU204_E_plastic_b,116,500,1,IR
-0.0017048824999999993,0.04508121774630404,0.04511344387018669,0.84016,10.865053916309927,36.857637620909706,-1.4258748272789648,NU204_E_plastic_b,116,500,1,IR
-0.00182186945,0.007805180262327655,0.00801498890955393,0.079063,5.731511361823788,2.372906670836892,0.07958414887969276,NU204_E_plastic_b,116,500,1,IR
-0.0017696828000000003,0.06903696578069794,0.0690596439421597,1.32235,10.722180968963206,38.646239861464586,-1.0989989203058304,NU204_E_plastic_b,116,500,1,IR
-0.0017689092,0.012282812986825957,0.012409534021355717,0.31313,15.827346914235108,83.8391659734497,-4.522474365144588,NU204_E_plastic_b,117,500,1,IR
-0.0019270477,0.06381595592286377,0.06384504478177586,1.04766,10.242141770517707,25.54276451290476,-1.01503879913639,NU204_E_plastic_b,117,500,1,IR
-0.0017562505,0.01049342604003977,0.010639379957334685,0.22141,10.500611919868632,35.65741887765086,1.203722746023018,NU204_E_plastic_b,117,500,1,IR
-0.0017520167500000002,0.032623157285747065,0.032670169175914476,0.57656,10.478672398561814,29.888562937173404,-1.5118161667809478,NU204_E_plastic_b,117,500,1,IR
-0.0018442134,0.008051529486644475,0.008260039354569988,0.082969,6.46946070183487,2.0398532877132256,0.07006921268562039,NU204_E_plastic_b,117,500,1,IR
-0.0015997048500000003,0.040815589937235795,0.04084692690437921,0.7281299999999999,10.68011801772117,34.14201507884682,-1.409355188960384,NU204_E_plastic_b,117,500,1,IR
-0.0013712401000000004,0.07299779293022925,0.0730106709467628,1.6473499999999999,11.682812785297648,58.95633147842197,-0.7572545692201818,NU204_E_plastic_b,117,500,1,IR
-0.0021188929500000004,0.036361038807719494,0.03642272436968496,0.6793800000000001,11.166655076974902,35.50857440279722,-1.2405741064031435,NU204_E_plastic_b,117,500,1,IR
-0.0018921863999999996,0.01966243376598711,0.019753269880558384,0.46077999999999997,13.510168271565991,83.49998846088603,-3.0437205134543874,NU204_E_plastic_b,117,500,1,IR
-0.00167844485,0.03148783609979623,0.03153253873956429,0.65109,11.094571321688449,51.57175927814113,-0.9461837662835655,NU204_E_plastic_b,117,500,1,IR
-0.0017517174999999998,0.047072816112979726,0.047105398108987576,0.7925,9.181537941773179,32.28299842157583,-1.3191827315576292,NU204_E_plastic_b,117,500,1,IR
-0.0016838989999999998,0.008140017810106068,0.008312364632945608,0.10062499999999999,6.973827852816153,5.901689165539626,0.45329545109991687,NU204_E_plastic_b,117,500,1,IR
-0.0018802616999999998,0.0451601328423222,0.045199258648750816,0.81969,9.751929858526163,25.23505918345652,-0.22522972247875514,NU204_E_plastic_b,117,500,1,IR
-0.00145718895,0.01072060245105938,0.010819182804152193,0.24063,11.712529707083544,46.13745604233878,1.259296049266636,NU204_E_plastic_b,117,500,1,IR
-0.0020042281499999997,0.03769167623258576,0.03774492532380111,0.72812,10.431865916335779,39.20862959842663,-1.3366585813881904,NU204_E_plastic_b,117,500,1,IR
-0.0018874832000000002,0.053764324331903236,0.05379744569862369,0.87,9.012323795373128,18.41120618064535,-0.3770292986444054,NU204_E_plastic_b,118,500,1,IR
-0.00169187215,0.006761326675325773,0.006969789794708124,0.043282,3.474853720608403,0.1929936314098919,-0.15264842286150387,NU204_E_plastic_b,118,500,1,IR
-0.0018384504499999999,0.03508984192081766,0.035137969578293474,0.62703,9.649390789200714,34.170121706979586,-1.0759844517781882,NU204_E_plastic_b,118,500,1,IR
-0.002003919049999999,0.07082908793709525,0.07085743002367305,1.37641,11.02566096087579,45.39425384207487,-1.9763227390890945,NU204_E_plastic_b,118,500,1,IR
-0.0017470316499999998,0.012171883211516646,0.01229661988112597,0.186093,7.992521599439784,12.539949354137041,0.7451186570469264,NU204_E_plastic_b,118,500,1,IR
-0.0017943614500000003,0.030461613303109564,0.03051441656072466,0.45733999999999997,9.006890217057228,21.29247807631882,-0.7185369221834786,NU204_E_plastic_b,118,500,1,IR
-0.00201046745,0.015601722003884313,0.015730724994544833,0.35750000000000004,14.094709562139634,57.88054032494637,-2.7636189104438125,NU204_E_plastic_b,118,500,1,IR
-0.0019192429500000001,0.03956226338559471,0.039608789147009944,0.625,8.903579422513657,32.92888369011382,-1.37069027444359,NU204_E_plastic_b,118,500,1,IR
-0.0015914166500000002,0.013887497202387487,0.013978382792734556,0.3175,12.854848995364197,50.455184122347035,-0.5711352376543454,NU204_E_plastic_b,118,500,1,IR
-0.001806882049999999,0.0654553020073268,0.06548023658794287,1.0570300000000001,8.931549891615523,21.44876818164908,-0.27783347726929364,NU204_E_plastic_b,118,500,1,IR
-0.0014976567499999998,0.007356944702916214,0.0075078366459711615,0.054375,3.766864055996222,0.3826096236387131,-0.054915508823891526,NU204_E_plastic_b,118,500,1,IR
-0.0018850229500000002,0.029631379939848324,0.029691277989700487,0.49046999999999996,8.830539395810117,20.624949609419684,-0.3635263245260357,NU204_E_plastic_b,118,500,1,IR
-0.0015343635,0.010277846819090209,0.010391747042091382,0.193751,11.592853397223852,29.840496773405512,1.9800121542199542,NU204_E_plastic_b,118,500,1,IR
-0.00192314525,0.031683825529735275,0.03174213741781266,0.45203,7.3098417080694835,17.345406305080434,-0.09799224610606745,NU204_E_plastic_b,118,500,1,IR
-0.00167671345,0.006187556832663163,0.006410711937908885,0.045467999999999995,3.631577931669481,0.49401195211149984,0.04722114794280924,NU204_E_plastic_b,118,500,1,IR
-0.0017665593,0.00650724939400078,0.006742775870228818,0.049531,4.541897964489324,0.37991123447858843,-0.19827264229424535,NU204_E_plastic_b,119,500,1,IR
-0.0016231049500000005,0.04479573809276395,0.04482513380854783,0.81547,10.397961152569277,36.26760090302386,-1.6598663834790155,NU204_E_plastic_b,119,500,1,IR
-0.00182246975,0.07204367396723937,0.0720667215480734,1.46953,11.84013899440124,59.54918965481149,-1.958114440439138,NU204_E_plastic_b,119,500,1,IR
-0.0017418916500000008,0.04646910104121531,0.04650173693636634,0.7914,8.615162064767908,30.087692466352344,-0.17807193928947365,NU204_E_plastic_b,119,500,1,IR
-0.00174374435,0.0290998645342097,0.029152062710338572,0.49937,10.585528820592195,36.72215497855341,-1.8116015423578327,NU204_E_plastic_b,119,500,1,IR
-0.0015387558000000002,0.014458105586531085,0.014539758820672198,0.29468000000000005,10.96097961222111,37.651372855221055,0.6924260880021685,NU204_E_plastic_b,119,500,1,IR
-0.0019087619000000004,0.04392795022146735,0.04396940052639568,0.8224899999999999,9.679913642317958,43.577753557808826,-2.115521178210567,NU204_E_plastic_b,119,500,1,IR
-0.0016153097000000001,0.007460165468870373,0.007633039646814367,0.084063,6.6119137768481435,2.516487753910221,-0.1681585500884431,NU204_E_plastic_b,119,500,1,IR
-0.0020184547999999997,0.07671698079846265,0.07674352938594452,1.40484,9.978430834850966,33.8246307535731,-0.9732014036111336,NU204_E_plastic_b,119,500,1,IR
-0.0016612443000000002,0.00795653617633311,0.008128111745638099,0.075,4.97889316318977,1.8638641784728653,-0.09653081121959045,NU204_E_plastic_b,119,500,1,IR
-0.0018427981,0.024871725978948697,0.024939900922202454,0.34859,7.091848542290862,16.690782534679165,-0.11114715889375548,NU204_E_plastic_b,119,500,1,IR
-0.0016039064000000001,0.009436486115931026,0.009571822499196274,0.203906,11.361472698551557,48.72653134687191,2.226886719398009,NU204_E_plastic_b,119,500,1,IR
-0.0017159210000000002,0.041681589127203496,0.04171689414430622,0.7263999999999999,10.075294640729302,32.605989166445696,-1.2071016261846144,NU204_E_plastic_b,119,500,1,IR
-0.0018209398499999998,0.008616794434053448,0.008807097606819882,0.115937,6.7417215807875515,8.065943821656496,0.2184799866599376,NU204_E_plastic_b,119,500,1,IR
-0.0016802573000000004,0.050537135366900514,0.05056506022627314,0.76078,7.811718175206714,19.255516966112445,-0.1064586670059993,NU204_E_plastic_b,119,500,1,IR
-0.00183295985,0.009197466852466796,0.009378333450775649,0.074531,4.781659794394613,1.1665243693232625,-0.3097416155192643,NU204_E_plastic_b,120,500,1,IR
-0.0017638705000000009,0.06170556332798789,0.06173076854183086,1.08656,10.534616940000154,26.78493812847737,-1.0066815955731725,NU204_E_plastic_b,120,500,1,IR
-0.00177796645,0.007270455157927315,0.007484696580407084,0.042969,3.047952546228564,0.055760326146967465,0.0166519045419196,NU204_E_plastic_b,120,500,1,IR
-0.0016445233999999997,0.03574230198510173,0.03578011470645888,0.60797,9.36721424035844,33.789518560012674,-1.5981263997627593,NU204_E_plastic_b,120,500,1,IR
-0.00192183905,0.040511363761273116,0.04055692368920869,0.70172,9.300261599978354,34.16386392706063,-1.1482690996157052,NU204_E_plastic_b,120,500,1,IR
-0.001535938,0.013552369083388928,0.013639128026096096,0.140312,5.556146980584555,5.72217302404154,0.37011672336800655,NU204_E_plastic_b,120,500,1,IR
-0.00184796355,0.05486554983497121,0.05489666226626021,1.01578,10.15544437466907,34.97392931208859,-0.07681483758391909,NU204_E_plastic_b,120,500,1,IR
-0.0015367259,0.01348567873280074,0.013572953156039588,0.189376,7.494315999664187,12.324640985782938,0.5916362361059888,NU204_E_plastic_b,120,500,1,IR
-0.00199111805,0.03816327759317538,0.038215184256297885,0.67734,9.722836805078774,38.63997000705771,-1.437708719158381,NU204_E_plastic_b,120,500,1,IR
-0.0015074950999999998,0.008300101538177469,0.008435889225243536,0.06093799999999999,3.760006699125936,0.41542657522938997,-0.1092643512829523,NU204_E_plastic_b,120,500,1,IR
-0.00201030645,0.07940882860309788,0.07943427089197135,1.51328,11.615389549616374,37.547558702262016,-1.5778148466151474,NU204_E_plastic_b,120,500,1,IR
-0.0017007770500000001,0.007335192651428508,0.0075297871023938985,0.055938,3.7144476490056393,0.7700224939770153,0.19505838394062547,NU204_E_plastic_b,120,500,1,IR
-0.00187297455,0.03309496751026302,0.03314792464348729,0.59406,9.3755492490858,24.848345217362894,0.32941782995031993,NU204_E_plastic_b,120,500,1,IR
-0.0018243725999999999,0.008754260954974969,0.008942338634352313,0.130937,7.9677143657130785,11.486516066986304,0.012537076738978557,NU204_E_plastic_b,120,500,1,IR
-0.0017126553499999997,0.038006269630377086,0.03804483827754834,0.66812,9.593942740332265,26.25055837203929,-0.5421085329266376,NU204_E_plastic_b,120,500,1,IR
-0.00189624875,0.006712562123147236,0.0069752598216114865,0.044688,3.6289687620771613,-0.031490227985747854,0.061605830812789975,NU204_E_plastic_b,121,500,2,OK
-0.00230341965,0.008725736709656748,0.009024645323238887,0.086874,5.297936737400843,1.2112828184045918,0.10902400577281803,NU204_E_plastic_b,121,500,2,OK
-0.0018678136999999999,0.007867768427843267,0.008086439763707822,0.059218999999999994,4.0383655791960615,0.4724313053849811,0.16982320681913876,NU204_E_plastic_b,121,500,2,OK
-0.0023039035,0.007572816332588738,0.007915523895765523,0.052969,4.2440652624359325,0.13839896997339363,-0.1134898112599344,NU204_E_plastic_b,121,500,2,OK
-0.0018076532499999999,0.008050963752880268,0.008251401555034605,0.058124999999999996,3.635745975990643,0.5662748140299869,-0.03338955378337738,NU204_E_plastic_b,121,500,2,OK
-0.0022862499500000003,0.008418963785420537,0.008723868984235005,0.059531,3.4388411900973423,0.21570617712284879,0.10912173248900608,NU204_E_plastic_b,121,500,2,OK
-0.0018137465,0.008021140678920782,0.008223647253943958,0.112969,8.246097857307502,6.68702688637468,0.5794026905227785,NU204_E_plastic_b,121,500,2,OK
-0.0022340641,0.008809984976875736,0.009088832581563212,0.058438000000000004,3.2835900245911507,0.2804987228881739,-0.008722340935641296,NU204_E_plastic_b,121,500,2,OK
-0.00197874395,0.00852904163911051,0.008755568451068297,0.057656,3.622723090712614,0.0035027463843615436,0.0419502340115165,NU204_E_plastic_b,121,500,2,OK
-0.00208719185,0.008287401082628444,0.008546191346035818,0.071719,4.771833246972221,0.6159388929880993,0.05101404175760558,NU204_E_plastic_b,121,500,2,OK
-0.0020462423999999995,0.008011354825572716,0.008268549697545815,0.055,3.45816389160568,0.3405135824475525,0.0725763479142066,NU204_E_plastic_b,121,500,2,OK
-0.0020696831500000004,0.007699184554375131,0.00797251724010193,0.063125,4.370514224131614,0.667258201277046,0.07361076472304183,NU204_E_plastic_b,121,500,2,OK
-0.0021003119,0.007658110314991446,0.007940904461952681,0.076719,6.119454053732647,2.2781739579127347,0.1772755046394726,NU204_E_plastic_b,121,500,2,OK
-0.00200531245,0.008230948901074986,0.008471705721649713,0.057656,3.7255779458134746,0.20283920724972582,0.048321655025743114,NU204_E_plastic_b,121,500,2,OK
-0.0021539029000000004,0.00759198444380727,0.007891611083780042,0.054375,3.999436827908397,0.2120690136089669,0.23302992209370754,NU204_E_plastic_b,121,500,2,OK
-0.00223218085,0.008387119447599144,0.008679078521099028,0.049844,3.2225771355803214,-0.25809441706202607,-0.15554465273916676,NU204_E_plastic_b,122,500,2,OK
-0.0017959364999999999,0.008217371203799773,0.008411336244204603,0.057656,3.5108571507109603,0.01804986373352868,0.04704883599917408,NU204_E_plastic_b,122,500,2,OK
-0.0022456210500000004,0.00845234929701615,0.008745571595897691,0.05437500000000001,3.394517976838171,0.017213222690235508,-0.08265142949654615,NU204_E_plastic_b,122,500,2,OK
-0.001840309,0.0080207677143079,0.008229182945005234,0.050001000000000004,3.0760040418549597,-0.05558591296336335,0.07725802516596827,NU204_E_plastic_b,122,500,2,OK
-0.00220732945,0.0080175882017668,0.00831588984258134,0.055312,3.926939944873444,0.0226584027134078,-0.10007342773136192,NU204_E_plastic_b,122,500,2,OK
-0.0019610911000000003,0.008821593725171535,0.009036946063493187,0.08875,6.2763459692571795,3.4863290217957967,0.4354296580768496,NU204_E_plastic_b,122,500,2,OK
-0.0021210868499999995,0.007539631903788114,0.007832308642403113,0.054063,3.8901684536593395,0.6751804147703337,0.04900666683764426,NU204_E_plastic_b,122,500,2,OK
-0.00207499,0.007376392697068805,0.0076626857381384235,0.0475,3.099435473621529,0.05596404269519173,0.007354207890156752,NU204_E_plastic_b,122,500,2,OK
-0.0020482835,0.007939129542202833,0.008199100144787232,0.049686999999999995,3.3730530804143117,0.012716143685954862,0.02357591545581324,NU204_E_plastic_b,122,500,2,OK
-0.0021196871000000003,0.008293806445532327,0.008560391273642812,0.071093,4.544885713319017,0.8430717951020275,-0.13865274152085666,NU204_E_plastic_b,122,500,2,OK
-0.0019442230000000001,0.009844207244622394,0.010034361930327458,0.073281,3.6748724289633663,0.7501464201467716,-0.001617706677615927,NU204_E_plastic_b,122,500,2,OK
-0.0021945340499999995,0.007479250231056459,0.0077945598795164505,0.042032,2.946798838554169,-0.10929621701783088,-0.006782791596225802,NU204_E_plastic_b,122,500,2,OK
-0.0019370228,0.0068313579445012365,0.007100669594736823,0.049844,3.784854321333351,0.3395927325507646,-0.010001620201806907,NU204_E_plastic_b,122,500,2,OK
-0.00218608695,0.008501695924769492,0.008778257785586073,0.06531200000000001,3.7735278239824943,0.4344637705046348,0.042654282042929634,NU204_E_plastic_b,122,500,2,OK
-0.0018429734999999999,0.007456525265305734,0.0076809062195710345,0.071563,5.289089443181464,1.128072752813515,0.12331567811112774,NU204_E_plastic_b,122,500,2,OK
-0.00196639955,0.00879694929903869,0.009014047046698698,0.071406,4.281539668037861,0.15486883000083207,0.1252387196129742,NU204_E_plastic_b,123,500,2,OK
-0.0020129709,0.007983980249405567,0.00823383218599608,0.051406,3.1500520552402174,-0.005696360088657038,0.1633409658321033,NU204_E_plastic_b,123,500,2,OK
-0.0021073398,0.007451388385378322,0.007743647067268432,0.047501,3.4302957985106217,0.09145465427877797,0.1275940943588169,NU204_E_plastic_b,123,500,2,OK
-0.00208249965,0.007271061118439824,0.007563407603741683,0.061094,4.937457024202372,0.43784804549006706,0.029773184310602958,NU204_E_plastic_b,123,500,2,OK
-0.00213624455,0.008527223906940511,0.008790738782178805,0.066094,3.981462863047919,0.3106451509066033,0.10764932009567003,NU204_E_plastic_b,123,500,2,OK
-0.0019104675999999999,0.00881297487033693,0.009017672233777406,0.071719,4.14120174606934,0.5265247060949267,-0.07966731613230824,NU204_E_plastic_b,123,500,2,OK
-0.00223561865,0.008450156599424337,0.008740888816534764,0.050156,2.9316240645374974,-0.13791478756035902,0.0031686882398322676,NU204_E_plastic_b,123,500,2,OK
-0.0018445293500000003,0.007653054245603586,0.007872199680468128,0.05375,3.5925155798789703,0.1740867621233848,-0.0699310373668254,NU204_E_plastic_b,123,500,2,OK
-0.0022743639999999996,0.007526522179518839,0.007862650171747755,0.055781,3.6763685740293606,0.3958709686098514,0.14622464332614302,NU204_E_plastic_b,123,500,2,OK
-0.0019071908499999999,0.0096879756631963,0.009873917631265085,0.078906,4.509962677731444,1.036690236812749,0.18139011576780084,NU204_E_plastic_b,123,500,2,OK
-0.00227500115,0.008209955628904225,0.008519331057135735,0.060781,3.613077105885918,0.3169421709492708,0.0476648574198247,NU204_E_plastic_b,123,500,2,OK
-0.0017318721999999998,0.007914622668462924,0.008101890723854525,0.0475,3.1435872030477054,0.06181490543121804,-0.058480867657282234,NU204_E_plastic_b,123,500,2,OK
-0.0023104637000000003,0.007352979225140807,0.0077074344625413455,0.048906,3.4260427549964843,-0.028714755485319987,0.045861528223576135,NU204_E_plastic_b,123,500,2,OK
-0.0018304606500000001,0.008562371004159075,0.008755842815175618,0.06625,4.12227592042218,0.15608600132432526,0.0934314213082549,NU204_E_plastic_b,123,500,2,OK
-0.0021913974500000002,0.007918968505009411,0.008216585967857787,0.049063,3.0236402439147465,-0.3022725256515799,-0.04006045757465412,NU204_E_plastic_b,123,500,2,OK
-0.0019037487499999999,0.007561246264721242,0.007797224145738501,0.057344,4.7292471411321015,0.6218892106895764,-0.17405116282288083,NU204_E_plastic_b,124,500,2,OK
-0.00221905165,0.007641017056079955,0.007956716149057505,0.055312,3.790005755524163,0.23613812392036815,0.0989322811803045,NU204_E_plastic_b,124,500,2,OK
-0.00179187605,0.007696422899204792,0.007902262031973344,0.044687000000000004,3.420666119476912,-0.16101286962067007,-0.1859222121315512,NU204_E_plastic_b,124,500,2,OK
-0.0023587529,0.00811567963759885,0.008451507038593473,0.060938,3.827009769062772,0.07510154345589726,-0.07234944339557758,NU204_E_plastic_b,124,500,2,OK
-0.00178561945,0.0086477907530799,0.008830216403309292,0.07375000000000001,4.565233529825193,0.7764682799461426,0.0935844427387618,NU204_E_plastic_b,124,500,2,OK
-0.00221265215,0.007930437851007527,0.008233327033805502,0.047656000000000004,3.0364395702188967,-0.21075754637650235,-0.08328223764289164,NU204_E_plastic_b,124,500,2,OK
-0.0020464063000000003,0.00782813445326537,0.00809119693018777,0.0525,3.3407912615683544,-0.02624423007716503,-0.0857129563502121,NU204_E_plastic_b,124,500,2,OK
-0.0021078088499999997,0.008323384947307746,0.008586128063871835,0.06937499999999999,4.56771663644562,0.6512969043358927,0.04529603454797687,NU204_E_plastic_b,124,500,2,OK
-0.0020004641,0.007142226795307693,0.00741709243646053,0.045781,3.18103086918776,0.029396734937432,0.05636464921905941,NU204_E_plastic_b,124,500,2,OK
-0.0019848331,0.008078192831462641,0.008318459103532938,0.055625,3.456168942128906,0.05615734412638318,0.051938968973673595,NU204_E_plastic_b,124,500,2,OK
-0.00217890465,0.00805819335517558,0.008347580824597477,0.051875000000000004,3.2194956316934995,-0.2724224224867964,0.06581365610026725,NU204_E_plastic_b,124,500,2,OK
-0.00198155515,0.009253585735338273,0.009463372008631359,0.119375,7.677601592089148,5.467526139874495,0.2870555704857864,NU204_E_plastic_b,124,500,2,OK
-0.0021282727000000003,0.008072481716527123,0.008348323529262028,0.05,3.2378955972720282,-0.15249678850370785,-0.06813108258012844,NU204_E_plastic_b,124,500,2,OK
-0.0020417141,0.008200303722306033,0.00845065545411745,0.06875,4.640941784094529,0.7352409214332098,0.04903435677673841,NU204_E_plastic_b,124,500,2,OK
-0.0021767201499999994,0.009070949018429465,0.00932846325534718,0.114062,8.860623420756966,7.476902167176545,0.8020365167532197,NU204_E_plastic_b,124,500,2,OK
-0.0018923411999999997,0.009420550835799495,0.009608732136296651,0.09765599999999999,5.821475633470927,1.6374021346710048,0.19973685049468368,NU204_E_plastic_b,125,500,2,OK
-0.00220905635,0.008321545066021223,0.008609764354690406,0.052812,3.5025348845432323,0.04342907844662669,-0.15001644432099037,NU204_E_plastic_b,125,500,2,OK
-0.0018488971000000002,0.009679167672345675,0.009854172076626732,0.072188,3.789663881410883,0.6320999487020935,0.06992463791720692,NU204_E_plastic_b,125,500,2,OK
-0.0022675016500000003,0.00790950575692785,0.008228113091810752,0.085937,6.0197276638427635,1.8426374755457298,0.2350797890543075,NU204_E_plastic_b,125,500,2,OK
-0.0018307822000000003,0.008044286299253538,0.008249988213821582,0.052969,3.541702029470548,0.2580269715779253,0.06830786154360786,NU204_E_plastic_b,125,500,2,OK
-0.0021565603500000004,0.008059578100913246,0.00834311402942046,0.059688000000000005,3.7269057920523103,0.1949677870209654,-0.046821915036797904,NU204_E_plastic_b,125,500,2,OK
-0.0019729661,0.00829366907749042,0.00852511243319817,0.06640599999999999,4.08721882239486,0.5088863108831299,0.08194670894684634,NU204_E_plastic_b,125,500,2,OK
-0.00207500205,0.00900685543508989,0.009242785204477735,0.058594,3.3472594370160045,0.20792546065940742,-0.004173792052909365,NU204_E_plastic_b,125,500,2,OK
-0.0020857786999999997,0.0075236255508027055,0.007807394841691113,0.047813,3.202092440169825,0.025303849843601345,-0.007471165190620118,NU204_E_plastic_b,125,500,2,OK
-0.00202906755,0.008026802597996882,0.00827929194253183,0.056094,3.6046560753205696,0.16767849753128505,-0.010392490215707378,NU204_E_plastic_b,125,500,2,OK
-0.00219906925,0.0092452357726681,0.009503172631206775,0.059687,3.3705585748085576,-0.03474412321875686,-0.09410820508243407,NU204_E_plastic_b,125,500,2,OK
-0.0019771928000000003,0.00838570592108966,0.008615645951602816,0.081719,5.8940444262978255,1.3639706499074844,0.1598891929063026,NU204_E_plastic_b,125,500,2,OK
-0.0021001503,0.009367760921792086,0.00960029041073472,0.131407,7.258947075400681,5.244044826761664,0.2525764520231371,NU204_E_plastic_b,125,500,2,OK
-0.0019449934,0.007209762648062795,0.007467508069459651,0.047344,3.2013356768598493,-0.16850228716070692,0.06023703135300043,NU204_E_plastic_b,125,500,2,OK
-0.00227358855,0.00753095540229169,0.007866669826934234,0.049062999999999996,3.7142781688839617,0.16695068317606054,-0.1406296253683092,NU204_E_plastic_b,125,500,2,OK
-0.00198890625,0.1638063170622113,0.16381839108463062,1.8573,6.576184718133713,7.135804926813629,-0.780713308444557,NU204_E_plastic_b,126,500,2,OR
-0.0019576866499999997,0.09793254434160613,0.09795210961607839,1.16141,7.661601194108572,8.69193497215157,-0.8587753746967001,NU204_E_plastic_b,126,500,2,OR
-0.0023102108,0.14867082775772322,0.14868877597218644,1.94011,8.119644486318432,10.069374921631438,-1.2286922659137185,NU204_E_plastic_b,126,500,2,OR
-0.0019661138,0.11071787424788752,0.11073532987012585,1.36344,7.502393328076657,9.143418778771075,-0.8835380908131095,NU204_E_plastic_b,126,500,2,OR
-0.00236281925,0.10848309404443748,0.10850882272083888,1.49188,7.208538258795266,8.280715940912398,-0.6631228942339639,NU204_E_plastic_b,126,500,2,OR
-0.0015141904999999994,0.12343637207159866,0.12344565898835175,1.7381199999999999,7.8462864384027915,12.345822497942613,-1.104135209224749,NU204_E_plastic_b,126,500,2,OR
-0.001728386950000001,0.11550652656219058,0.11551945723518167,1.4139,7.378324140363241,10.150006189123594,-1.0818997257643597,NU204_E_plastic_b,126,500,2,OR
-0.0027056408999999995,0.14214471906095189,0.14217046686846285,1.4617200000000001,5.873231047152346,6.187171838671079,-0.9163440348138343,NU204_E_plastic_b,126,500,2,OR
-0.0019881936499999996,0.1025212680566569,0.10254054475150207,1.22062,7.317203178687122,8.348316502964373,-0.8124449559439875,NU204_E_plastic_b,126,500,2,OR
-0.0024868498999999996,0.14573815449008695,0.1457593705275979,1.8980899999999998,7.2516778590222355,9.778212000018346,-1.1039961718201452,NU204_E_plastic_b,126,500,2,OR
-0.0014185759499999993,0.12457206370650818,0.12458014052739005,1.96174,8.784706738706772,18.487869656872356,-1.2946868639803475,NU204_E_plastic_b,126,500,2,OR
-0.0018282971,0.1189486784633629,0.11896272852648583,1.29719,7.359195698046599,6.293945132871924,-0.7740063625052268,NU204_E_plastic_b,126,500,2,OR
-0.0025943048000000007,0.16932393993695113,0.16934381315290956,2.37139,8.247717905931674,15.245109109236623,-1.2137726178698158,NU204_E_plastic_b,126,500,2,OR
-0.0021123388500000006,0.12198272074687586,0.12200100875086038,1.17531,6.0373271298447815,4.9330272890118,-0.6837748556813276,NU204_E_plastic_b,126,500,2,OR
-0.0022060879,0.1088064709155421,0.10882883320571453,1.2678099999999999,6.821170255467006,11.166696035395406,-1.146169569804746,NU204_E_plastic_b,126,500,2,OR
-0.0028307067,0.12113753942405686,0.12117060847473018,1.93153,9.19777505476855,18.227223260519853,-1.310354428864934,NU204_E_plastic_b,127,500,2,OR
-0.0022684002999999986,0.17146674326783845,0.1714817473867113,2.39496,8.358907124777055,10.7196174431167,-1.1464963610719427,NU204_E_plastic_b,127,500,2,OR
-0.00232357145,0.13726947899515357,0.1372891432265646,1.83328,7.60366024192663,12.518649699807469,-1.1289939489026009,NU204_E_plastic_b,127,500,2,OR
-0.001862815649999999,0.14475729307872626,0.1447692784454842,1.6287500000000001,6.241586679871897,7.500600004548605,-0.9929321060505831,NU204_E_plastic_b,127,500,2,OR
-0.0020996489,0.09282884586245471,0.09285258827657225,1.05891,6.660449767516489,5.7026064436068165,-0.6144836712513383,NU204_E_plastic_b,127,500,2,OR
-0.0013233818000000011,0.1496308928078931,0.14963674489200762,2.14995,8.545360973488389,13.37594872738378,-1.051460329053283,NU204_E_plastic_b,127,500,2,OR
-0.0027879937500000004,0.15355951769510787,0.1535848247187989,2.30967,8.596552442061643,15.276335237462153,-1.0564713390633946,NU204_E_plastic_b,127,500,2,OR
-0.001970946800000001,0.14023865799384436,0.14025250738294442,1.64422,6.144061279754279,9.313730369522442,-1.1492202130964153,NU204_E_plastic_b,127,500,2,OR
-0.0024074881500000004,0.12001000900752672,0.1200341545610208,1.23812,6.298957182354566,6.818324153578457,-0.726997567551796,NU204_E_plastic_b,127,500,2,OR
-0.00288194315,0.13755890997577971,0.13758909589805615,1.62375,6.122142125449495,8.526169988989844,-0.8049642033024152,NU204_E_plastic_b,127,500,2,OR
-0.001200263000000001,0.09880532136262211,0.09881261134511221,1.11094,7.28651930354652,7.033100027933221,-0.7775960333476319,NU204_E_plastic_b,127,500,2,OR
-0.0025982417000000005,0.13890616028715205,0.138930458235952,1.6799600000000001,7.2223183651772,9.340434524812729,-1.0526465980627473,NU204_E_plastic_b,127,500,2,OR
-0.0022583097499999996,0.13838623601456604,0.13840466134204482,1.48437,6.353615488619843,6.2799981426998865,-0.7572039663976393,NU204_E_plastic_b,127,500,2,OR
-0.0019292380500000005,0.12420602188784095,0.12422100399150054,1.3168799999999998,6.470322845361918,8.655311031268642,-1.070536233276705,NU204_E_plastic_b,127,500,2,OR
-0.002189100599999999,0.1390269545792985,0.13904418815984815,1.60407,6.39861336007222,9.612030327161078,-1.1226242425031008,NU204_E_plastic_b,127,500,2,OR
-0.00212828485,0.11169925118131825,0.11171952519980546,1.57437,7.924398160631832,14.362441275695303,-1.353159147701421,NU204_E_plastic_b,128,500,2,OR
-0.0022781153000000004,0.12997410536034557,0.1299940686090804,1.88342,7.9557476049931,13.173123434453078,-1.0346707218877926,NU204_E_plastic_b,128,500,2,OR
-0.0016897619999999994,0.10209661123110218,0.10211059357623706,1.29343,8.738956152808647,10.331095459794644,-1.1994618602254,NU204_E_plastic_b,128,500,2,OR
-0.001189694450000001,0.16370383410171738,0.16370815701267596,1.85765,6.102689189290931,8.277118256841693,-1.0853358450125388,NU204_E_plastic_b,128,500,2,OR
-0.00294312575,0.11247568150182378,0.1125141809661343,1.18437,6.379729149128801,6.894804332528162,-0.8000318525754745,NU204_E_plastic_b,128,500,2,OR
-0.0026312777499999996,0.11233988036846117,0.1123706916584472,1.1714,6.614536130641729,7.069640366812395,-1.0687084550029677,NU204_E_plastic_b,128,500,2,OR
-0.00133579095,0.13616372008045813,0.13617027209935162,1.76739,7.591965441955833,10.077286496881191,-0.6147076422008342,NU204_E_plastic_b,128,500,2,OR
-0.000828991700000001,0.1209441902913099,0.12094703135033637,1.4756200000000002,6.778504530840806,10.29282898929309,-0.9798612079088522,NU204_E_plastic_b,128,500,2,OR
-0.0033025142499999998,0.12781273180973862,0.1278553910206356,1.37593,7.024498480905239,7.899312693049435,-1.1350672120455167,NU204_E_plastic_b,128,500,2,OR
-0.0023343323499999996,0.1032716738358483,0.10329805285859987,1.27172,7.41330527351026,13.706638188948887,-1.3424560916775674,NU204_E_plastic_b,128,500,2,OR
-0.0025418213499999996,0.12117474073459658,0.12120139705412644,1.17781,5.751006316278009,5.151129633372337,-0.9518017991119493,NU204_E_plastic_b,128,500,2,OR
-0.0016459029499999995,0.12354795308153442,0.12355891593550768,1.72875,7.988334896974867,15.416278097421785,-1.3698473343997097,NU204_E_plastic_b,128,500,2,OR
-0.0021155752000000002,0.18299701391000886,0.18300924227592122,2.5732,8.366790556355754,12.514567075662612,-1.235676136930475,NU204_E_plastic_b,128,500,2,OR
-0.002081066,0.11306865480169939,0.1130878045341858,1.50656,8.809526403873543,13.26011395889849,-1.1619181700308896,NU204_E_plastic_b,128,500,2,OR
-0.002685669050000002,0.13576889063261208,0.13579545088793038,1.77489,8.875113209754211,12.862478900961788,-1.4212995978919742,NU204_E_plastic_b,128,500,2,OR
-0.00235685345,0.1271372740226843,0.12715911766013435,1.18688,5.7912481114271825,5.644718114849379,-0.9248695488169861,NU204_E_plastic_b,129,500,2,OR
-0.0023445809,0.0983643682883849,0.09839230665234791,1.03266,6.463310208256254,8.221595575333607,-1.210035818429653,NU204_E_plastic_b,129,500,2,OR
-0.0026006652999999995,0.12552312823398035,0.1255500664342592,1.43922,6.395615890975676,8.038708537517884,-0.8414092979477806,NU204_E_plastic_b,129,500,2,OR
-0.0014408762499999997,0.15369732103893294,0.15370407482858947,2.26096,8.372582193641572,14.367665120816675,-1.3014285532191572,NU204_E_plastic_b,129,500,2,OR
-0.0028495445999999996,0.12514628333835479,0.12517872078684605,1.32375,6.254817073368556,6.224488751130496,-0.9101581399163619,NU204_E_plastic_b,129,500,2,OR
-0.0022873788500000006,0.11308382851695344,0.11310695988335624,1.495,8.030275068277685,10.378605414480418,-1.0537950925375696,NU204_E_plastic_b,129,500,2,OR
-0.0025767748500000005,0.12394712039606784,0.12397390218552018,1.44359,6.9356532692928905,10.123752967242638,-1.4201228986844665,NU204_E_plastic_b,129,500,2,OR
-0.0015108054999999994,0.11673348306586201,0.11674325934265635,1.49797,7.056081906897843,8.307086266216325,-0.8340677589459045,NU204_E_plastic_b,129,500,2,OR
-0.0021239376500000002,0.17161826849309578,0.17163141085392672,2.5619,8.728006094845474,17.147468251466293,-1.481786557708544,NU204_E_plastic_b,129,500,2,OR
-0.00193850985,0.15023395493016886,0.15024646097129396,1.75561,7.023792728147022,10.444327471974608,-1.0366207181502938,NU204_E_plastic_b,129,500,2,OR
-0.002506132850000001,0.1096553460980837,0.1096839807344371,1.39094,7.49453105636519,9.617992772760505,-1.0209339796251025,NU204_E_plastic_b,129,500,2,OR
-0.0029771812000000003,0.1525668126844661,0.15259585820262161,1.8441100000000001,6.964147077890629,8.9702020263878,-1.0730825322743711,NU204_E_plastic_b,129,500,2,OR
-0.0013980675000000002,0.09770100407718951,0.09771100649581684,1.17375,6.589943375801444,8.329577825317797,-0.7004264783024213,NU204_E_plastic_b,129,500,2,OR
-0.0023895226000000005,0.14709062551827254,0.14711003342264797,1.34437,5.6303433608797215,4.818924468794324,-0.896490874999296,NU204_E_plastic_b,129,500,2,OR
-0.0021459614,0.11398999987912932,0.11401019788937387,1.65656,8.449068748522722,13.858505653009466,-1.3652038306475731,NU204_E_plastic_b,129,500,2,OR
-0.0030609620500000006,0.11824428546803081,0.11828389803568659,1.5667200000000001,8.006415207201561,10.803826379018822,-1.3676297249537157,NU204_E_plastic_b,130,500,2,OR
-0.0017114244499999997,0.1421720678151319,0.14218236824753805,1.44125,6.098013492717392,6.520345003266289,-0.9928893979758062,NU204_E_plastic_b,130,500,2,OR
-0.0027511957000000004,0.1124212373472007,0.11245489622268715,1.4243700000000001,7.776717860894424,12.16158393839025,-1.3313385484253961,NU204_E_plastic_b,130,500,2,OR
-0.0015826375000000006,0.12657313485007576,0.1265830289068478,1.75189,8.075332126490945,11.921778389283118,-1.1076846598382002,NU204_E_plastic_b,130,500,2,OR
-0.0026843836499999994,0.11246343598008521,0.1124954681221742,1.3849999999999998,7.485012632558003,10.162177627175442,-0.8638619993562119,NU204_E_plastic_b,130,500,2,OR
-0.0024389421,0.1804032759512826,0.18041976170176527,2.5737200000000002,8.857677146485024,13.974902953378827,-1.2786676278576496,NU204_E_plastic_b,130,500,2,OR
-0.0018311087499999993,0.1093717175826112,0.10938704478239089,1.21875,7.376284838896112,8.272280822747344,-0.9673081086663752,NU204_E_plastic_b,130,500,2,OR
-0.0022073436999999994,0.12877594522820487,0.12879486183706068,1.48,6.753685570938698,7.971832007039032,-0.9892398903957105,NU204_E_plastic_b,130,500,2,OR
-0.0014364694499999992,0.13795228735739826,0.13795976598856263,1.83501,7.600766734316821,12.818995856866875,-1.0158859919444472,NU204_E_plastic_b,130,500,2,OR
-0.00082248285,0.10385904563415047,0.10386230229527502,0.99093,5.402248819835044,5.416526474863117,-0.686964533923556,NU204_E_plastic_b,130,500,2,OR
-0.0021536005499999994,0.15934136596695084,0.15935591894731338,1.5095399999999999,5.573247645063222,5.887457713610839,-0.7426740071466205,NU204_E_plastic_b,130,500,2,OR
-0.00289483285,0.10729218106973394,0.10733122647174966,1.26641,7.21337140597923,8.896959920890493,-1.0251188964666613,NU204_E_plastic_b,130,500,2,OR
-0.0023383374999999995,0.11087376276805697,0.11089841789949612,1.1448399999999999,6.67701139497829,5.5501400079467995,-0.8217210300232846,NU204_E_plastic_b,130,500,2,OR
-0.00106766265,0.1347773135109441,0.13478154228514197,2.20499,9.09916876752638,20.171506877148676,-0.9853964601350618,NU204_E_plastic_b,130,500,2,OR
-0.0018668141999999993,0.1592517125455179,0.15926265395232364,1.93341,6.91938739341799,7.798529969335982,-0.9747711094922681,NU204_E_plastic_b,130,500,2,OR
-0.00219563395,0.01845275264460305,0.018582919270267992,0.21297,6.0539465497219265,6.425520874786621,-0.43964828882643137,NU204_E_plastic_b,131,500,2,RE
-0.0006257716000000001,0.025260298835409558,0.025268048744403672,0.34672000000000003,7.67411848700612,8.438059359812863,0.6591986312321642,NU204_E_plastic_b,131,500,2,RE
-0.0017853307499999995,0.05495644900927276,0.05498544074203363,0.85781,8.465331799080612,20.099296527276387,-0.6529500621380091,NU204_E_plastic_b,131,500,2,RE
-0.00108407445,0.021201072502290533,0.021228770399166375,0.23765000000000003,6.373897190263712,3.470673646529735,-0.08574246953261959,NU204_E_plastic_b,131,500,2,RE
-0.001894062,0.01723851552830002,0.017342257306339478,0.207659,6.973717311632222,3.916766651373707,0.15240155960501414,NU204_E_plastic_b,131,500,2,RE
-0.000860166,0.028023249775995004,0.028036447948257638,0.54906,13.029824629503493,36.24884781122425,2.1390036476855165,NU204_E_plastic_b,131,500,2,RE
-0.0019242159500000003,0.021953840181447255,0.022038005938259535,0.25703,6.118520903286818,3.9282694392490525,-0.21238051550319798,NU204_E_plastic_b,131,500,2,RE
-0.0007131173499999999,0.07005839246347369,0.07006202174445851,1.1565599999999998,8.472350429238782,19.590935085899442,-0.6980712854094433,NU204_E_plastic_b,131,500,2,RE
-0.0020882791,0.022624057844620696,0.022720231137826043,0.32484,7.220877243931854,10.185352148584899,0.377279383856793,NU204_E_plastic_b,131,500,2,RE
-0.00122000155,0.017457202633636495,0.017499780786451227,0.19703500000000002,6.2235065301115595,3.8047782511236194,-0.03891871633921028,NU204_E_plastic_b,131,500,2,RE
-0.00290593015,0.027797213614403755,0.027948694330173503,0.41828,7.871566285029898,12.935677005793423,-0.4628957094893964,NU204_E_plastic_b,131,500,2,RE
-0.0015079691499999997,0.03183031945827438,0.031866019641196994,0.47875,8.321089454711693,13.97194584415077,-0.27265599551892283,NU204_E_plastic_b,131,500,2,RE
-0.00169109855,0.07086090110693859,0.07088107730553439,1.10938,8.076908841724098,19.868687413312312,-0.5051077293764243,NU204_E_plastic_b,131,500,2,RE
-0.0024957848,0.02341244598671941,0.02354509649266626,0.38437,9.801616233421788,17.166126920733465,-1.1499392895774867,NU204_E_plastic_b,131,500,2,RE
-0.0015415565499999999,0.018157350058796564,0.01822267153176305,0.16702699999999998,5.684676904779704,1.7421383252412905,-0.21309258910542547,NU204_E_plastic_b,131,500,2,RE
-0.0018629630499999998,0.02321380700414469,0.02328844062944839,0.41624000000000005,9.63439345596556,19.087396595685576,-0.75321079195053,NU204_E_plastic_b,132,500,2,RE
-0.00257530545,0.020282119706426835,0.020444964611038764,0.18359599999999998,5.487414731910356,3.098399674699267,-0.4496277635149988,NU204_E_plastic_b,132,500,2,RE
-0.0013900069500000002,0.018232211142676695,0.01828512079457482,0.14421899999999999,4.067514829984989,1.1825499525830967,0.006307429270110639,NU204_E_plastic_b,132,500,2,RE
-0.001361566,0.03903463631870859,0.039058375471929196,0.5365599999999999,7.004643605738953,11.662687757758732,-0.4348497304945672,NU204_E_plastic_b,132,500,2,RE
-0.0018971733999999993,0.0651641246624651,0.06519173574875085,1.0959400000000001,9.16051694499395,20.653633629815648,-0.5293471612513789,NU204_E_plastic_b,132,500,2,RE
-0.0012675117999999999,0.021413909522847427,0.0214513894005921,0.202189,4.858426559406139,1.5494120819462376,-0.052351639994334356,NU204_E_plastic_b,132,500,2,RE
-0.0017559201499999998,0.02655253103188492,0.026610527235896464,0.27766,5.361036207037558,3.6741011418450595,0.318347524853282,NU204_E_plastic_b,132,500,2,RE
-0.00105656755,0.020102917628651556,0.02013066397742664,0.177816,5.161777083782167,2.023761931544221,-0.23346198912781194,NU204_E_plastic_b,132,500,2,RE
-0.0011837559000000004,0.07490140405482924,0.07491075762142294,1.20093,8.618521831841225,21.383145280548348,-0.5300141006482282,NU204_E_plastic_b,132,500,2,RE
-0.0013171778000000004,0.03476141198964237,0.03478635825823774,0.43078000000000005,7.662773953547612,4.657025868628456,0.22529405062758437,NU204_E_plastic_b,132,500,2,RE
-0.0019160872000000002,0.017872151844039827,0.017974570973862493,0.181563,5.5112859241008465,3.118362476943692,-0.21961926646156932,NU204_E_plastic_b,132,500,2,RE
-0.00274421935,0.02635539107677769,0.02649787498368138,0.38297000000000003,9.334333419276959,17.98310489426698,-2.1320837465319307,NU204_E_plastic_b,132,500,2,RE
-0.00150326775,0.024785755042693626,0.024831300146480502,0.26734,5.732281401309337,4.231153802485306,0.026369324938538583,NU204_E_plastic_b,132,500,2,RE
-0.0011220894499999999,0.04988764354079456,0.04990026114948881,0.67641,7.906371447998757,13.607597641400666,-1.0223252098076998,NU204_E_plastic_b,132,500,2,RE
-0.0020898351,0.025687374805848068,0.02577224544274926,0.25407,5.195899608261496,1.2600993181131876,-0.09680177283296529,NU204_E_plastic_b,132,500,2,RE
-0.0013792138,0.024971498419517988,0.025009557453543635,0.30047,6.122859242289504,4.079632538264399,-0.1507282470870586,NU204_E_plastic_b,133,500,2,RE
-0.0017468791999999999,0.0192974841418855,0.019376389786173145,0.25422,7.789892836884904,5.534155685704306,-0.44403473972757845,NU204_E_plastic_b,133,500,2,RE
-0.0008835883,0.020518003672206468,0.02053702030423535,0.181254,5.120509131420241,2.6693768382019574,0.5789956032251353,NU204_E_plastic_b,133,500,2,RE
-0.00093295265,0.03841091399738277,0.038422242448371974,0.7254700000000001,9.707137747130725,25.462982949258112,-0.601593365189423,NU204_E_plastic_b,133,500,2,RE
-0.0020090752500000002,0.04424728830986877,0.04429287647169477,0.71282,9.485949738859295,16.302078568443672,-0.6690744565226256,NU204_E_plastic_b,133,500,2,RE
-0.0011928157,0.02156539905230236,0.02159836210408581,0.24468499999999999,6.785699734716223,3.294591661244689,-0.16024058957036688,NU204_E_plastic_b,133,500,2,RE
-0.00123,0.021909615350086935,0.021944114126315625,0.46109,10.552260103419288,25.172500983337514,0.19235833203572095,NU204_E_plastic_b,133,500,2,RE
-0.001909211,0.015186464594845107,0.015306005146118467,0.156719,5.502350168839291,2.6535547380403637,-0.26872472327152414,NU204_E_plastic_b,133,500,2,RE
-0.0011382542999999997,0.030166508995771894,0.03018797588185493,0.42438,7.375784347761922,9.432776634516383,0.35586617932964515,NU204_E_plastic_b,133,500,2,RE
-0.0014723522000000004,0.06229351940294532,0.062310917025878945,1.17219,9.716916856616576,28.750842802283458,0.5361040275373788,NU204_E_plastic_b,133,500,2,RE
-0.0007431391,0.026160597983335955,0.0261711509599343,0.32828,6.41202216352281,7.621116526764817,0.45606166269845266,NU204_E_plastic_b,133,500,2,RE
-0.0015315653,0.017523045500364397,0.01758984979685742,0.139063,4.050631518907537,0.8790833294932083,0.005441495146650134,NU204_E_plastic_b,133,500,2,RE
-0.00160296825,0.021016567405569692,0.021077609274378403,0.237966,7.071959540553534,4.612503134014108,-0.553467575986034,NU204_E_plastic_b,133,500,2,RE
-0.0032535876500000005,0.049458453457943016,0.0495653553507664,0.885,11.181600456162784,29.322492167116252,-2.1673187560326115,NU204_E_plastic_b,133,500,2,RE
-0.0008128191499999999,0.043780275035037244,0.04378781973464895,0.755,11.857635368612458,33.11437683951918,2.656504162755729,NU204_E_plastic_b,133,500,2,RE
-0.0020352951500000006,0.027134787975769296,0.02721101146296417,0.39735,9.256546760226971,9.789823581239919,0.4626315159787933,NU204_E_plastic_b,134,500,2,RE
-0.0013883342499999998,0.058195002678320965,0.058211560782369574,0.79469,7.553310615460565,13.696450889065279,-0.43023278512569335,NU204_E_plastic_b,134,500,2,RE
-0.00214624735,0.031199147638244874,0.03127288267877431,0.31266,6.465345778220549,4.172150703715389,-0.6598892003758375,NU204_E_plastic_b,134,500,2,RE
-0.0024418702999999997,0.021364780463767653,0.02150387348425883,0.38203,9.300649957153214,22.78638269367181,-1.112430948533842,NU204_E_plastic_b,134,500,2,RE
-0.0017604674,0.019205432149119614,0.019285950054402298,0.29608999999999996,8.79033698219613,12.211260199033154,-0.6150643584823907,NU204_E_plastic_b,134,500,2,RE
-0.0017089128000000004,0.026185153885580112,0.02624085873155669,0.26625,5.924729887480212,4.3001748648324964,-0.18389217747175046,NU204_E_plastic_b,134,500,2,RE
-0.00129861115,0.06189992362958563,0.06191354404544645,0.94656,8.09596684744887,16.328195045393606,-0.341394530612735,NU204_E_plastic_b,134,500,2,RE
-0.0008993477999999999,0.029789293537694883,0.02980286623699665,0.32219,5.4682659950905155,4.730265707322252,0.13576542561613558,NU204_E_plastic_b,134,500,2,RE
-0.0012956254,0.017582170758341665,0.017629843270789734,0.25688,8.517375775472424,9.595941538151122,0.5240941681489688,NU204_E_plastic_b,134,500,2,RE
-0.0017176551,0.023208419953997816,0.023271894976638237,0.25375,6.116390613780685,5.279493273322258,-0.21744066034660153,NU204_E_plastic_b,134,500,2,RE
-0.0002792277999999999,0.026345324791542654,0.026346804484342404,0.38983999999999996,8.314480798997266,17.097620083239036,1.7602562858406083,NU204_E_plastic_b,134,500,2,RE
-0.00200378115,0.058709051724837945,0.05874323700075433,1.12063,9.961316908574274,23.055198577474087,-0.4564981803804415,NU204_E_plastic_b,134,500,2,RE
-0.0018198280500000001,0.022218136057464647,0.022292540097520908,0.22703,5.677235498796945,2.131869968031644,-0.2772281987559019,NU204_E_plastic_b,134,500,2,RE
-0.00139859545,0.01743111256699746,0.01748713111279542,0.142031,4.07442476072396,1.4368077211759251,0.19938084534071218,NU204_E_plastic_b,134,500,2,RE
-0.00157266065,0.02552751798770758,0.02557591515728797,0.24670999999999998,5.663140462785247,2.057969696406566,0.17189236893675364,NU204_E_plastic_b,134,500,2,RE
-0.0007864027,0.017042893935074164,0.017061027603540033,0.22281,9.762600698532372,13.37852789231977,1.7499523682794043,NU204_E_plastic_b,135,500,2,RE
-0.0012873464500000003,0.028350112315434658,0.02837932573512076,0.45469000000000004,9.3102987176688,11.059878568226848,-0.43504296077368776,NU204_E_plastic_b,135,500,2,RE
-0.0013376383499999998,0.07328159218053056,0.07329379938895915,1.17953,8.663761536363406,19.356802661278742,-0.4472610436449425,NU204_E_plastic_b,135,500,2,RE
-0.0016312529000000002,0.023417845492135405,0.023474592084151,0.21172000000000002,4.659505886530336,1.4619381664100946,0.054075897324194544,NU204_E_plastic_b,135,500,2,RE
-0.0018295422,0.018154410782436296,0.018246365542732613,0.160781,4.82972895580838,1.8623925238137078,-0.033056640627043284,NU204_E_plastic_b,135,500,2,RE
-0.0011004709,0.019142843845090345,0.019174449318800788,0.21031,5.9485411082008355,3.753678535289697,0.2831258768935754,NU204_E_plastic_b,135,500,2,RE
-0.0012295465500000002,0.030816365686266698,0.030840884858063532,0.53438,9.783117487989761,14.27366674482543,-0.25005104324085836,NU204_E_plastic_b,135,500,2,RE
-0.0008209647000000004,0.058248848963916224,0.05825463405309289,1.00391,9.937578519030525,18.82882323865533,-0.4763168606230998,NU204_E_plastic_b,135,500,2,RE
-0.0019653227500000003,0.02453790739119811,0.024616486196260473,0.42062,10.371504607297872,25.843660674677192,-1.336905117866156,NU204_E_plastic_b,135,500,2,RE
-0.0008143572999999998,0.017300925459871264,0.017320080819097958,0.233746,8.218206455656317,7.410492667972061,-0.0716597783778252,NU204_E_plastic_b,135,500,2,RE
-0.0017704671,0.014208498266322082,0.014318378984237705,0.10906199999999999,3.9066573151596202,0.7244111980135295,-0.06424890258522915,NU204_E_plastic_b,135,500,2,RE
-0.0012681278999999998,0.039199886125087104,0.039220392917340266,0.66782,9.43794726330606,21.705269477162375,0.26057091549697786,NU204_E_plastic_b,135,500,2,RE
-0.002395622,0.046140469932434106,0.04620261865254761,0.7218800000000001,8.748854757342015,11.117077699883845,-0.4961328619892602,NU204_E_plastic_b,135,500,2,RE
-0.0014317041499999998,0.01928640700706291,0.01933947445033635,0.20531,5.364675253530252,3.8561125037541135,0.3122963030658754,NU204_E_plastic_b,135,500,2,RE
-0.0011990610000000002,0.019902902962671776,0.019938989282891197,0.258282,8.173433351500803,10.311143764653236,0.9322277982044759,NU204_E_plastic_b,135,500,2,RE
-0.0010937635999999993,0.07921080074789151,0.07921835187590597,0.9109400000000001,5.881717922254759,10.692902522342541,0.22722204863547507,NU204_E_plastic_b,136,500,2,IR
-0.0017362467500000004,0.03207933933758319,0.03212629087076031,0.6986,11.911116709345283,57.830553678542785,1.8588115619771048,NU204_E_plastic_b,136,500,2,IR
-0.0016941918000000001,0.0357608415739164,0.03580095076851919,0.52844,7.96515159174905,14.489135037427165,0.0780779307688241,NU204_E_plastic_b,136,500,2,IR
-0.0017912422999999998,0.010910820125488307,0.01105687771425867,0.237504,14.598153671524264,49.30716045312942,-2.30612263752578,NU204_E_plastic_b,136,500,2,IR
-0.0017568885000000005,0.03345788611347963,0.033503981858638905,0.58266,10.637840048498616,27.42461403300919,-0.9083398271790998,NU204_E_plastic_b,136,500,2,IR
-0.0018122126,0.032539023402445584,0.0325894485760729,0.66875,11.804127311391165,42.60174604385544,-0.6685544569565062,NU204_E_plastic_b,136,500,2,IR
-0.00196999155,0.04161904046060873,0.04166563806746343,0.94734,15.855271409268928,74.35817066411236,-4.096404620376709,NU204_E_plastic_b,136,500,2,IR
-0.0013842125,0.0665118580499971,0.06652626026997249,0.84406,6.888708280613374,13.65953958125916,-0.17490999161604892,NU204_E_plastic_b,136,500,2,IR
-0.0018542117999999998,0.009880098405934568,0.010052584041439792,0.077031,3.9790764081262986,0.705151376347938,0.05953194999077446,NU204_E_plastic_b,136,500,2,IR
-0.0017312498499999997,0.03812415071624524,0.0381634392302123,0.72906,10.698197233670252,51.309004792548826,-2.1805671824810573,NU204_E_plastic_b,136,500,2,IR
-0.00191437105,0.007592735910005325,0.007830354724797754,0.045,3.2326760267752483,-0.030893623934302727,0.03358435701220025,NU204_E_plastic_b,136,500,2,IR
-0.0016998326499999999,0.07039183503601396,0.07041235595245629,0.93188,7.367314912034324,12.92358123642132,-0.22690680181902875,NU204_E_plastic_b,136,500,2,IR
-0.0018820293500000002,0.008221797929659368,0.008434452896922982,0.062968,3.9458398080735524,0.550030010968118,-0.0976401938288946,NU204_E_plastic_b,136,500,2,IR
-0.0016069027499999997,0.06682777889322455,0.06684709543614942,0.7714099999999999,6.016566574446922,11.20416727643997,-0.1396881582361066,NU204_E_plastic_b,136,500,2,IR
-0.0018634384000000002,0.00914856548313917,0.00933641542937545,0.113437,7.7150594406250015,5.920782682325607,-0.7380573431724833,NU204_E_plastic_b,136,500,2,IR
-0.00195296735,0.008324410936055264,0.008550432673407967,0.065313,4.0020196997073425,0.5388829134119852,-0.059515374404846284,NU204_E_plastic_b,137,500,2,IR
-0.0015199968000000003,0.05034887084483419,0.0503718094336684,0.8848400000000001,10.112203745048282,21.80380472939726,-0.6806685396968919,NU204_E_plastic_b,137,500,2,IR
-0.00195296045,0.008151785792327244,0.00838246181758393,0.084219,5.088719868728814,1.7361744803419024,0.022680092678912946,NU204_E_plastic_b,137,500,2,IR
-0.0016938863499999996,0.05850657919491432,0.05853109481341945,0.67219,5.923688957215735,9.134942974436724,-0.38839641040175166,NU204_E_plastic_b,137,500,2,IR
-0.0019320185000000001,0.025037020330869998,0.025111453214275353,0.44453,10.366186209088808,24.942824110403297,0.44932687054556025,NU204_E_plastic_b,137,500,2,IR
-0.0016196863000000003,0.04454756319751898,0.04457699822270848,1.17344,15.51741991562866,78.27438426636434,-2.5398427778631194,NU204_E_plastic_b,137,500,2,IR
-0.0020346791499999996,0.042496034079308895,0.042544715673197626,1.0556299999999998,14.330569386883768,71.18380127783139,-2.1470756297314413,NU204_E_plastic_b,137,500,2,IR
-0.0015960953,0.021052983742836852,0.02111339964768429,0.29657,7.467295775708584,12.839377179195475,-0.11955306766900976,NU204_E_plastic_b,137,500,2,IR
-0.0015793742,0.03735649761574108,0.03738986944318601,0.51437,7.016339021954229,17.66428241604513,0.07219689504539979,NU204_E_plastic_b,137,500,2,IR
-0.0018121829000000002,0.0387840514536653,0.038826365449570605,0.86906,14.531877848129614,59.23381077622232,-2.8026947739671977,NU204_E_plastic_b,137,500,2,IR
-0.0017682463000000003,0.04221025416425452,0.04224727507885485,1.02313,13.436606241241797,52.62493152090112,-1.3334569957199027,NU204_E_plastic_b,137,500,2,IR
-0.00188295565,0.010665729378776708,0.010830665037806659,0.134687,6.86707600506329,3.9015397570388757,0.17658809231973369,NU204_E_plastic_b,137,500,2,IR
-0.0017965599000000002,0.03922113259357067,0.039262257568773856,0.9698399999999999,14.322660866226943,66.75401440186161,-2.4554733770245063,NU204_E_plastic_b,137,500,2,IR
-0.0017792181999999998,0.00797969718251412,0.00817564581717157,0.049844,3.096146844673028,0.10799528843265449,0.01480332725282291,NU204_E_plastic_b,137,500,2,IR
-0.0017765686,0.07223323064140783,0.07225507459608166,0.94187,6.824710966760826,14.010852485111695,0.14034021966754792,NU204_E_plastic_b,137,500,2,IR
-0.00170966035,0.04897923910345643,0.049009068565581994,0.5548500000000001,5.859935893613112,9.979101621694218,0.002536591730598283,NU204_E_plastic_b,138,500,2,IR
-0.0018220292000000003,0.00917613248131926,0.009355276464133757,0.062187000000000006,3.4739753682960037,0.6013446271369469,0.1328800845798427,NU204_E_plastic_b,138,500,2,IR
-0.0016404440999999998,0.03633948135827189,0.03637648914111167,0.63469,9.161961691991229,24.781749030855835,-0.3303271420226788,NU204_E_plastic_b,138,500,2,IR
-0.00194905655,0.009306322011831774,0.009508230688356404,0.065156,3.6810213326923513,0.3263936418450961,-0.11025290215133064,NU204_E_plastic_b,138,500,2,IR
-0.0015620527000000006,0.033203972446759634,0.03324069486161127,0.5064,9.621940856879442,16.601087152124066,-0.9888590917662786,NU204_E_plastic_b,138,500,2,IR
-0.00188311245,0.009330400648626645,0.009518533960817574,0.064532,3.5785973071292414,-0.048771153243631904,-0.007750831244399213,NU204_E_plastic_b,138,500,2,IR
-0.0018050346999999999,0.054139430621064404,0.054169512626949586,0.8743799999999999,8.95632942724005,13.750019347463738,-0.30030332139195076,NU204_E_plastic_b,138,500,2,IR
-0.0016185776,0.04720020744879135,0.04722795122230224,0.6204700000000001,6.967484116579876,17.54124756073324,0.16865854430436086,NU204_E_plastic_b,138,500,2,IR
-0.0016507759500000003,0.0331101598482628,0.033151285743008706,0.55047,8.417773059038927,23.759217080925254,-0.7818567846509855,NU204_E_plastic_b,138,500,2,IR
-0.0015279774,0.04001126615132298,0.04004043124102081,0.93359,14.278567494904541,60.181471808025506,-2.098643730618716,NU204_E_plastic_b,138,500,2,IR
-0.00190702485,0.011208878662347986,0.01136994743372886,0.109687,4.960972803855895,2.6704549806132043,-0.057777923909862236,NU204_E_plastic_b,138,500,2,IR
-0.0016390943,0.08557335569304769,0.08558905207264039,1.02359,6.783811549954091,11.906891596938136,-0.1948350029575524,NU204_E_plastic_b,138,500,2,IR
-0.0020848421,0.021513779483910016,0.02161456162553939,0.32093,9.072124773897958,18.49772309770384,-1.3527700306238764,NU204_E_plastic_b,138,500,2,IR
-0.00150393385,0.05413194191483113,0.054152829589005115,0.7175,7.152719496649227,12.914845703237017,0.11540181921300136,NU204_E_plastic_b,138,500,2,IR
-0.0018568685999999998,0.012631482941584058,0.012767236282813716,0.19094,8.199895238167224,9.970343584121638,0.14988471398279848,NU204_E_plastic_b,138,500,2,IR
-0.0016465585999999998,0.022137538785878753,0.022198688671169746,0.39375,9.579845149870918,22.258658390150817,-0.16812996045375694,NU204_E_plastic_b,139,500,2,IR
-0.00123354865,0.05892560550152192,0.05893851564124183,0.8107800000000001,7.221423806984634,14.414021446911768,-0.28240276334372744,NU204_E_plastic_b,139,500,2,IR
-0.00239203425,0.016879570525852233,0.017048217765807443,0.225626,7.652999380479268,14.400801671741469,-1.044602425885741,NU204_E_plastic_b,139,500,2,IR
-0.0014551596,0.031980213908209286,0.03201330303290017,0.62687,10.483766690837315,35.54113595584471,-0.5962330273271513,NU204_E_plastic_b,139,500,2,IR
-0.0024087289500000003,0.046244871176282565,0.04630755969888218,0.71172,8.023743907389902,22.465401519985196,-0.5541582461158318,NU204_E_plastic_b,139,500,2,IR
-0.00174809375,0.04928571892689741,0.04931671037183971,0.6987399999999999,8.123412875258557,14.900673741110037,-0.6572771706194297,NU204_E_plastic_b,139,500,2,IR
-0.00188703275,0.009258152835174246,0.009448507105305976,0.062969,3.390059365252784,0.3145839819291183,0.022242133202542574,NU204_E_plastic_b,139,500,2,IR
-0.0013245046500000002,0.04366641263258972,0.04368649567964295,0.7114,9.134630594459747,19.42564709314439,0.3279397953595677,NU204_E_plastic_b,139,500,2,IR
-0.00189125295,0.007870309512033106,0.008094356647447808,0.059219,3.860714490490518,0.4812629384197913,0.03889820187689748,NU204_E_plastic_b,139,500,2,IR
-0.0017627741000000006,0.03946418092274055,0.03950353083498271,0.46155999999999997,6.0675588974882295,8.86408379154034,-0.1556358480284563,NU204_E_plastic_b,139,500,2,IR
-0.0018445253,0.00985491402094102,0.010026046276697509,0.057969,2.992206416374305,-0.21740997854926292,-0.0310685389812821,NU204_E_plastic_b,139,500,2,IR
-0.0014832852500000003,0.05794013272058069,0.057959115890525555,0.8664099999999999,8.181974357506023,13.759052802489087,-0.6079977631833979,NU204_E_plastic_b,139,500,2,IR
-0.0018829570500000002,0.012454496746465824,0.012596031774327679,0.24047000000000002,9.725285089362083,25.89657327079354,-0.2979248166521463,NU204_E_plastic_b,139,500,2,IR
-0.0014223586999999997,0.03127777113464208,0.03131009535952446,0.5959300000000001,10.559533473264436,26.941058224298057,-0.9775696903173047,NU204_E_plastic_b,139,500,2,IR
-0.0022751607499999996,0.02958656393933008,0.0296739131591101,0.8079700000000001,17.028761838405067,131.3104091373821,-6.497816702937768,NU204_E_plastic_b,139,500,2,IR
-0.0018179655,0.026343033073663324,0.026405688593167,0.43844,8.40841545247393,27.83609658641084,-0.426918867626618,NU204_E_plastic_b,140,500,2,IR
-0.0018758871,0.032992830678214756,0.03304611669430003,0.5106299999999999,9.002570642477771,18.880190773734085,-0.6760206216134774,NU204_E_plastic_b,140,500,2,IR
-0.00155577255,0.012655207229637096,0.012750478353865493,0.18781599999999998,7.953427093914173,11.003203753488217,0.3015674637344264,NU204_E_plastic_b,140,500,2,IR
-0.0018406077499999998,0.036893358971455584,0.036939244349147735,0.44281,6.323626920792423,12.815622822297454,-0.41126170892076824,NU204_E_plastic_b,140,500,2,IR
-0.0017787591500000003,0.009137812019469092,0.009309328258089436,0.074063,4.749966783218269,0.8646508412064868,-0.10065663665348738,NU204_E_plastic_b,140,500,2,IR
-0.0019170358999999997,0.04984278208220852,0.04987963464517773,0.74344,7.834459951036949,15.010872218497973,0.2401597578087034,NU204_E_plastic_b,140,500,2,IR
-0.0018478064000000002,0.011344373311983083,0.011493876384123634,0.24906,12.044674518270066,41.6748783341832,0.7962681190073021,NU204_E_plastic_b,140,500,2,IR
-0.0016310778000000001,0.03290511352798327,0.03294551427856485,0.60234,10.656685976470785,26.812788573406355,-0.9210954435710206,NU204_E_plastic_b,140,500,2,IR
-0.0019009277,0.008220652047657942,0.00843757347874909,0.058124999999999996,3.7592561510590237,0.45297373056482737,0.046551363791866716,NU204_E_plastic_b,140,500,2,IR
-0.00161088435,0.0791306111478089,0.07914700606475783,0.94625,6.145652554463284,10.730824033339598,0.1062953715856806,NU204_E_plastic_b,140,500,2,IR
-0.0017601468499999998,0.012567943574739568,0.012690599774297607,0.24312,10.920681643486041,26.361260100984392,-0.15181432181551147,NU204_E_plastic_b,140,500,2,IR
-0.0021412565,0.045976916623618885,0.04602675136932863,0.73797,8.744914381861383,17.066841375445225,-0.3643521582384989,NU204_E_plastic_b,140,500,2,IR
-0.0017364009999999998,0.008971770092056472,0.009138257329355528,0.071407,4.428524886249188,0.7623010178914713,-0.23811647123778965,NU204_E_plastic_b,140,500,2,IR
-0.0020718681999999998,0.04106266527199998,0.04111490139935259,0.84937,12.848869437111638,39.59857411256951,-1.906356916667207,NU204_E_plastic_b,140,500,2,IR
-0.0017687449,0.03426202858451866,0.03430765310025811,0.81609,13.28508244699988,56.043098359584285,-1.1301468145887446,NU204_E_plastic_b,140,500,2,IR
-0.0022774977999999997,0.050138797881959685,0.05019049759941627,0.34344,3.5148087474241683,0.023666000483465677,-0.06004080149838152,STO20_b,221,1000,1,OK
-0.0013133037500000005,0.050367451464648515,0.05038457039395581,0.34984,3.705896438930422,0.229034337553212,-0.03677042653925906,STO20_b,221,1000,1,OK
-0.0014848746500000004,0.0573626460391258,0.05738186136172517,0.41844,4.23426487454563,0.2545358398175064,-0.1122736162479976,STO20_b,221,1000,1,OK
-0.0017234389,0.055939819750386637,0.05596636199850567,0.46187,4.458571025335943,0.6147542978683087,-0.1332134300558427,STO20_b,221,1000,1,OK
-0.0010879466500000004,0.051236936134008114,0.051248485366044455,0.31609,3.4024420186187934,-0.05722099311747142,-0.003778402599792017,STO20_b,221,1000,1,OK
-0.0014901589999999996,0.05310748927907813,0.0531283915752461,0.33265999999999996,3.3791725041352034,-0.18507650504382278,-0.003459452501482519,STO20_b,221,1000,1,OK
-0.00174676755,0.056863901981033846,0.056890724598851417,0.36593,3.5346710982840928,-0.05617150660015158,-0.04911492776623551,STO20_b,221,1000,1,OK
-0.0011885573,0.05478612283224249,0.05479901389117276,0.34453,3.595502656147949,-0.09170565339529269,-0.05095484578840732,STO20_b,221,1000,1,OK
-0.0013158987000000007,0.05035862604615478,0.05037581569210686,0.31109,3.2598975866455464,-0.1974784093999391,-0.05387688688034248,STO20_b,221,1000,1,OK
-0.0015753127500000002,0.056279985643896885,0.0563020283323572,0.38344,3.6439184533267164,0.26404817817062476,-0.053898358500626846,STO20_b,221,1000,1,OK
-0.0019206266499999993,0.05101438114445644,0.05105052291877687,0.33188,3.3147554682100875,-0.059729329213034976,-0.05077358124791047,STO20_b,221,1000,1,OK
-0.0021468608999999994,0.05243333937835732,0.052477272128893526,0.39265,3.9897272001057904,0.4703748058787798,0.04085815503747415,STO20_b,221,1000,1,OK
-0.0018923463000000004,0.05830049203414352,0.05833119530699122,0.42391,3.710021693556182,0.26799917991106925,-0.035023428396416686,STO20_b,221,1000,1,OK
-0.0015585953499999995,0.05307610347040145,0.0530989828439849,0.37297,4.116651361143014,0.3630435518918653,0.09995041560276438,STO20_b,221,1000,1,OK
-0.0012817327499999997,0.048719874538256665,0.048736731669921124,0.33625,3.7766176289083497,0.10460569872553149,-0.05345659309662708,STO20_b,221,1000,1,OK
-0.0011310661999999999,0.05449970834880332,0.05451144394394085,0.36891,3.663267482060458,0.17702250693658694,0.04050619667393831,STO20_b,222,1000,1,OK
-0.0012635136500000002,0.061109924099546395,0.06112298495816494,0.4014,3.4280066679238725,0.06976726412419332,-0.005470549332351468,STO20_b,222,1000,1,OK
-0.0013788950499999994,0.05421889272583666,0.054236423923178206,0.34969,3.618417030554472,0.20120214605719466,-0.1189312427838468,STO20_b,222,1000,1,OK
-0.0016556494499999994,0.05712427288679307,0.05714826093544831,0.39844,3.63370637357735,0.3885696459871175,-0.12326509124980346,STO20_b,222,1000,1,OK
-0.0022714021,0.055097533004231876,0.055144332534289554,0.33562000000000003,3.0572498070435117,-0.0017052461126327856,0.061971082638610064,STO20_b,222,1000,1,OK
-0.0015039053500000002,0.05234276626094349,0.05236436680749155,0.34563,3.440507562372076,-0.09229893182301252,0.0013585679104707303,STO20_b,222,1000,1,OK
-0.0025490376000000003,0.05912347220295334,0.05917839604128867,0.43266,4.092540795310242,0.004894829191652406,0.027535260053300033,STO20_b,222,1000,1,OK
-0.0013096637,0.05428023962028191,0.05429603698468535,0.39563,3.945407655818831,0.3708766265869916,0.06622726558962927,STO20_b,222,1000,1,OK
-0.0013869455,0.05573199032985521,0.05574924541145867,0.40171999999999997,3.9126986991498485,0.33373262785537916,-0.1108946250374229,STO20_b,222,1000,1,OK
-0.0014628214500000002,0.050356817790755674,0.050378060151279616,0.30468,3.1821391994572084,-0.14516868926652426,0.1137963626110806,STO20_b,222,1000,1,OK
-0.0018963711500000007,0.05134545974739271,0.05138046769162069,0.36922,3.646132633988306,0.19106878996742083,0.11351319020982581,STO20_b,222,1000,1,OK
-0.0022073645500000003,0.0527809446709448,0.05282708186729542,0.36062,3.617273437136444,0.2571277432163823,0.004743130632012412,STO20_b,222,1000,1,OK
-0.0026965861499999998,0.05122837331602201,0.05129929638377205,0.33906000000000003,3.362619220145257,0.017632045779456096,0.02387835717083349,STO20_b,222,1000,1,OK
-0.000613622,0.051871990146768625,0.05187561945408792,0.4125,4.147613122777754,0.5768284286181027,-0.04867680918065783,STO20_b,222,1000,1,OK
-0.0023963591,0.05571876699763382,0.055770274633291525,0.31,3.1294448726959647,-0.19209239450338123,-0.049387267872363215,STO20_b,222,1000,1,OK
-0.0022731075500000003,0.05368661379730515,0.05373471428187613,0.34172,3.2829801434247194,-0.10624145428906884,-0.03656273419839497,STO20_b,223,1000,1,OK
-0.0014609256,0.05323351530222952,0.05325355814442299,0.34656,3.268513993524178,0.20642031543887374,-0.013195788822316371,STO20_b,223,1000,1,OK
-0.001861887,0.053144835223525304,0.05317744008634136,0.31312,3.164499827873865,-0.06336403821671999,-0.05294978008970449,STO20_b,223,1000,1,OK
-0.00242667655,0.05640286284966737,0.05645504137556457,0.47359,4.588784166795933,0.9487851179396278,-0.05968018250469369,STO20_b,223,1000,1,OK
-0.0012606360000000007,0.05370801552444457,0.05372280832847883,0.42156000000000005,4.115384263759694,0.36383621830777324,0.056729513591390855,STO20_b,223,1000,1,OK
-0.0015679605,0.05099512977759361,0.05101922932741316,0.32625000000000004,3.2646514303677576,0.15858279514916918,-0.11950798475563233,STO20_b,223,1000,1,OK
-0.0017298148999999995,0.050970086554947135,0.050999431202779756,0.30718999999999996,3.069838159125716,0.1454692407126963,-0.033031555533384944,STO20_b,223,1000,1,OK
-0.0016546847500000003,0.05436891055107974,0.05439408438546597,0.36562,3.559026724820227,0.12626476349832583,-0.0183574490981047,STO20_b,223,1000,1,OK
-0.0011675289499999998,0.05366139434399962,0.05367409400065661,0.34859,3.647569719529965,-0.02000355374026208,-0.19362768522006266,STO20_b,223,1000,1,OK
-0.0012265827000000002,0.04943526637993524,0.0494504809599977,0.39359999999999995,4.290959276445627,0.706703683428866,-0.0036607721188173844,STO20_b,223,1000,1,OK
-0.00216157225,0.052433429672499844,0.052477966250731915,0.38375000000000004,3.7278502574834733,0.42190425155495737,-0.0864174505126326,STO20_b,223,1000,1,OK
-0.00188685895,0.04954593750346235,0.04958185312989211,0.35906000000000005,3.923411242624995,0.1891179892045307,-0.02157953199033594,STO20_b,223,1000,1,OK
-0.002217035449999999,0.04874527678553904,0.0487956684049452,0.29828,3.4519457465394496,-0.08182397642638639,-0.1996658307862658,STO20_b,223,1000,1,OK
-0.0010198261,0.06044292556847492,0.06045152848812377,0.48406,4.642066247425493,1.2055870065450334,0.0863998094627714,STO20_b,223,1000,1,OK
-0.0012967228499999998,0.05151516767949994,0.05153148543557334,0.28266,2.971581329466022,-0.25502604256175765,-0.09382650736760619,STO20_b,223,1000,1,OK
-0.00127887375,0.05083640382096218,0.050852487368037144,0.39327999999999996,4.0466063834930734,0.40303285310335557,0.0030566247013160356,STO20_b,224,1000,1,OK
-0.0012444971500000007,0.05850993641337306,0.058523170046173315,0.41594,3.6230094821027916,0.3709839863906197,-0.043921648930167326,STO20_b,224,1000,1,OK
-0.0020084320500000003,0.052574491056533584,0.05261283977465004,0.31906999999999996,3.1391576791408533,-0.0352512959254212,-0.1270327389306852,STO20_b,224,1000,1,OK
-0.0015501399499999997,0.050630111235967196,0.05065383596166235,0.35421,4.034640143634505,0.4009699478785653,-0.0919522730633568,STO20_b,224,1000,1,OK
-0.0014198811,0.054070332742602825,0.054088972491940765,0.37797000000000003,3.608129180658382,0.0461852028099381,-0.02792082713276666,STO20_b,224,1000,1,OK
-0.0008824890499999999,0.05107961549738357,0.05108723819393565,0.34344,3.4194449763921027,0.15841949577555248,0.1266427412387443,STO20_b,224,1000,1,OK
-0.001349202,0.05410113260264596,0.054117953536011364,0.35187999999999997,3.3290246254437035,0.29391023898526925,-0.1480590897086953,STO20_b,224,1000,1,OK
-0.0005998475000000001,0.05664195302141871,0.05664512917368853,0.37297,3.4204176568458813,0.18964380721384977,-0.049331822608569574,STO20_b,224,1000,1,OK
-0.002151419,0.054150764268523714,0.05419348553635192,0.39843,3.756724594941136,0.1372697926325599,-0.02773099203893938,STO20_b,224,1000,1,OK
-0.0010389126,0.05561975723478516,0.055629459230221494,0.37312999999999996,3.485743034055158,-0.0009278318488621373,-0.03415220537542777,STO20_b,224,1000,1,OK
-0.0013243886999999997,0.04996455722040652,0.04998210663487449,0.33077999999999996,3.4324283538760607,0.005808122003890581,0.02350203180111047,STO20_b,224,1000,1,OK
-0.0016246835000000002,0.05386599898082874,0.053890494919584975,0.3714,3.5835633034762875,0.19945946786099578,0.051593387366950676,STO20_b,224,1000,1,OK
-0.0021370151999999996,0.05243426794576324,0.052477798057589314,0.33328,3.2125966835534667,0.0735331764529934,0.034202405036033785,STO20_b,224,1000,1,OK
-0.0014241569499999999,0.053284018492001,0.0533030472831914,0.37406,3.799032331569089,0.2980871425442211,0.08223824877513138,STO20_b,224,1000,1,OK
-0.0021015831499999996,0.055735328531111565,0.055774936111189784,0.42000000000000004,3.874320887956108,0.5663045817546015,-0.06778388952792755,STO20_b,224,1000,1,OK
-0.0013932937000000001,0.05078441143990285,0.05080352067162073,0.34546,3.4076378509079643,0.1274817444568761,-0.101833525606419,STO20_b,225,1000,1,OK
-0.0020753028,0.047741678053736046,0.04778676286481717,0.28515999999999997,3.2894046505027137,-0.26605044709951287,-0.10424109399451106,STO20_b,225,1000,1,OK
-0.0015476365499999996,0.05752637885835916,0.057547193184779806,0.43796999999999997,4.121660621021087,0.6362326787508739,-0.1480267559958258,STO20_b,225,1000,1,OK
-0.0014478225,0.05311837566454789,0.05313810330856324,0.36702999999999997,3.528541448143563,0.18595702132472702,0.011944178500200672,STO20_b,225,1000,1,OK
-0.0017667708000000005,0.058371204761688764,0.05839793681621578,0.36656,3.2401829639203608,0.16108936303652666,-0.04227319619023434,STO20_b,225,1000,1,OK
-0.0017730157999999996,0.052510409862344155,0.05254033430554492,0.34156,3.7679623210754287,0.024925882022375667,-0.1230182083246653,STO20_b,225,1000,1,OK
-0.0017815588500000002,0.04989663080060145,0.04992842594341967,0.32297,3.25465898292387,0.11515953972919624,-0.04918641881017796,STO20_b,225,1000,1,OK
-0.00195439545,0.04865951832512907,0.04869875137217126,0.31109,3.6448573115045364,-0.23859291374842373,-0.04910050740222381,STO20_b,225,1000,1,OK
-0.0019598661000000002,0.05252568270908447,0.05256223377278923,0.37781,3.686106660487892,0.0976110936382577,-0.12753984463775225,STO20_b,225,1000,1,OK
-0.0025220492999999994,0.04874290409390781,0.048808108262659855,0.34531,3.7135223316709336,0.28937232859878836,0.04701207428709353,STO20_b,225,1000,1,OK
-0.0018114201499999998,0.05435318451191523,0.05438336059445138,0.4114,4.005085335278502,0.3859175022027519,0.02845263759620002,STO20_b,225,1000,1,OK
-0.0014678324499999998,0.0529235002961287,0.052943851538168316,0.37485,3.6448047203532963,0.4090605769844968,0.11475773630333301,STO20_b,225,1000,1,OK
-0.0017474769,0.054490191832214686,0.054518205045907285,0.32781000000000005,3.035132940651023,-0.19445143983314672,-0.048692826449646294,STO20_b,225,1000,1,OK
-0.0014232842499999998,0.05040361061555491,0.05042370177942886,0.3186,3.2568017460986196,-0.005549651734315653,-0.0420201149189032,STO20_b,225,1000,1,OK
-0.0015504920500000003,0.049135751865222836,0.04916020887829773,0.30172,3.248358858590952,-0.08135134594558346,-0.04653543920046068,STO20_b,225,1000,1,OK
-0.0034725665500000003,0.19161295688022723,0.191644420641009,2.29,6.432224824896472,9.58182570208451,-1.111775144467821,STO20_b,226,1000,1,OR
-0.002066448399999999,0.22178490679721058,0.22179453350350467,2.4957000000000003,6.4176514069834285,7.463032819051385,-0.9982755930950288,STO20_b,226,1000,1,OR
-0.0021250880499999987,0.22244801897580513,0.2224581694285027,2.84794,8.842111777927704,16.970985222236067,-2.000590068350832,STO20_b,226,1000,1,OR
0.001300136450000002,0.20275087217596344,0.20275504068432548,2.4166,6.399347683888713,7.887937531157984,-0.7695557921233154,STO20_b,226,1000,1,OR
-0.0008996844999999985,0.17226681299836064,0.1722691623385094,1.76328,5.490129441400194,5.838493044006338,-0.5275978674589531,STO20_b,226,1000,1,OR
-0.002248686999999998,0.22302453904624428,0.22303587516364654,2.69971,7.765118498220366,13.634072755350743,-1.5700044108925726,STO20_b,226,1000,1,OR
-0.00304658095,0.26084209219832166,0.2608598833049702,3.6178999999999997,9.179257345601892,16.56031459203451,-2.042870060797278,STO20_b,226,1000,1,OR
-0.005269983549999998,0.24227825094560693,0.2423355599326681,2.8008,6.727448503442797,6.878398046108925,-0.9787104496062927,STO20_b,226,1000,1,OR
7.596330000000184e-05,0.2477989457857474,0.24779895742910366,2.7313,6.703418033852091,7.931981853075898,-0.9463902515363944,STO20_b,226,1000,1,OR
-0.0027144892500000017,0.21064952037862084,0.21066700949040731,2.29161,6.6821093791816475,9.02187809282363,-1.200176319537165,STO20_b,226,1000,1,OR
-0.001721880250000001,0.18516053709952793,0.18516854314537606,3.2123,11.692050729697947,34.02079604734016,-2.449107061183105,STO20_b,226,1000,1,OR
-0.0022085181999999992,0.25518024831330827,0.2551898052075776,3.1475,8.385131209530234,12.328686947281735,-1.7146030610267982,STO20_b,226,1000,1,OR
-0.00170400405,0.2279696652788226,0.22797603364639193,3.09842,9.558899526167316,16.98118554316484,-1.9435888842599265,STO20_b,226,1000,1,OR
-0.0005510044499999959,0.22380861018922646,0.2238092884594762,2.6766,6.926432815502586,10.35860359047165,-1.3254801100280134,STO20_b,226,1000,1,OR
-0.005371408449999999,0.19518056453452107,0.19525446166669552,2.48219,7.828758364607105,13.163956063174624,-1.4317128209486314,STO20_b,226,1000,1,OR
0.0002448319499999998,0.263765885872807,0.26376599950135804,2.9850000000000003,7.350833707397595,10.676226102310963,-1.5440203001391481,STO20_b,227,1000,1,OR
-0.004336313749999999,0.2545062058097487,0.2545431445013057,3.7662,9.920911462563653,28.618764402924473,-3.080610070692687,STO20_b,227,1000,1,OR
-0.0011713183500000033,0.26288733532110026,0.2628899447656864,2.3373,4.91650603507108,3.878467068353631,-0.6046394186199245,STO20_b,227,1000,1,OR
-0.0024686827499999986,0.22357391176668626,0.22358754083619722,2.4767,6.169395641819613,8.346278457752213,-0.9404241893327471,STO20_b,227,1000,1,OR
-0.005154363099999996,0.26182762880815075,0.2618783585298056,3.6795,9.449807207793166,18.905576673263536,-2.08344871293408,STO20_b,227,1000,1,OR
-0.0034116955500000036,0.2606247517043758,0.2606470810645948,3.2414,7.356690864014687,8.106822095993659,-1.0633553992599698,STO20_b,227,1000,1,OR
-0.003325825799999999,0.1957599251461295,0.1957881748484064,3.0594,9.624687504539235,13.857778088157556,-1.2703815088626655,STO20_b,227,1000,1,OR
-0.002276152150000003,0.21680048835952312,0.2168124365010865,2.4204,6.388932398686726,7.383184656642625,-0.9820654483910087,STO20_b,227,1000,1,OR
-0.0013049278999999977,0.22257703433550352,0.22258085957784443,3.0933,8.395151333066373,14.96076963513936,-1.4842178342857395,STO20_b,227,1000,1,OR
-0.0023105751000000014,0.17670126465242697,0.176716370738706,1.81714,6.251825993153541,7.9489829152919835,-0.9706109210366765,STO20_b,227,1000,1,OR
-0.0020797001999999973,0.18274825550990076,0.18276008876347666,2.63246,10.107786730125348,23.69509632795395,-2.378455480150949,STO20_b,227,1000,1,OR
-0.0048307189499999965,0.20595838201527947,0.20601502607316216,2.52996,7.758657368188085,14.637181692960024,-1.6435939728192308,STO20_b,227,1000,1,OR
-0.004019230700000001,0.18822229565124926,0.18826520335857638,2.34597,7.226508009601461,15.192715393130339,-1.6240097827804454,STO20_b,227,1000,1,OR
-0.0013104308500000031,0.24435242048131509,0.24435593429276492,2.6976899999999997,7.0966150464852635,7.741049112894789,-1.171711093669504,STO20_b,227,1000,1,OR
-0.0034855148000000023,0.2617540909812558,0.26177729649235154,3.615,9.414108988905397,18.10952380331946,-2.225330151107551,STO20_b,227,1000,1,OR
-0.0019390260500000021,0.1838430330165909,0.18385325836319005,1.80392,5.946590284738155,5.627570921192156,-0.6726565828943077,STO20_b,228,1000,1,OR
-0.0014125370000000047,0.22977575235141393,0.2297800940669898,2.54809,6.782136661262164,9.22313698720336,-1.329689218443009,STO20_b,228,1000,1,OR
2.0662200000000298e-05,0.26386476970437933,0.26386477051336665,3.4343000000000004,7.833558060738888,12.763660522385575,-1.2398245920316258,STO20_b,228,1000,1,OR
-0.004155933750000003,0.19912947099734007,0.19917283450564965,1.78171,5.536899661729313,4.535647402562197,-0.7634661615522578,STO20_b,228,1000,1,OR
-0.0020587290999999996,0.27532671525257435,0.27533441211966103,2.7278000000000002,5.959298684709648,6.588290950469407,-1.154065477870382,STO20_b,228,1000,1,OR
0.00041992465,0.2474717165166439,0.24747207279288272,2.7189,6.384558799579589,7.900244436686181,-0.9774196652767239,STO20_b,228,1000,1,OR
-0.0029407592000000003,0.2595526352857692,0.25956929430974673,3.2335000000000003,8.280640457553885,12.028550848757003,-1.6396798667718637,STO20_b,228,1000,1,OR
-0.0028629029,0.21002256865970137,0.21004208044921333,2.47565,7.626567003021702,13.593754649702262,-1.7929828690182876,STO20_b,228,1000,1,OR
-0.0008799743500000005,0.1424124410097728,0.1424151596889133,1.5893899999999999,7.405812711960228,5.984618453970683,-0.6735183061846124,STO20_b,228,1000,1,OR
-0.0004235582999999967,0.25877640241573374,0.25877674904995474,3.0581,7.223214631385473,8.857602207315498,-1.1998547373532418,STO20_b,228,1000,1,OR
-0.0026931885500000034,0.18447579230970454,0.18449545038525772,2.87922,10.298356929845578,18.315686487910178,-1.716834516332755,STO20_b,228,1000,1,OR
0.0027650760999999996,0.22933963483020325,0.22935630305245538,3.5389999999999997,8.548271723544467,20.728619917621774,-1.6862192652292831,STO20_b,228,1000,1,OR
-0.0003212789499999999,0.2233880715429124,0.22338830257608627,3.3053,10.086920281927133,21.312662107756076,-2.099341228247235,STO20_b,228,1000,1,OR
0.0004457901499999979,0.32719234865244123,0.32719265234041933,3.5248,6.5032022717496245,8.736198919265375,-1.373346854280976,STO20_b,228,1000,1,OR
0.00020294164999999943,0.2468352291844784,0.24683531261119687,3.5706999999999995,9.66757946728143,17.285353885669192,-1.750533778558833,STO20_b,228,1000,1,OR
-6.484975000000137e-05,0.18049265018472774,0.18049266183475876,1.97269,6.706643847428069,8.395224779144028,-1.09033974645321,STO20_b,229,1000,1,OR
-0.004163355150000001,0.1846342156523523,0.18468114986555711,2.51708,9.693463579272802,17.11762842772976,-1.9242556818908227,STO20_b,229,1000,1,OR
-0.00036802620000000064,0.23915271870466542,0.2391530018777032,2.6872,6.806103152459548,8.2723439671161,-1.0016527498925094,STO20_b,229,1000,1,OR
-0.005154234250000002,0.26289068749720435,0.26294120959533257,4.7348,12.392123718509886,38.6815174679859,-3.5301879753926,STO20_b,229,1000,1,OR
-0.003937643949999995,0.2722042833216853,0.27223276235337523,3.3981000000000003,8.103727049341488,14.498358377680866,-1.9432627502553594,STO20_b,229,1000,1,OR
-0.0027209423999999993,0.2767025364198499,0.27671591423104397,3.5936,8.764584453841696,20.128179657372762,-2.337130750596373,STO20_b,229,1000,1,OR
-0.0007474646500000032,0.2188800405030426,0.21888131677696152,2.31793,6.605863037060224,7.483782270932464,-0.9414447280778784,STO20_b,229,1000,1,OR
0.0004246506000000021,0.2453989946852309,0.24539936210319305,3.1774,8.000428294407756,13.695020332031167,-1.5544099532059814,STO20_b,229,1000,1,OR
-0.002414392450000002,0.2650719993728713,0.2650829948194227,4.0736,8.78366415614902,14.282341208824512,-1.1590975875546075,STO20_b,229,1000,1,OR
-0.004766908800000005,0.1848981846583361,0.18495962291661303,2.76581,9.6339945546026,18.02165091606196,-1.679027232088675,STO20_b,229,1000,1,OR
-0.0047239850500000015,0.2026664430166875,0.20272149160804054,2.19251,6.1098603319021425,5.755950916932301,-0.8421406587646575,STO20_b,229,1000,1,OR
-0.0024251643999999993,0.13744133086282279,0.13746272531748727,1.5725,6.846146821448764,6.70894287516634,-0.7187606985636247,STO20_b,229,1000,1,OR
-0.0005031619500000004,0.2814410003786331,0.2814414501562869,3.4715,8.03612971274863,12.627793713651847,-1.52703695462575,STO20_b,229,1000,1,OR
-0.003188127850000002,0.1929825600439853,0.19300889264569737,2.2953,8.045225164057308,8.712374148928422,-0.9178156915817018,STO20_b,229,1000,1,OR
-0.002733328849999999,0.21470564463371447,0.21472304236895753,2.9936,9.259835265297303,14.860421679066167,-1.761665314706586,STO20_b,229,1000,1,OR
-0.0044099236500000005,0.1890949592190588,0.1891463746114536,2.11574,7.268444889964866,8.424257434394864,-1.133304558787774,STO20_b,230,1000,1,OR
-0.0009221913000000016,0.19878401057926665,0.19878614966534205,2.7969,8.43972280173654,18.282551635928982,-1.5694353762816535,STO20_b,230,1000,1,OR
-0.002471082399999996,0.2085781563362215,0.2085927936167615,2.6626000000000003,7.611959993772346,9.44345008591152,-0.8606102773433327,STO20_b,230,1000,1,OR
-0.0009037277999999969,0.25395464189238337,0.25395624989872795,3.064,7.509167428486083,10.148729656135648,-1.3087365753233857,STO20_b,230,1000,1,OR
-0.0068156593499999986,0.295868793061405,0.29594728571147216,4.1614,9.445938972812261,19.08445954985205,-2.437502849352355,STO20_b,230,1000,1,OR
-0.002801073500000002,0.25435990350767007,0.25437532609351804,2.61848,6.418468430384468,6.542435860008343,-0.9596337424301913,STO20_b,230,1000,1,OR
-0.0005275442999999995,0.25262690195238263,0.2526274527699775,3.1555999999999997,8.457908974546442,11.11195682790581,-1.5135539727814,STO20_b,230,1000,1,OR
-0.0037963941,0.20971527366058804,0.20974963316939993,2.39718,7.682492577703753,11.45749488302556,-1.4654051949362534,STO20_b,230,1000,1,OR
-0.0020077584000000037,0.25908628939923584,0.2590940687249659,3.4705000000000004,8.997118349608051,17.90713101511124,-1.9763681076300423,STO20_b,230,1000,1,OR
0.00015192105000000073,0.22383783843135205,0.223837889986538,2.6333,7.116757578870162,8.601560628049622,-1.039506581935645,STO20_b,230,1000,1,OR
-0.0015206245499999995,0.211494453061854,0.21149991956252562,3.0589,8.63640990397636,16.915611341914644,-1.67329318580625,STO20_b,230,1000,1,OR
-0.0019586902499999998,0.18706464318449278,0.18707489729313512,2.7492199999999998,9.715360138095313,16.55675157789796,-1.6195514325067322,STO20_b,230,1000,1,OR
-0.0012122409999999989,0.17870116392593327,0.17870527557049165,2.62471,10.348883065125237,24.034614773845004,-2.1977820858399517,STO20_b,230,1000,1,OR
0.0006879314000000005,0.2188958619157539,0.21889694290567857,2.4528,6.063583997022406,7.825518567100865,-0.8978369973962081,STO20_b,230,1000,1,OR
-0.0047903167,0.2663405647013516,0.2663836397745199,3.2912,8.36425240636389,11.539399931696353,-1.6780165198878656,STO20_b,230,1000,1,OR
-0.0021080054999999998,0.12075125926612225,0.12076965803355702,2.2367,9.695316017825057,32.9416445066179,1.3671189139839506,STO20_b,231,1000,1,IR
-0.0027317696499999998,0.10096434030946026,0.10100128998951036,2.04575,12.321624804289621,32.34820297358515,1.130352026349271,STO20_b,231,1000,1,IR
-0.0015848875000000003,0.07432132532805022,0.07433822211289114,0.9829600000000001,7.800025121927806,7.614129311068931,0.4571043634510237,STO20_b,231,1000,1,IR
-0.0022184310999999986,0.11522993223769162,0.11525128511235114,2.16266,11.084475099385198,29.65036312778038,0.6812294927871585,STO20_b,231,1000,1,IR
-0.0017786313499999987,0.12361535936054316,0.12362815455759027,2.22922,10.726521031924461,25.418937899184964,0.7042507587720708,STO20_b,231,1000,1,IR
-0.003105595850000002,0.18066844684096164,0.18069513665151288,3.5302,10.464033703610855,32.37319945570664,-0.6578388359871934,STO20_b,231,1000,1,IR
-0.0035562120999999996,0.26743858736808707,0.26746223033904826,4.1891,8.736186776869433,24.624639795126377,-1.9425993019551182,STO20_b,231,1000,1,IR
-0.0005226082999999988,0.24663728939328822,0.24663784307908598,4.1035,9.49975871808408,24.543741798614594,-1.3685679066573602,STO20_b,231,1000,1,IR
-0.0015344565500000002,0.15293704576021983,0.15294474336428635,3.4433,11.681996783272297,48.837335906367464,-0.8186979536115521,STO20_b,231,1000,1,IR
-0.0031559677000000006,0.08832111373203441,0.08837748165109933,1.76282,10.439989720939542,23.2208761292296,-0.4308554003299475,STO20_b,231,1000,1,IR
-0.0017923293000000004,0.08843991244300765,0.08845807231251708,1.47703,10.522273159103106,20.187492270686644,0.9422502270251673,STO20_b,231,1000,1,IR
-0.0020096482,0.06006523585532014,0.06009884561489513,0.72141,7.191319493379493,3.7189133577872697,0.2779773773228655,STO20_b,231,1000,1,IR
-0.0018663748999999995,0.13988768991535738,0.13990013990387049,2.3122,9.123650633066214,23.219485268023327,0.4819178687192444,STO20_b,231,1000,1,IR
-0.0017687169500000004,0.09175261930950279,0.09176966552082319,1.6032899999999999,11.165999071528578,24.749065805664266,1.271140717365614,STO20_b,231,1000,1,IR
-0.002277455099999997,0.154931677836116,0.15494841592880695,2.8448,9.209516544239172,26.62840627428559,-0.4878022969383209,STO20_b,231,1000,1,IR
-0.0024262184999999997,0.0827225643138681,0.08275813665659579,0.92156,6.18513200851779,4.345910680694531,0.2702522960756821,STO20_b,232,1000,1,IR
-0.002596331299999999,0.19008281691106338,0.19010054766113696,3.5255,9.409757215369094,29.529126483376068,-0.6477595380337666,STO20_b,232,1000,1,IR
-0.001242313950000001,0.13257162075103512,0.1325774414163535,2.6238,10.274749500724427,30.206066986373514,0.3160593221341757,STO20_b,232,1000,1,IR
-0.0018700063500000016,0.16357747566189512,0.16358816420409802,2.6475999999999997,9.235998260332275,20.75252899677652,-1.2844046258228494,STO20_b,232,1000,1,IR
-0.0017284132000000008,0.15379085484563362,0.15380056711969786,2.3742,7.811414629342624,21.474167681117265,-0.303502105828756,STO20_b,232,1000,1,IR
-0.002967133849999998,0.18703019811863775,0.1870537326320453,2.8703000000000003,8.462808935836263,22.764168309565466,-1.197638998828076,STO20_b,232,1000,1,IR
-0.0024761692499999997,0.19866086776561698,0.19867629902819964,3.2997,10.124005781457138,30.31631055077616,-2.276125896503943,STO20_b,232,1000,1,IR
-0.001347628,0.10214987263681179,0.10215876164550573,1.86672,9.701468420683435,29.66410536434921,-0.7583307065608115,STO20_b,232,1000,1,IR
-0.0028279314,0.13870964714123454,0.13873847125454752,2.5745,10.142824749871787,24.038754435620383,-0.8618551626669774,STO20_b,232,1000,1,IR
-0.002844306950000001,0.1445251903481936,0.1445531761228629,2.7522,10.935768015615235,31.480763291093886,-0.8009334785088572,STO20_b,232,1000,1,IR
-0.00201301985,0.08327519707153162,0.08329952398554821,1.28078,9.421902580573729,13.541564585010548,0.375928926677527,STO20_b,232,1000,1,IR
-0.0017650218499999995,0.13949274223777286,0.139503908329282,2.3173,9.3488420189748,21.167066472796918,-0.17021306482717605,STO20_b,232,1000,1,IR
-0.0005066402999999996,0.12520727457766168,0.1252082996113259,1.60235,6.552840367187474,10.57150164725692,-0.1569712721503682,STO20_b,232,1000,1,IR
-0.0008841220500000012,0.24326632880058077,0.2432679354126054,3.1925,7.033808204512496,15.885399502959416,-1.316189707786701,STO20_b,232,1000,1,IR
-0.0013647344000000008,0.1968087710193561,0.19681350271292838,2.9222,7.929334006499984,17.49922549761998,-1.10473475969671,STO20_b,232,1000,1,IR
-0.0016960292499999987,0.09718963411137022,0.0972044314520633,1.4564,7.675473112230865,12.144824770067993,-0.0351909943732653,STO20_b,233,1000,1,IR
-0.0010761518999999997,0.12607491429668716,0.12607950712875146,2.282,9.811269318627529,28.515989436321426,0.05657564306549552,STO20_b,233,1000,1,IR
-0.003861359650000003,0.2536431875456797,0.2536725777191526,4.2822,9.526847646400277,29.201481730275695,-2.183573157442973,STO20_b,233,1000,1,IR
1.0008099999998187e-05,0.19605304040321314,0.19605304065865944,2.6629,7.771876400799397,14.37860018769403,-1.010398901373921,STO20_b,233,1000,1,IR
-0.0023652924999999995,0.16248662622066876,0.16250384090594866,2.48237,9.334548596164732,24.82640828075884,-1.8957194721146595,STO20_b,233,1000,1,IR
-0.0024431770499999993,0.11177904120284225,0.11180573852143884,2.0686999999999998,9.389500162361523,24.02051084435263,-0.7011864380811362,STO20_b,233,1000,1,IR
-0.0031018209,0.13777675743541162,0.13781166925304958,2.7792,10.668907850613415,32.42866438467796,0.5626812768092343,STO20_b,233,1000,1,IR
-0.0018964494000000003,0.10396380028067186,0.10398109582576145,1.63906,9.457873012301448,16.04245659972806,0.7976470690439423,STO20_b,233,1000,1,IR
-0.0025244566499999987,0.15136444971158508,0.15138549969488058,2.2127,7.748430347452013,18.491374859203383,-0.8927466894926472,STO20_b,233,1000,1,IR
-0.0016045270500000001,0.17908047736988175,0.17908766535437026,3.3586,9.970535918633697,29.21834490678971,-0.6392693210836489,STO20_b,233,1000,1,IR
-0.0013888387000000003,0.19118836637488135,0.19119341073904841,3.437,9.62114746993375,27.549253509171,-1.062968700373404,STO20_b,233,1000,1,IR
-0.0017072237499999997,0.12418958809056918,0.12420132206638465,1.82172,8.402487047941438,17.568875433788758,-0.4601827797869796,STO20_b,233,1000,1,IR
-0.0006687362500000019,0.14370811491121177,0.1437096708628411,1.87234,6.906285388039463,15.73542767128415,-0.8136925271935579,STO20_b,233,1000,1,IR
-0.0014363263499999994,0.15628076840544305,0.15628736867315743,2.21297,8.669926504640955,18.951165612402555,-1.3763952619650253,STO20_b,233,1000,1,IR
-0.0013689543500000003,0.17177167978521776,0.17177713471893685,3.5548,11.237234822657697,37.426788954711924,-1.4608920736212363,STO20_b,233,1000,1,IR
-0.001892444000000001,0.15337343148969662,0.15338510628877172,2.5418000000000003,9.673038249272391,25.814373571410602,-2.0947396616092786,STO20_b,234,1000,1,IR
0.00011092080000000238,0.2489802014972745,0.24898022620490826,4.4201,11.167955152035223,39.00702861207608,-2.1533857220933537,STO20_b,234,1000,1,IR
-0.001300302399999999,0.2368965469154293,0.23690011550606227,4.8690999999999995,11.43435491457446,41.12486257558924,-1.8669592263076693,STO20_b,234,1000,1,IR
-0.00280414405,0.1286483401423254,0.12867889743554925,2.1853,8.494011230920325,21.835364373609536,-0.9199755198064683,STO20_b,234,1000,1,IR
-0.0018405926499999998,0.0990573527170152,0.09907445134143511,1.5720299999999998,9.039868380532045,19.019116483556473,-0.814892001922504,STO20_b,234,1000,1,IR
-0.00113990825,0.1411302271631949,0.14113483060518198,2.6974,9.88203970642518,31.550486627685352,0.4316944398407595,STO20_b,234,1000,1,IR
-0.0021949277500000006,0.14918314260299106,0.14919928868708485,2.1262,7.732610591861809,13.426511421495995,0.43749856829295886,STO20_b,234,1000,1,IR
-0.0025582445000000005,0.1292050971354085,0.12923042111164124,1.85487,7.954783333189932,13.08910374888174,0.07126614428132491,STO20_b,234,1000,1,IR
-0.0015924016499999994,0.12270660507113336,0.12271693718105099,1.87482,8.39818873966435,18.32733993706862,0.20207225582976515,STO20_b,234,1000,1,IR
-0.0015052780499999999,0.14762648951004292,0.14763416361759435,2.7004,10.592399223059193,32.38251767187911,-1.4273543101440354,STO20_b,234,1000,1,IR
-0.002256799350000001,0.1906944154665663,0.19070776920052723,3.0888,8.771011307049443,26.230527551322446,-1.3665770356251254,STO20_b,234,1000,1,IR
-0.0019482720500000011,0.2655436100267737,0.2655507570880416,4.8736,11.930299257063075,48.12328240064981,-3.0206476220358414,STO20_b,234,1000,1,IR
-0.0005776316000000012,0.18947533365983799,0.18947621413721633,3.271,9.58906640748175,28.533740493054,-1.7490603070680637,STO20_b,234,1000,1,IR
-0.0025058628499999994,0.15256484161721356,0.15258541950759408,2.5891,8.548654283020015,23.438116093540362,-0.7141682218758495,STO20_b,234,1000,1,IR
-0.0020754050499999996,0.10558437570571519,0.10560477119565757,1.8835899999999999,9.275433192172645,23.718702195387788,-0.39816942340216677,STO20_b,234,1000,1,IR
-0.0016176353000000013,0.13191565928224835,0.13192557715558437,2.06154,8.532083196214037,20.114928761691502,-1.0723153315252223,STO20_b,235,1000,1,IR
-0.0018286331499999982,0.20191842519545392,0.2019267053477806,3.6858000000000004,10.108123125589511,35.517981127935855,-1.8453715811443423,STO20_b,235,1000,1,IR
-0.0023580287000000005,0.12803871236840675,0.12806042387993888,1.74938,7.526993670610518,16.479805554272122,-0.7555685920127301,STO20_b,235,1000,1,IR
-0.0013173467499999997,0.19612847545794068,0.1961328995551633,4.0161999999999995,11.39125564893625,38.27367352870488,-1.5965880824810288,STO20_b,235,1000,1,IR
-0.0013237833,0.11887136494486449,0.11887873571871681,2.2001,9.714100617055799,22.26946956922189,-0.31175993222780485,STO20_b,235,1000,1,IR
-0.00229397415,0.1301641924073133,0.13018440498941858,2.1055,8.385028914090942,21.32119987781986,-0.47224065449771396,STO20_b,235,1000,1,IR
-0.00201440085,0.10363086797684229,0.1036504443233033,1.36266,6.68564427797829,10.263003187152473,0.04270219562601515,STO20_b,235,1000,1,IR
-0.0009142163999999992,0.1413688254444033,0.1413717814811577,3.0587,13.277048505257538,44.996378352170176,1.1489704594403476,STO20_b,235,1000,1,IR
-0.0015346595499999974,0.1848366910428123,0.18484306190817787,3.3099999999999996,9.297617028513232,28.169144163115316,-0.9834186464036423,STO20_b,235,1000,1,IR
-0.0017525166499999987,0.20665616047888202,0.20666359132290807,3.6917,9.192717439191295,25.11125571936106,-1.0881189369251838,STO20_b,235,1000,1,IR
-0.0013198255999999986,0.2944320659053171,0.2944350240254841,6.1198999999999995,10.807817482082472,50.81683635419692,-0.9781238466484007,STO20_b,235,1000,1,IR
-0.0021167526000000006,0.1290003442350772,0.1290177098476718,2.05159,8.72360857535645,18.07562519481766,-0.8503694324541162,STO20_b,235,1000,1,IR
-0.0016452649500000042,0.20122094878318345,0.20122767485105084,3.8763,11.72651824231759,39.736831906314755,-2.1188632110058756,STO20_b,235,1000,1,IR
-0.0027841738000000003,0.13156028378739784,0.1315897408385975,2.2975,9.858671289513474,22.56814093436504,-0.995210814508563,STO20_b,235,1000,1,IR
-0.001765790300000001,0.14628756419814218,0.14629822095435455,2.8411,10.717833680897735,36.786173706752855,0.7926914827271824,STO20_b,235,1000,1,IR
-0.0027107812000000003,0.05587993432174725,0.05594564678790532,0.41203,4.429477791890917,0.08079204809854668,-0.13968690669071485,STO20_b,236,1000,1,RE
-0.0011111084,0.05152980019923786,0.05154177791316405,0.54219,6.320697756077871,2.6231721479034658,0.3503081074816734,STO20_b,236,1000,1,RE
-0.0009204430999999997,0.07449107716014478,0.07449676363426118,0.90266,6.623643443392032,4.614041746557199,0.294194406629102,STO20_b,236,1000,1,RE
-0.0017388589000000003,0.050123387628798206,0.05015354042997234,0.39235,3.9223551979281175,0.589976087060577,0.042239077903834285,STO20_b,236,1000,1,RE
-0.0017881473999999987,0.06855256677388026,0.0685758841168777,0.97563,7.505408156645638,10.054561780347495,-0.28211094229501354,STO20_b,236,1000,1,RE
-0.0024269974000000003,0.05391804674466897,0.05397264196924137,0.42656000000000005,4.229550225280711,0.6515757262675241,-0.025472256200639327,STO20_b,236,1000,1,RE
-0.0015425026000000005,0.06676192695714353,0.06677974397451651,0.8956299999999999,6.815839248705287,8.061709916648143,0.3286858875608884,STO20_b,236,1000,1,RE
-0.0026526285499999993,0.050092597862955085,0.0501627830057704,0.32797,3.663074275182511,0.11170177253893687,-0.133901790832596,STO20_b,236,1000,1,RE
-0.0021339172500000007,0.06533973665269512,0.06537457295213023,0.91562,7.122340980199516,7.179032736758449,0.2249823558485623,STO20_b,236,1000,1,RE
-0.0020420351000000002,0.04457550786990932,0.044622256881627805,0.30265,3.491082945742685,0.14685611577967705,-0.09631004666341775,STO20_b,236,1000,1,RE
-0.0024337301,0.06368382419923971,0.06373031073860629,0.90703,7.487645901449055,8.192593523440527,-0.04781903301206859,STO20_b,236,1000,1,RE
-0.0021920499500000003,0.04923021368180975,0.04927899169159148,0.32297,3.2880137039745345,0.050764345544080935,-0.05789902967242739,STO20_b,236,1000,1,RE
-0.0014484501999999994,0.060856707170523945,0.060873942008225324,0.74156,6.321916854801357,3.3633140734853626,-0.11806743709441447,STO20_b,236,1000,1,RE
-0.00192344545,0.048334596207771426,0.04837285223105453,0.34077999999999997,3.6661059214149625,0.18179762350125594,-0.06669208983742218,STO20_b,236,1000,1,RE
-0.0027969874000000005,0.06375959556292356,0.06382091479180896,0.91422,9.819978325983442,11.710038276671524,0.7509688915395167,STO20_b,236,1000,1,RE
-0.0020384407,0.07407177394778955,0.07409981738344468,0.96,6.678019156772669,7.528227066832043,0.15806693031076288,STO20_b,237,1000,1,RE
-0.00238109655,0.05134741501283356,0.051402593799151686,0.40093,4.66591240389815,0.4652692666239764,-0.05087321682401353,STO20_b,237,1000,1,RE
-0.0016135889499999997,0.06476995656040269,0.06479005280238635,0.68984,5.35143876263718,5.153847710034112,0.18268927188414888,STO20_b,237,1000,1,RE
-0.0025879798500000003,0.05096302765847121,0.0510286961211249,0.3675,3.6254110738176113,0.5015357587020239,-0.0008124378061381125,STO20_b,237,1000,1,RE
-0.00205279795,0.05563219659700557,0.055670057280654946,0.7204699999999999,7.617380342580653,5.72708599407577,0.2252410725802348,STO20_b,237,1000,1,RE
-0.0015328050999999993,0.05299042798700444,0.05301259236936532,0.33266,3.16264480770585,0.07508366648598352,-0.05056637160262459,STO20_b,237,1000,1,RE
-0.001692028450000001,0.0625560593762202,0.06257893834955014,0.9581200000000001,8.99360095973961,10.559115546669664,0.4961743398593896,STO20_b,237,1000,1,RE
-0.0021324542000000003,0.05610900539553234,0.056149513331737566,0.5325,5.646175384049217,2.109907261530422,-0.22222361867468882,STO20_b,237,1000,1,RE
-0.0024246746499999995,0.0507766964425336,0.05083455467273769,0.34375,3.6606989320160035,0.5755806021903811,0.03302435165051587,STO20_b,237,1000,1,RE
-0.0028285869999999996,0.06594145964450436,0.06600209848530852,1.02515,9.814990960388883,13.443707550626272,0.764724673101761,STO20_b,237,1000,1,RE
-0.0014974727499999995,0.0473338222923875,0.047357503707905806,0.30735,3.5567753114461738,0.06533540457960729,0.06923004102398256,STO20_b,237,1000,1,RE
-0.0021946832000000016,0.05754698380791688,0.05758881818319429,0.57735,5.480751471508889,1.9762984870989504,0.004460316009640645,STO20_b,237,1000,1,RE
-0.00013421724999999996,0.05222335507396805,0.052223527546996884,0.39218,3.7877563866590065,0.5081073361385937,-0.13178721276524596,STO20_b,237,1000,1,RE
-0.0024243521499999997,0.05762258312066579,0.05767356039681656,0.47687,4.383464420447926,1.4591458559330857,-0.08433365473874087,STO20_b,237,1000,1,RE
-0.00247530915,0.05039083552998738,0.05045159522550612,0.43328,4.394707422212649,0.6849908560036444,-0.023017459148409507,STO20_b,237,1000,1,RE
-0.0017990302999999997,0.05133193054471565,0.051363446179825495,0.36578999999999995,3.5653760333536515,0.46158033775826945,0.03890889817020855,STO20_b,238,1000,1,RE
-0.0015788351500000003,0.07165388111303872,0.07167127317825715,0.92672,7.935536439898784,8.39784044708871,0.530680320792283,STO20_b,238,1000,1,RE
-0.0028754887999999997,0.04601341326539469,0.046103173818848146,0.29062,3.2127939950946454,-0.23183406237202808,0.029356178134318203,STO20_b,238,1000,1,RE
-0.0026196628500000005,0.07538844046767268,0.07543394189352362,0.94047,6.713290957468549,8.976552005022441,0.17377070722393487,STO20_b,238,1000,1,RE
-0.00201559695,0.04719888828689764,0.04724190604308734,0.2839,3.1817090500732257,-0.07484951292556019,0.01742015849002247,STO20_b,238,1000,1,RE
-0.0016959374499999997,0.05165235837090549,0.051680192812244445,0.72,7.05957118475687,4.843350119118342,-0.035239561204909974,STO20_b,238,1000,1,RE
-0.0020653449999999997,0.05383274362450942,0.05387234852975304,0.39719,4.063494649376548,0.5713288107595198,0.05434670118827365,STO20_b,238,1000,1,RE
-0.00202778905,0.05599997900894702,0.056036680642538125,0.40234000000000003,3.5913975933690243,0.500416381874611,0.02033083153571883,STO20_b,238,1000,1,RE
-0.0017021920000000006,0.05392611641361731,0.05395297479342423,0.36937,3.680797968237408,0.7150273615038767,-0.10236587423415996,STO20_b,238,1000,1,RE
-0.0010392330499999997,0.06335732343752208,0.06336584599371335,0.67672,5.614696599100052,4.7535836758980805,0.2022781319853858,STO20_b,238,1000,1,RE
-0.0025515669499999996,0.04814079206499266,0.048208363948024545,0.29094,3.124561542109176,-0.017360857617992664,-0.06214197064231021,STO20_b,238,1000,1,RE
-0.0019123355499999998,0.07077879230000755,0.07080462178914172,1.02719,7.33977510038331,12.146602078135471,-0.004152958264978154,STO20_b,238,1000,1,RE
-0.0014838961,0.04878465124514662,0.04880721406458455,0.36280999999999997,3.9953110157437925,0.18149069769831705,-0.053982643664735215,STO20_b,238,1000,1,RE
-0.0008720246999999997,0.05743316393598215,0.05743978365884407,0.5587500000000001,5.029789139108573,2.5301201730387035,0.09026549000774917,STO20_b,238,1000,1,RE
-0.0024569926500000003,0.05816745308537197,0.05821932163226485,0.49812999999999996,4.396135042874827,1.5091547715914677,-0.020650714095905208,STO20_b,238,1000,1,RE
-0.0030028186,0.08059438392404146,0.08065030464691562,0.80531,5.221183005365177,5.104329890710769,-0.18024346867140714,STO20_b,239,1000,1,RE
-0.0017134648999999993,0.0945531199499293,0.09456864413868504,1.21937,7.321031260474481,10.134102783339861,-0.5997143828909571,STO20_b,239,1000,1,RE
-0.0017940569,0.09113263949634308,0.09115029688229692,1.0861,6.726582589102693,6.314474463171759,-0.44656235398567684,STO20_b,239,1000,1,RE
-0.0025598624999999993,0.07619573872890444,0.0762387270123418,0.9089,6.123790602175472,6.404064048669506,-0.41080054722175147,STO20_b,239,1000,1,RE
-0.0016851241500000004,0.07912491924653367,0.0791428612647495,0.7731300000000001,5.0660286170191835,3.355563930509229,-0.02437279261295453,STO20_b,239,1000,1,RE
-0.0020271737,0.06768482000594526,0.0677151703272404,0.72922,6.045617223166238,2.9985651203601584,0.0863882117238855,STO20_b,239,1000,1,RE
-0.0021529886,0.06953640475247516,0.06956972722249082,0.93391,6.81647059623215,5.2022233648677645,-0.10841951446311034,STO20_b,239,1000,1,RE
-0.005025732249999999,0.06309937807967471,0.0632992061458153,0.7567200000000001,6.30687214434193,2.856748207426362,-0.053735323811961444,STO20_b,239,1000,1,RE
-0.0013972017,0.07245356295005051,0.07246703358595145,0.96734,6.927701813605409,8.919235897648958,-0.007329894410361709,STO20_b,239,1000,1,RE
-0.0028010974500000006,0.062171244034275694,0.062234313137479534,0.6489,6.311791360696114,2.2223259030640587,-0.17410391677150375,STO20_b,239,1000,1,RE
-0.0025665384,0.0593686781751419,0.05942412866523366,0.63671,5.571642486593255,3.0247276736342386,0.024983873401805003,STO20_b,239,1000,1,RE
-0.0020291970499999997,0.05980099719421833,0.059835415149313016,0.56125,5.154806718234013,1.3461633334158831,-0.06184776454834647,STO20_b,239,1000,1,RE
-0.001542192900000001,0.05673765039827438,0.056758605793814344,0.47844,4.9248919364834665,0.6801485374526028,-0.08844546791274814,STO20_b,239,1000,1,RE
-0.0016757908499999998,0.06521671103387523,0.06523823781379237,0.76016,6.41878159240331,6.5801988866450465,0.08617824931074242,STO20_b,239,1000,1,RE
-0.0022767462000000006,0.049494355433780786,0.049546693058817155,0.37453000000000003,4.2509396086227556,0.1386812112307365,0.06805930468302616,STO20_b,239,1000,1,RE
-0.0022642105499999995,0.058700058275942116,0.05874371022512736,0.6039,5.580342112265505,3.2437656716577994,0.09809724481185109,STO20_b,240,1000,1,RE
-0.0026959181499999997,0.062212880723510694,0.062271265464813444,0.73,6.980587221976769,3.9157795548923833,0.27079750086084536,STO20_b,240,1000,1,RE
-0.0018975231500000006,0.05209047410376322,0.05212502361111803,0.38844,4.019758371012195,0.28161581634399013,0.043618373964003525,STO20_b,240,1000,1,RE
-0.0022040542500000003,0.05699718705048543,0.05703978599894084,0.69469,6.141502704910303,4.548400379574777,0.15524293257902722,STO20_b,240,1000,1,RE
-0.00166563625,0.048872408783025255,0.048900784087501474,0.3389,3.687261939959064,0.03404523652098179,-0.005220674875043333,STO20_b,240,1000,1,RE
-0.0018283210999999998,0.0675408263861343,0.06756556805775144,0.9314,8.211875011925489,7.824566543294559,0.40842773900506707,STO20_b,240,1000,1,RE
-0.0018556490000000002,0.051265274941596765,0.05129884840860183,0.32656,3.6367288114155305,-0.013099216611435871,-0.1339265888064847,STO20_b,240,1000,1,RE
-0.0031559258000000002,0.07017052011617685,0.07024145329525781,0.69234,5.047304452966597,2.890211118667933,0.1237761610991281,STO20_b,240,1000,1,RE
-0.0021762463,0.05153742212969345,0.05158334932642974,0.37828,3.7438437503911985,0.3636038193440192,-0.06450238955873212,STO20_b,240,1000,1,RE
-0.0011775013500000002,0.06462889205707813,0.0646396178667132,0.8521799999999999,7.868084880215596,10.143684978767272,0.7637249989515793,STO20_b,240,1000,1,RE
-0.0020777856999999998,0.05699859901426525,0.057036457489960966,0.4314,3.9721962052057145,0.0937029254567392,-0.04145988337212795,STO20_b,240,1000,1,RE
-0.00189302605,0.07203235057193784,0.07205722084943696,0.87937,6.24281639920498,7.732911677152133,0.016300235015169497,STO20_b,240,1000,1,RE
-0.0035178014000000002,0.052110979712888986,0.05222958101810669,0.35609,3.5629234692785925,-0.0690559005021476,0.0019719201434991265,STO20_b,240,1000,1,RE
-0.0017420267500000005,0.07092344897668011,0.07094483964282013,0.92281,6.745945193611203,7.015254574283851,0.48522618420074276,STO20_b,240,1000,1,RE
-0.0031737413000000004,0.052209668100494086,0.05230604245212091,0.32282,3.2202780425260427,0.0041258204824292655,-0.07802502089847246,STO20_b,240,1000,1,RE
-0.0017549934499999998,0.0524631481916877,0.05249249394144393,0.34484000000000004,3.3545748501953576,-0.062082833990679376,-0.021991856467798512,STO20_b,241,1000,2,OK
-0.0019014179,0.05061474352155926,0.05065044572147086,0.31891,3.251501495280771,0.10104561278966884,0.06219469269821653,STO20_b,241,1000,2,OK
-0.0015083063499999997,0.04799897784775622,0.048022670297213195,0.32311999999999996,3.920648286210067,0.14002255236806693,-0.08006070600136243,STO20_b,241,1000,2,OK
-0.00172939645,0.05298882429856743,0.053017037946548114,0.29984,3.1269193153932844,-0.10073600733540156,-0.11411817495909084,STO20_b,241,1000,2,OK
-0.0021629833499999993,0.052679183864045485,0.05272357072082929,0.34812,3.316163863896393,-0.08067668566227759,-0.0584939239025344,STO20_b,241,1000,2,OK
-0.0010647356499999998,0.06620301912947733,0.06621158058725318,0.45719,3.933903974045059,0.21401120355789915,-0.1734339146163263,STO20_b,241,1000,2,OK
-0.0014754187,0.05527155580029424,0.055291244704070014,0.36562,3.388239874191326,-0.08408982898046835,-0.15311089453094706,STO20_b,241,1000,2,OK
-0.0020134614999999995,0.051959568273696265,0.05199856500328528,0.36422,3.506635230962234,0.12838476701907053,-0.10582639849907029,STO20_b,241,1000,2,OK
-0.0017337879999999996,0.05647270497493737,0.05649931351808852,0.35484000000000004,3.351722139763208,0.009228273846714874,0.021226659590045653,STO20_b,241,1000,2,OK
-0.0017876288999999995,0.04878984678817981,0.048822584596661556,0.34875,4.06451238989853,0.2575512220123337,-0.0859329004238589,STO20_b,241,1000,2,OK
-0.00197342635,0.05003007710493892,0.050068982680747644,0.31016,3.3048404649057503,0.03815647802744104,0.0429906939347799,STO20_b,241,1000,2,OK
-0.0015024899000000002,0.04723932548677566,0.04726321347882659,0.26953,3.0579808134448556,-0.24920703308592929,-0.05619668112142122,STO20_b,241,1000,2,OK
-0.00179255765,0.05974105681071602,0.059767944015080295,0.43656,3.6573116844181,0.3828902021151759,0.016542193270582945,STO20_b,241,1000,2,OK
-0.0018379924499999998,0.049280658543721906,0.04931492190756432,0.34094,3.4630491825599825,-0.06760317022978501,-0.11052104728883337,STO20_b,241,1000,2,OK
-0.0019858898,0.05788535134028194,0.05791940657573785,0.37219,3.617613031411324,-0.13378338269120782,-0.07543233804645821,STO20_b,241,1000,2,OK
-0.0019370229000000006,0.060962292191627035,0.06099305802279826,0.39812000000000003,3.3584149842664712,0.28372292932184173,-0.06175165185335474,STO20_b,242,1000,2,OK
-0.0016576597,0.05637429420288503,0.05639866029042215,0.37360000000000004,3.535190356886182,0.09876411241140337,0.03406425612896669,STO20_b,242,1000,2,OK
-0.0015120158,0.055211162533135995,0.05523186272469733,0.40125,4.073735501580134,0.11962323581523782,-0.05084363550205268,STO20_b,242,1000,2,OK
-0.0016895699000000002,0.05592066970833047,0.05594618795838707,0.39828,4.071948569032902,0.25173648280692795,-0.07201168362126822,STO20_b,242,1000,2,OK
-0.0019141022500000003,0.049712999252609996,0.04974983499584152,0.34031,3.561619852906264,0.18416602697800188,0.11881042378363867,STO20_b,242,1000,2,OK
-0.0014556557499999997,0.0503223128588493,0.05034336207611107,0.32969000000000004,3.283650379767602,0.03264966847765871,-0.047529188746833186,STO20_b,242,1000,2,OK
-0.0014075076500000001,0.04606133665429043,0.04608283641622646,0.305,3.3839062897849574,-0.10207166677933266,0.07581774003243473,STO20_b,242,1000,2,OK
-0.001671099,0.05380952456470777,0.053835466987365216,0.36235,3.7644328421552062,0.4563163444377474,0.07019342840533098,STO20_b,242,1000,2,OK
-0.0016218567999999995,0.05550720337922132,0.05553089272163689,0.42781,4.380984855033838,0.5129158841376862,-0.17965615131409113,STO20_b,242,1000,2,OK
-0.00165473285,0.052498737561196496,0.05252480924595779,0.38234,4.027810915206346,0.4783968394903755,0.027136681162069548,STO20_b,242,1000,2,OK
-0.0021300021499999996,0.059250623082853844,0.059288896471982155,0.41078000000000003,3.539279907143541,0.22574028902214405,-0.0582854487014936,STO20_b,242,1000,2,OK
-0.0012798642,0.05531050250468701,0.055325308310857434,0.40031,3.8494137041836463,0.3221746472193212,0.06605199719261895,STO20_b,242,1000,2,OK
-0.0017645339500000003,0.051683901430653094,0.05171401403057171,0.34687999999999997,3.4565098716631932,0.27923602980039774,-0.03821532192191842,STO20_b,242,1000,2,OK
-0.0015095430499999997,0.050647061485297885,0.05066955256675697,0.33594,3.382899420202456,-0.07248409981805581,-0.07239042168479806,STO20_b,242,1000,2,OK
-0.00192061025,0.05175814000996691,0.05179376218256155,0.32297,3.261203528807767,0.08432465857305438,0.07903101672740974,STO20_b,242,1000,2,OK
-0.0017342562499999996,0.05612666886584049,0.056153455839479484,0.38156999999999996,3.809382642654872,0.10148007012965721,-0.09962442092943607,STO20_b,243,1000,2,OK
-0.0015498626000000001,0.05172772164053629,0.05175093487271206,0.37812999999999997,3.8919103682936984,0.49583729900465334,-0.07338198399101928,STO20_b,243,1000,2,OK
-0.0016812362999999997,0.05174927169956861,0.05177657459635786,0.36343,3.787233928252056,0.29750952527643193,0.013208802092551167,STO20_b,243,1000,2,OK
-0.0017176248999999997,0.051294074036133355,0.05132282403104325,0.32547,3.473698171639291,-0.2029321985729733,-0.08625142489422027,STO20_b,243,1000,2,OK
-0.0014766013999999994,0.0589220386295775,0.058940537730495,0.43250999999999995,3.679640674329806,0.35724722396504216,-0.07439824669448189,STO20_b,243,1000,2,OK
-0.00195673365,0.060707049856099045,0.06073857677627899,0.46422,3.925676442473394,0.37281157458372327,0.0481370332912675,STO20_b,243,1000,2,OK
-0.0017489123500000002,0.053824271760813266,0.053852677974171925,0.38625,3.8037105619565015,0.36440976888735177,-0.02253767186374319,STO20_b,243,1000,2,OK
-0.0014279450000000003,0.05099752982096569,0.05101751733241544,0.38078,4.3918248420457155,0.23889655667702847,-0.23405558701133755,STO20_b,243,1000,2,OK
-0.0013999096,0.04844774113920997,0.04846796228829999,0.30984,3.4301008780006463,0.0562486875730861,-0.005337067744960276,STO20_b,243,1000,2,OK
-0.0019682616999999996,0.056093916461998516,0.056128437695747026,0.37031000000000003,3.5131923868770274,0.21697412437861052,-0.14803888613238356,STO20_b,243,1000,2,OK
-0.0016226908999999996,0.05679621937640042,0.056819395114777,0.51516,4.688715877067033,0.7909289403035356,-0.020635406378231236,STO20_b,243,1000,2,OK
-0.0017280887999999996,0.05325076850462723,0.053278801011603906,0.34063,3.2260485734760667,0.10612357631627045,-0.029850901965383352,STO20_b,243,1000,2,OK
-0.0012079634,0.05221421823378715,0.052228189336231925,0.34531,3.515151536617397,0.016229328763822437,-0.04742320674230301,STO20_b,243,1000,2,OK
-0.0013368512499999999,0.05435484488934529,0.0543712822564395,0.38515,3.6611238826618657,0.6130796787753798,-0.05287633796041667,STO20_b,243,1000,2,OK
-0.0020515835,0.05289596287140535,0.05293573351669518,0.36765000000000003,3.9640519939866223,0.25242784524673967,-0.13648969760534763,STO20_b,243,1000,2,OK
-0.0017562616999999997,0.052114977472925074,0.052144561865667016,0.34343999999999997,3.6676883102919056,-0.15271491675409354,-0.002458268401382726,STO20_b,244,1000,2,OK
-0.0017329727000000004,0.052181244985935266,0.05221001362441059,0.33968,3.8276182312001077,0.12427823017383721,0.08555484743556543,STO20_b,244,1000,2,OK
-0.0015114266499999997,0.054538468372625916,0.05455940746516816,0.41500000000000004,3.9864802442888783,0.3472557563605725,-0.006185845840150184,STO20_b,244,1000,2,OK
-0.0014769934000000001,0.05596855701899734,0.055988042333094665,0.37375,3.379650227351343,-0.0412235044935545,-0.028845886704411787,STO20_b,244,1000,2,OK
-0.0015251517,0.05482513870552707,0.05484634829948385,0.34906,3.219175122396646,-0.044485229788050695,-0.07544123086553471,STO20_b,244,1000,2,OK
-0.0017490528000000001,0.056389467340544654,0.05641658632572109,0.34125000000000005,3.201718001105791,-0.08421616924078545,-0.029818153888367085,STO20_b,244,1000,2,OK
-0.0017209269999999997,0.053149547086279635,0.05317740070007169,0.39766,3.7521578221804854,0.3312175468981371,-0.031837151403327456,STO20_b,244,1000,2,OK
-0.00175530695,0.0513528066318174,0.05138279723266871,0.35093,3.7676033697308573,0.03867689464854118,0.00874349306999994,STO20_b,244,1000,2,OK
-0.0015848618500000002,0.053820243049128524,0.05384357295862574,0.34765999999999997,3.755137129465127,0.18836263075631443,0.08296399138797915,STO20_b,244,1000,2,OK
-0.00126017245,0.054685240634670736,0.05469975848096208,0.36094000000000004,3.442062729866161,-0.13998724164311716,0.0527297691459787,STO20_b,244,1000,2,OK
-0.0018760995,0.0535198839488349,0.05355275648583045,0.33578,3.1598746937475384,0.0329566526056948,-0.008272844709917767,STO20_b,244,1000,2,OK
-0.0014061184000000006,0.05977145397655704,0.05978799109709654,0.4636,3.9593235306328225,0.8497603281664814,-0.11064238035032509,STO20_b,244,1000,2,OK
-0.0016292421,0.05371688009897049,0.053741582014186974,0.38766,3.733235838629326,0.5419157424293535,-0.014158225663518894,STO20_b,244,1000,2,OK
-0.0014639346,0.05589128857434988,0.0559104573672433,0.38061999999999996,3.5966438027712178,0.3173835227818289,-0.07962531875793166,STO20_b,244,1000,2,OK
-0.0013417091,0.04905218566238086,0.0490705319062847,0.34343999999999997,3.8719775926387663,0.2726620693986388,0.10515334547232404,STO20_b,244,1000,2,OK
-0.0018466842000000004,0.0496312584176402,0.04966560232850408,0.3425,3.863237150148927,0.10872984489435966,0.0191850225901537,STO20_b,245,1000,2,OK
-0.0013314141499999998,0.054777181845032906,0.05479336013170411,0.38391,4.069288677753252,0.11674722352239053,0.09863592311747157,STO20_b,245,1000,2,OK
-0.00219518755,0.056054948766976746,0.056097915555286565,0.41531,3.83811052280194,0.3247272234002425,0.02454195347536163,STO20_b,245,1000,2,OK
-0.0009677889999999998,0.055121767482246516,0.05513026270493702,0.38717999999999997,3.6843648122469443,0.1998202153227866,0.04413880006635621,STO20_b,245,1000,2,OK
-0.0017917081000000002,0.05284339991462822,0.05287376601352446,0.38656,4.072151772675439,-0.01619846170902095,-0.06866762450425573,STO20_b,245,1000,2,OK
-0.0017935920000000003,0.0645948053438222,0.0646197017144829,0.49266,4.180768292519839,0.7172689301195181,-0.04607289099937446,STO20_b,245,1000,2,OK
-0.0021421699000000005,0.052245022259824705,0.0522889208418958,0.33187,3.2242011746572423,0.15525791724128712,-0.014984026156507728,STO20_b,245,1000,2,OK
-0.0008351753000000002,0.057110585465376555,0.057116691868312974,0.39047,3.5809146732720443,0.1393683261600751,-0.006660941395831539,STO20_b,245,1000,2,OK
-0.0021341842,0.05254510978557615,0.052588433182381274,0.32422,3.3545399496538475,-0.16372064944989084,0.06938947875049435,STO20_b,245,1000,2,OK
-0.0012710774499999997,0.052748412993430756,0.05276372533483049,0.36297,3.7076608741813075,0.0487365727753879,0.03576480436310737,STO20_b,245,1000,2,OK
-0.0016748279,0.055732185650827444,0.05575734539872675,0.34843999999999997,3.3432366384547563,-0.05190426521656466,0.03437113106922792,STO20_b,245,1000,2,OK
-0.0010945647999999997,0.05284004476136736,0.05285138032714666,0.41171,4.529115389575732,0.5890005123316424,-0.05028535778309992,STO20_b,245,1000,2,OK
-0.0024545034500000006,0.0630237558985243,0.06307153394949926,0.44406,3.817570065646257,0.06916856758751955,0.033226684819240467,STO20_b,245,1000,2,OK
-0.0013479198000000002,0.05802281173179733,0.058038466287892464,0.36953,3.2952283585739255,0.22113219408974372,0.08446105267625924,STO20_b,245,1000,2,OK
-0.00248795015,0.04660432582148155,0.0466706876017881,0.31453,3.428276038381528,0.24026388708387358,0.09058254964398109,STO20_b,245,1000,2,OK
-0.000734640549999996,0.4138209772906922,0.4138216293798106,4.0167,5.898435042310735,4.952112919721281,-0.7982316197660466,STO20_b,246,1000,2,OR
0.0011529111500000002,0.30628341486238975,0.3062855847471222,3.0423,6.134470878057391,4.3396240230321546,-0.6532300641521547,STO20_b,246,1000,2,OR
-0.004777610100000002,0.33309205717136503,0.3331263185473635,4.664,9.395234857599545,18.326150809847157,-1.8407932675785086,STO20_b,246,1000,2,OR
0.00037558320000000123,0.321899860768061,0.3219000798776495,3.8766,6.948118810191367,7.29888765450168,-0.7520540831478736,STO20_b,246,1000,2,OR
-0.004030346149999999,0.3902491650779507,0.3902699764702973,3.834,5.1197891727960565,5.331321929632216,-0.7537909031471116,STO20_b,246,1000,2,OR
-0.0010484267000000005,0.34755130129444395,0.34755288263803336,3.3908,6.244517333669498,4.786567134812301,-0.8651592788776211,STO20_b,246,1000,2,OR
-0.001080112149999998,0.38903713173457233,0.38903863112873455,3.9592,6.172137694997781,5.3367330600310865,-0.8916275725113596,STO20_b,246,1000,2,OR
0.0014216963500000013,0.33551661767922675,0.33551962976764865,3.0892,5.315039245945034,5.0456043045674885,-0.7904119902986401,STO20_b,246,1000,2,OR
-0.0002372604999999999,0.44057872612000415,0.44057879000477373,5.0175,7.466768883641347,10.486921673210594,-1.3925501305203731,STO20_b,246,1000,2,OR
-0.000620606750000001,0.36878482724242373,0.3687853494337356,3.3765,5.276511127646205,4.622317667727214,-0.6855046921247437,STO20_b,246,1000,2,OR
-0.00466513415,0.28948538526522793,0.28952297276519345,4.314,9.816146790896955,14.23184921200755,-1.1758200154408263,STO20_b,246,1000,2,OR
-0.0008902226,0.37396392380788096,0.37396498339559037,4.0861,7.218590295510088,6.3813379864661055,-1.081436140739729,STO20_b,246,1000,2,OR
-0.003224237399999999,0.3497220674395527,0.34973692993592564,3.4806,6.0808562607032295,6.028363186265624,-0.8842952194773067,STO20_b,246,1000,2,OR
-0.007735144300000002,0.3610574227958012,0.36114027055049924,3.2668,5.95779583572953,4.798527304542099,-0.9981277688662965,STO20_b,246,1000,2,OR
-0.0034461711999999992,0.393247786674037,0.39326288640039325,4.0902,6.483449336747406,5.618901785003672,-0.8560156007579109,STO20_b,246,1000,2,OR
-0.0018216706000000035,0.37496352059359245,0.3749679456429794,3.8788,6.4218822648182945,5.550365544491443,-0.8152109642616305,STO20_b,247,1000,2,OR
-0.0019294846000000008,0.31911424727489784,0.31912008041589346,3.5014000000000003,6.196726941854683,7.607280092469271,-0.9261244162797443,STO20_b,247,1000,2,OR
-0.003884749549999997,0.33383889781771026,0.333861499689931,3.0864000000000003,5.775149281335807,6.082513621799501,-0.8453645984596162,STO20_b,247,1000,2,OR
-0.003130159249999997,0.33566324142616116,0.3356778359404263,3.4245,6.372777022965705,6.567040672039255,-1.067597675077622,STO20_b,247,1000,2,OR
-0.0026440813000000005,0.3825858178870368,0.38259495450700065,4.8222,7.531986415537718,8.33141413817218,-0.9815045634357669,STO20_b,247,1000,2,OR
-0.00011702544999999786,0.2677246088693422,0.2677246344459139,2.6518,5.314042179736045,5.698811011997753,-0.6920480424619422,STO20_b,247,1000,2,OR
0.0016759478,0.3951564810419291,0.39516003506233877,4.7780000000000005,6.966797640772803,7.25520532018238,-0.8700146264990429,STO20_b,247,1000,2,OR
-0.00030506454999999956,0.35578210272963584,0.35578223351806204,4.7036,8.35876477190372,13.747073260214627,-1.089271879871915,STO20_b,247,1000,2,OR
-0.0019362912500000013,0.35501520129910313,0.3550204816306343,4.2045,7.963765884756874,9.317599236360962,-1.234964516142498,STO20_b,247,1000,2,OR
-0.0011217193499999962,0.4123113502243628,0.4123128760760902,3.9832,5.546758621183458,4.860556428268931,-0.8341345132921428,STO20_b,247,1000,2,OR
-0.0021869584999999986,0.3860478639196792,0.3860540584224285,3.8011999999999997,6.518258117225909,6.177010093385119,-1.0762091226845147,STO20_b,247,1000,2,OR
-0.0010036969499999978,0.312456563312798,0.3124581753848216,3.4894,6.073452863452217,9.777781526316968,-1.0002065016493915,STO20_b,247,1000,2,OR
-0.005830439750000004,0.35679753425918975,0.3568451687792845,3.7242,6.833215672616256,6.916302966697987,-1.072253181910593,STO20_b,247,1000,2,OR
-0.0028581714499999957,0.40711698866832813,0.40712702146431545,3.734,5.286556495952574,5.069514110823718,-0.9840129174249955,STO20_b,247,1000,2,OR
-0.0031262747499999997,0.3212082757505438,0.321223489185411,3.4012000000000002,6.172649469153617,8.218278910568811,-1.0105482803666959,STO20_b,247,1000,2,OR
-0.004936459149999997,0.40929501350785635,0.40932478145274315,4.105,6.416176393422709,6.190255730972755,-1.0528448427994475,STO20_b,248,1000,2,OR
-0.0027449815999999994,0.32632487317506503,0.32633641809750047,3.7156000000000002,7.29676452870964,6.2235903750839405,-0.9774481618826222,STO20_b,248,1000,2,OR
-0.0038270013500000025,0.4430950717893444,0.44311159833989583,4.652900000000001,6.557264605317808,7.319572566981339,-1.2361048339724863,STO20_b,248,1000,2,OR
-0.0016192155000000021,0.3274770290342971,0.3274810321285269,3.7413,6.564349654169603,10.317891876801724,-1.056298857270634,STO20_b,248,1000,2,OR
-0.000854403049999997,0.37612380054904815,0.3761247709790356,3.9052999999999995,6.892659564143677,7.998031992222387,-1.1720780280684204,STO20_b,248,1000,2,OR
-0.004706465549999999,0.41926087376426696,0.41928728944191707,3.7401,5.362433006239427,4.629430933392419,-0.8719679562092789,STO20_b,248,1000,2,OR
4.600904999999855e-05,0.26010265146567124,0.2601026555348967,3.2734,7.689271744984818,12.074126482305063,-0.7271060168001166,STO20_b,248,1000,2,OR
-0.0035441149999999983,0.41228415816344977,0.412299391005708,3.8878000000000004,5.017470423504362,4.071100412686233,-0.6924160531060779,STO20_b,248,1000,2,OR
-0.0006618374500000008,0.21274843458397416,0.2127494640339706,2.4114,6.09778269426265,8.401820865934406,-0.8246631786727338,STO20_b,248,1000,2,OR
-0.0016557482500000021,0.41875929329851713,0.4187625666486211,4.0033,5.581205642865204,5.97221720966655,-0.9473555076877024,STO20_b,248,1000,2,OR
0.001761837399999994,0.3049842915788274,0.30498938043948887,3.0614,5.710362759156923,5.694339441360622,-0.6879338676466891,STO20_b,248,1000,2,OR
0.0017981628499999986,0.47174024692534344,0.4717436739997889,4.8889,6.053287319760175,5.879819584026501,-0.843861833110606,STO20_b,248,1000,2,OR
-0.003288509249999997,0.3225006389508498,0.3225174048276987,3.7674000000000003,6.925517713356511,8.845566588275963,-1.2099248476316729,STO20_b,248,1000,2,OR
-0.0037741003999999974,0.380337180205657,0.3803559050161042,3.8425000000000002,5.838216183092991,7.275790528808546,-0.9967789953546933,STO20_b,248,1000,2,OR
-0.0006298723499999994,0.37407324648436757,0.3740737767801049,3.6088000000000005,5.368727039052932,4.67261663029153,-0.7107756174112205,STO20_b,248,1000,2,OR
0.0013959410500000013,0.4713604651629619,0.4713625322085527,3.9351,5.048767853587195,3.67807326471201,-0.8222217116566836,STO20_b,249,1000,2,OR
-0.0028079555000000006,0.2951726125278199,0.2951859681634418,3.1355,6.526055462546139,7.821176178906114,-1.145562200198904,STO20_b,249,1000,2,OR
-0.0017466088999999953,0.4262740158696709,0.42627759411949623,3.3633,4.8154067403894025,3.4892929929338017,-0.764067805626356,STO20_b,249,1000,2,OR
-0.001926566199999995,0.4017813552370777,0.40178597421197493,4.2033000000000005,6.7394089734237825,5.690414547391191,-0.9684250649323828,STO20_b,249,1000,2,OR
-0.0014584769500000014,0.39858353647399775,0.39858620485803614,3.9372,6.381555530518048,6.9967947880222106,-1.0804878574430428,STO20_b,249,1000,2,OR
-0.003908571049999998,0.25774074402948133,0.25777037855526286,2.6894,5.966938515669091,6.800264978750068,-1.030697357682098,STO20_b,249,1000,2,OR
-0.002988827799999996,0.40017564026523,0.4001868015730964,4.2178,6.523203638246868,6.57830996149508,-1.10059170891167,STO20_b,249,1000,2,OR
-0.004059900050000002,0.32779293559571265,0.32781807670546637,3.801,7.526125541321802,7.749661833538337,-1.1100254236605216,STO20_b,249,1000,2,OR
0.00026179275000000156,0.3917399419961224,0.39174002947180325,4.1271,6.770561598150152,7.536855682212984,-1.038348731449323,STO20_b,249,1000,2,OR
-0.00044883069999999715,0.41960601314373425,0.41960625318907835,4.4338,6.147906472779765,6.796071534948771,-0.983626146926286,STO20_b,249,1000,2,OR
-0.0038200771499999984,0.38858198332249116,0.38860076010254124,3.5289,5.567667956771584,4.622453560026611,-0.981144555346466,STO20_b,249,1000,2,OR
-0.0011406491000000001,0.30826633522030233,0.30826844553169097,4.4858,8.418960933623014,17.90458800262582,-1.096026612318749,STO20_b,249,1000,2,OR
-0.002025793400000004,0.34248644380093035,0.3424924349913547,3.1944,5.727717752508951,4.908791188511572,-0.7062219702386753,STO20_b,249,1000,2,OR
-0.004803456550000002,0.38030118161246157,0.38033151582620944,3.9873000000000003,6.303185248249146,6.689425610247401,-1.0457691479180522,STO20_b,249,1000,2,OR
-0.005894812899999998,0.36435249807286496,0.3644001806682635,3.7135,6.4838057864491425,6.855522777059825,-1.1239192220286156,STO20_b,249,1000,2,OR
-0.0031270180999999984,0.3276785277768614,0.32769344791772853,3.7224000000000004,7.312627137426381,6.590275709590053,-0.756162380477979,STO20_b,250,1000,2,OR
-0.003145553000000001,0.29192598887731513,0.29194293532413845,3.7567,8.244419401098597,15.221897531840941,-1.5304226066360425,STO20_b,250,1000,2,OR
-0.0014227582500000015,0.35457915644637983,0.354582010862458,4.2133,7.038710153200971,7.1550525221464785,-0.9868723488761879,STO20_b,250,1000,2,OR
0.00022541999999999628,0.3445336995372124,0.3445337732806097,3.3782,5.599160806882121,5.063937370661309,-0.8336524362814455,STO20_b,250,1000,2,OR
-0.0004944494500000022,0.4689400798466593,0.46894034051982547,4.678100000000001,5.697739710424933,5.130090957260743,-0.891250917438094,STO20_b,250,1000,2,OR
-0.0023448810999999957,0.3735554328213615,0.37356279238934903,4.1652000000000005,6.78654312380679,7.161980594095045,-0.9413070659958814,STO20_b,250,1000,2,OR
-0.00291819545,0.3671009724005458,0.36711257102162914,4.1605,7.04742960122597,6.608043316429216,-0.7578742105885814,STO20_b,250,1000,2,OR
0.0002589875000000015,0.3644855623429938,0.36448565435557756,4.0572,7.096849955791455,6.363009231385448,-0.9551233919477696,STO20_b,250,1000,2,OR
0.0012700992500000025,0.3693575589125735,0.3693597426330596,4.115,6.588698548064725,9.318698648869399,-1.1216061045238963,STO20_b,250,1000,2,OR
-0.00532375035,0.25116775627309024,0.2512241710286802,2.12201,4.703767138175151,2.904230456103808,-0.626127403727128,STO20_b,250,1000,2,OR
0.0025662944,0.3786169086897748,0.37862560585986355,4.1444,6.323925172895498,5.792317500706325,-0.613995900500004,STO20_b,250,1000,2,OR
-0.004521760799999997,0.3236661392877208,0.32369772325759527,3.3415999999999997,6.534800364711451,9.59672253535947,-1.2613127975244798,STO20_b,250,1000,2,OR
0.0013247610500000037,0.3496534188723025,0.34965592847959753,3.4778000000000002,5.835736888182245,4.35561530805315,-0.6158800616621222,STO20_b,250,1000,2,OR
-0.0002773466000000009,0.449619344458498,0.4496194299987779,4.9589,7.163391493131768,7.737748091638654,-1.155826645341707,STO20_b,250,1000,2,OR
-0.0011245474999999976,0.34796410932927174,0.34796592647613234,3.7985999999999995,5.9313278771321505,7.746002563527972,-0.9061556002531693,STO20_b,250,1000,2,OR
-0.0017672141499999996,0.09814814077504852,0.09816404934318217,1.24859,6.411410330066135,9.759757677284984,-0.24468588080426573,STO20_b,251,1000,2,IR
-0.0013072302000000004,0.09758203599895818,0.09759079157634577,1.5104700000000002,7.944499552434423,11.278579628697818,0.2845903602082932,STO20_b,251,1000,2,IR
-0.0015771765499999998,0.0940090889021796,0.09402231799997157,1.36859,9.434249430015841,17.99830252248982,1.1746173216911284,STO20_b,251,1000,2,IR
-0.0030725133499999997,0.09679213425945016,0.09684088802146205,1.7381199999999999,9.164517365880728,19.571090994998706,-0.4435754513354647,STO20_b,251,1000,2,IR
-0.00252434765,0.11037074355425283,0.11039960762510302,1.57485,7.780009535148912,17.106880198876137,-0.5297706442202704,STO20_b,251,1000,2,IR
-0.0014713788000000007,0.1712214569706087,0.1712277789457981,2.6944,8.654553654340708,23.29068853502085,-0.8513493665365753,STO20_b,251,1000,2,IR
-0.0028171382499999997,0.12984995925887102,0.12988051504151837,2.4955,10.444984758232144,31.344281526491592,-1.3705669874922624,STO20_b,251,1000,2,IR
-0.0004406581999999991,0.07836229861041372,0.07836353758704921,0.7401599999999999,5.0366536804386,1.1356575726524873,-0.011084674691708903,STO20_b,251,1000,2,IR
-0.0022291394000000003,0.1423534812077033,0.14237093339026954,2.29377,9.179542262446958,24.82789169087858,-1.1887209371605236,STO20_b,251,1000,2,IR
-0.002400958199999999,0.19052571509411026,0.1905408426359037,3.69,10.84177004479532,42.94946016986399,-1.583482897534796,STO20_b,251,1000,2,IR
-0.0026130961999999993,0.16711193011153067,0.1671323590970688,3.6084,11.468156198805282,41.87297801789908,-0.3207582418333922,STO20_b,251,1000,2,IR
-0.002122812699999999,0.1498168330375256,0.14983187176016022,2.9928,11.258619278949308,30.873306396558682,1.03746399777113,STO20_b,251,1000,2,IR
-0.0012583329999999993,0.14707228382286977,0.14707766679823844,3.1859,11.347066052451062,41.80299910034094,0.4463661903810592,STO20_b,251,1000,2,IR
-0.00201322105,0.15120722312446064,0.15122062486316667,2.315,7.684137008767461,19.64441450148179,0.21081678288204994,STO20_b,251,1000,2,IR
-0.0012390634999999996,0.20524990546223376,0.20525364545024022,4.8122,12.078226404027546,52.94947534655613,-1.2350435527061856,STO20_b,251,1000,2,IR
0.00046379225000000023,0.13124476708515423,0.131245586556225,2.23842,11.213329443040209,35.09232953451518,2.525529330705093,STO20_b,252,1000,2,IR
-0.0032858107000000004,0.18750343063423958,0.18753221870272138,2.8245,8.98352300022968,22.19625018510716,-1.1832209864113725,STO20_b,252,1000,2,IR
-0.0017563882999999999,0.14783224480538143,0.1478426782226925,2.7347,11.048230589678859,29.209979914966148,-0.8409789818458818,STO20_b,252,1000,2,IR
-0.00187090915,0.15843479114053372,0.15844583725927322,3.6223,11.57114653002787,48.32755529974528,-0.32016349521978177,STO20_b,252,1000,2,IR
-0.002316978,0.1291786217468221,0.1291993990058043,2.19511,9.479920258336309,24.471321730245094,-0.41022053679749,STO20_b,252,1000,2,IR
-0.0024344825500000004,0.15079672326763405,0.15081637329395525,3.1577,10.822432368259442,35.05330680215905,-0.35173583440033257,STO20_b,252,1000,2,IR
-0.00245137435,0.1264307574398382,0.12645452013674735,2.0684299999999998,9.797198223205141,18.791491930781156,0.8816360761835824,STO20_b,252,1000,2,IR
-0.0019699010500000007,0.09880462199036917,0.09882425732990122,2.0805,11.135929879303248,37.12134540833177,-0.30884653446431454,STO20_b,252,1000,2,IR
-0.002673483350000002,0.11355604760607864,0.11358751454775622,1.6686,8.18892819077336,16.54680171985152,-0.52743531586596,STO20_b,252,1000,2,IR
-0.001998537249999998,0.22573486017547062,0.22574370699884172,4.1924,10.017112016378833,33.983073501768374,-1.4729961013089716,STO20_b,252,1000,2,IR
-0.0017891880500000013,0.22003620073521837,0.220043474858646,3.6879999999999997,9.150918932240634,26.67255142380539,-1.0149268277112196,STO20_b,252,1000,2,IR
-0.0019461448500000017,0.2773278534331323,0.2773346818730144,4.3641,9.768341924290732,27.356687393835745,-1.4148569479237896,STO20_b,252,1000,2,IR
-0.00166841205,0.12967726303666693,0.1296879953868109,2.03439,8.267534684316985,22.335068024095865,-0.1755839538704204,STO20_b,252,1000,2,IR
-0.002982063,0.17036364187377231,0.17038973904619642,3.1487,10.047553388973963,30.96395918597367,-0.6346706629755138,STO20_b,252,1000,2,IR
-0.00119305215,0.14704928531049113,0.1470541250144274,2.9872,11.378803551657143,30.623320710061755,1.0238143464378537,STO20_b,252,1000,2,IR
-0.0035330451,0.19264527234670134,0.192677667012068,2.7747,8.409381456225104,22.047443780856035,-1.0021619960024415,STO20_b,253,1000,2,IR
-0.00223953235,0.10905109378914084,0.10907408748990151,1.42235,8.019228215693136,12.340218544303259,-0.8014019594259629,STO20_b,253,1000,2,IR
-0.0014733742500000003,0.1599479892946785,0.15995477520565352,3.3874,10.7111525604485,35.839768894500885,0.1663787231344085,STO20_b,253,1000,2,IR
-0.0017866118500000003,0.1243474006393171,0.12436023491316425,2.2241,9.148422731706884,20.756831040638517,-0.0984829507439777,STO20_b,253,1000,2,IR
-0.0013934289000000013,0.15639497105807365,0.15640117843659315,3.8928,14.39886849006695,64.80697414788959,-1.828086912823615,STO20_b,253,1000,2,IR
-0.0024878094,0.10785511505282824,0.10788380341214127,2.1265,10.138685932506748,33.19619429783295,-0.6264315871948036,STO20_b,253,1000,2,IR
-0.0031408936500000005,0.19891977198504346,0.19894456740384314,4.1284,13.807866361204967,53.566579264147364,-2.8268519162321373,STO20_b,253,1000,2,IR
-0.00206764905,0.2135560513048861,0.21356606055628105,3.7775,9.883592900959751,29.35565715521448,-1.2006782341838294,STO20_b,253,1000,2,IR
-0.0011330020000000001,0.25804367696842884,0.2580461643135175,5.220599999999999,11.586298939779985,38.358846693137004,-1.498848068829295,STO20_b,253,1000,2,IR
-0.0013929841000000004,0.13169553414616775,0.1317029009503864,2.4269,9.233661454868903,32.68797651397868,0.11143637440196424,STO20_b,253,1000,2,IR
-0.0021920427,0.09209592722981466,0.09212201074400157,1.59297,9.980025322665512,20.263124715783302,0.6178828548820569,STO20_b,253,1000,2,IR
-0.0016947144,0.1431949657160697,0.1432049938491111,2.9476,11.380888027670666,36.146267266002056,0.2534697254265627,STO20_b,253,1000,2,IR
-0.0002901213500000018,0.21022954467035046,0.2102297448571458,5.044499999999999,13.760184135530869,75.73155015849247,2.6202907461449167,STO20_b,253,1000,2,IR
-0.00100155185,0.08256951783771548,0.08257559192679792,1.09094,7.731582482217844,8.71495405805715,0.51642512488792,STO20_b,253,1000,2,IR
-0.0018787270999999998,0.12158850208281853,0.1216030158107102,2.22499,10.290863196583508,26.260381431584864,-0.5428044297582756,STO20_b,253,1000,2,IR
-0.0004165358999999995,0.10905876257580287,0.109059558025518,2.21765,13.835559462353075,43.27625721060895,2.5175013161095454,STO20_b,254,1000,2,IR
-0.003279732,0.15361983671600452,0.1536548433165831,2.5316,9.555832854385102,27.242304684623612,-1.7568805677443673,STO20_b,254,1000,2,IR
-0.0014502875499999989,0.17017078725009488,0.1701769672055967,3.2386999999999997,11.556793097763704,38.71457160656601,-2.0502229080735064,STO20_b,254,1000,2,IR
-0.002689253700000001,0.17063132492236116,0.17065251574536883,3.8319,12.536586353008742,48.966559997585115,-1.2128721344411808,STO20_b,254,1000,2,IR
-0.0026170543500000014,0.32311080871763764,0.3231214070340074,6.627699999999999,12.444548434318971,41.25832426736232,-2.2769158907719604,STO20_b,254,1000,2,IR
-0.0017931759499999994,0.11857479913095154,0.11858835722335125,2.03831,9.502619197916522,21.523748322406586,0.6609336153354304,STO20_b,254,1000,2,IR
-0.0025183569499999995,0.12853327626385955,0.12855794502421564,2.3304,9.833697946570869,28.763965233987832,-0.4316594810343059,STO20_b,254,1000,2,IR
-0.0023545644499999995,0.09641970777430957,0.0964484526627175,1.54562,9.222854026603281,20.982275014722337,-1.033732839351551,STO20_b,254,1000,2,IR
-0.0002005841999999996,0.07557076636488881,0.07557103256538117,0.7301500000000001,5.158590358848483,2.2709292732068382,-0.142111362688316,STO20_b,254,1000,2,IR
-0.002127855450000001,0.10975940197305806,0.10978002591682805,2.02479,10.190378355781712,27.788476929459456,0.29575251909982897,STO20_b,254,1000,2,IR
-0.001663335500000001,0.09599287518274674,0.09600728498835884,1.48516,8.254581931944987,13.536798507240569,0.14311776951272143,STO20_b,254,1000,2,IR
-0.0018661013499999997,0.0907857315563432,0.090804908394144,1.9629500000000002,13.316460766100848,46.28995393502945,1.7245003704177784,STO20_b,254,1000,2,IR
-0.00205900385,0.11815965724017571,0.11817759557534635,2.4584,11.760266345188136,38.27208077114917,-1.842101513146273,STO20_b,254,1000,2,IR
-0.001990287749999999,0.14607191363720237,0.14608547223787213,3.0254000000000003,12.08333705575946,38.26674338346431,1.1331900465342308,STO20_b,254,1000,2,IR
-0.0018265779500000012,0.15127397404682777,0.15128500127549904,2.8705,10.566810896797719,37.91726520156933,-1.9075063060119082,STO20_b,254,1000,2,IR
-0.001617542700000001,0.16748844949225503,0.16749626013050556,3.6547,13.058202005799007,57.253259181560466,0.825787164005071,STO20_b,255,1000,2,IR
-0.0025411147499999997,0.12298528083464412,0.12301153021627263,1.6473399999999998,7.654241828750499,12.174965800904612,0.29371626397633327,STO20_b,255,1000,2,IR
-0.002208187000000001,0.16908456338446998,0.16909898185602362,3.0366,9.607982154400684,30.60476402120934,-0.46175734733600116,STO20_b,255,1000,2,IR
-0.00210609055,0.13817243451758948,0.13818848460679475,2.607,10.541399336890724,28.112577441364756,-0.6429264956134921,STO20_b,255,1000,2,IR
-0.0021288175999999988,0.13250442801437443,0.13252152771452116,2.4005,10.385482447537395,26.464066679399266,-0.6926228606828935,STO20_b,255,1000,2,IR
-0.0021346935999999976,0.21155978399716593,0.21157055353166088,3.6575999999999995,10.518004338760642,30.312409738298754,-1.1457863723240929,STO20_b,255,1000,2,IR
-0.00187587595,0.14494413220928173,0.14495627055247223,2.9661999999999997,10.261715442392987,35.40188004273274,-0.4842823873042365,STO20_b,255,1000,2,IR
-0.0017441516,0.09545789480682008,0.09547382754322627,1.45797,8.164855437968733,13.473491396098908,-0.4155753644554946,STO20_b,255,1000,2,IR
-0.0011746075500000002,0.08763691862737473,0.08764478997292205,1.3443800000000001,8.862135447411859,12.5643933809854,0.31237060523331167,STO20_b,255,1000,2,IR
-0.0021584282500000003,0.13737315370928577,0.13739010944222096,2.9411,11.402567523674835,44.27595922652807,-0.29301434933808423,STO20_b,255,1000,2,IR
-0.0004207875499999998,0.10287025920350781,0.10287111980900723,1.6836,8.256739127336978,18.864715535380682,0.5327604712610595,STO20_b,255,1000,2,IR
-0.0022817897,0.2204427743963645,0.22045458341300478,5.6111,14.051873869170182,79.31452556262613,-2.697406552023207,STO20_b,255,1000,2,IR
-0.001901207450000001,0.17402362195754537,0.17403400698998625,3.4736000000000002,10.090556612312238,41.842459110199286,-0.3461491638491851,STO20_b,255,1000,2,IR
-0.0020158441999999993,0.23162648347283235,0.23163525524804934,3.731,9.58619186713245,26.971477794474158,-1.3973682525428237,STO20_b,255,1000,2,IR
-0.0027589864000000003,0.1300429549658589,0.13007221894858173,2.0616,7.941741967270894,16.513367475642216,-0.1267724939299848,STO20_b,255,1000,2,IR
-0.00175655355,0.056121261053742946,0.05614874373159547,0.35687,3.625904810501358,0.040617783399069296,-0.07708692244274228,STO20_b,256,1000,2,RE
-0.0011696879000000005,0.08876959302113176,0.08877729898414781,1.39781,7.921844976671104,14.941983909903069,0.10773299221904124,STO20_b,256,1000,2,RE
-0.00232511885,0.05600404672984544,0.05605229190483951,0.36657,3.540265585159183,0.013165407012428076,0.06651597293973528,STO20_b,256,1000,2,RE
-0.001728675,0.08376436179703466,0.08378219753933497,1.20078,8.560171743684402,11.481803034183963,0.5892579681743527,STO20_b,256,1000,2,RE
-0.0018483662500000002,0.05566159400111228,0.05569227508855063,0.35922,3.2658030168602568,0.04421943720642041,-0.005179590044806902,STO20_b,256,1000,2,RE
-0.0013051194,0.06614264549396341,0.06615552047704239,1.03687,8.431798223000513,11.098553856873774,0.29643137309176665,STO20_b,256,1000,2,RE
-0.002207840149999999,0.0624736519443249,0.06251265268238584,0.79281,6.711121381003413,3.5082631864832887,-0.03807006250630955,STO20_b,256,1000,2,RE
-0.0010649648500000003,0.05339247372659776,0.05340309355062839,0.34281,3.578257125101538,0.1275329789167623,-0.11589421865308952,STO20_b,256,1000,2,RE
-0.002099028749999999,0.09483682577857924,0.09486005189461957,1.1315600000000001,7.31171853848986,6.547109016799125,0.5125404699038175,STO20_b,256,1000,2,RE
-0.0020312801999999995,0.05502861674053235,0.05506609446499098,0.33297,3.081569551076166,-0.06937617708160504,-0.01018063828186545,STO20_b,256,1000,2,RE
-0.00407968485,0.07774467557017306,0.07785164357922562,0.98797,6.715465158650929,6.100741365319337,-0.19374649100560362,STO20_b,256,1000,2,RE
-0.0025498339,0.051342502540287084,0.05140578002537239,0.35812,3.653480209955038,0.18990915388765828,0.002822079863557404,STO20_b,256,1000,2,RE
-0.0027107096999999998,0.06317023769287393,0.06322837082553895,0.7301599999999999,5.96061538640455,3.818589259657835,0.03422443867157039,STO20_b,256,1000,2,RE
-0.0013034250499999996,0.05674453793714982,0.056759505834367535,0.41718999999999995,4.426571308305324,0.018265052975565244,-0.10397282739132552,STO20_b,256,1000,2,RE
-0.0014224776500000008,0.08945858854888136,0.08946989721589489,1.28359,8.377454577726297,11.143278347620267,0.5526732705761243,STO20_b,256,1000,2,RE
-0.0011083866499999996,0.05672559529842388,0.05673642289505453,0.43094,4.0372654515723125,0.3686261152600103,-0.09046481934697635,STO20_b,257,1000,2,RE
-0.00179143135,0.07774613106808168,0.07776676746745423,0.76703,5.43895565900968,2.7825455915322745,-0.21374363737486823,STO20_b,257,1000,2,RE
-0.0020908045499999995,0.05708046978035808,0.05711874905854182,0.36375,3.3045191484594216,-0.04725998372085094,-0.006592110931164219,STO20_b,257,1000,2,RE
-0.0028590490999999994,0.06713084865627318,0.06719170337971546,0.67594,5.292766548724844,2.465573342432748,-0.04738498927341672,STO20_b,257,1000,2,RE
-0.0012374342499999996,0.06132217221737664,0.061334656182134684,0.41532,3.650627784316489,0.009778824239598638,-0.04104635336948886,STO20_b,257,1000,2,RE
-0.0019079322499999992,0.08102471143499718,0.08104717187289852,1.12047,7.717357503613915,7.14661147666537,-0.24548980898045092,STO20_b,257,1000,2,RE
-0.0012876935499999999,0.062711502877336,0.06272472198274642,0.45406,3.7938789121370355,0.354904165002218,0.0013214089816981581,STO20_b,257,1000,2,RE
-0.002475934949999999,0.08969188922890262,0.0897260566799097,1.52,10.547772130187774,22.502642202503477,1.075429531889575,STO20_b,257,1000,2,RE
-0.00217358885,0.06916222501474203,0.06919637170747216,0.62422,4.642584460325249,1.6274614121097457,-0.01522396788144987,STO20_b,257,1000,2,RE
-0.0017482797500000002,0.05520484950974713,0.05523252566629637,0.44453,4.285880414562497,0.4293230495644953,0.0677325958421044,STO20_b,257,1000,2,RE
-0.0027800589,0.07277021099447425,0.0728232952815771,0.73875,6.453978746535808,2.228132705934068,0.2371340875023065,STO20_b,257,1000,2,RE
-0.0021086069999999998,0.06255170354122865,0.06258723383718284,0.4325,3.8071661805644257,0.05276292650767456,-0.06267857343136667,STO20_b,257,1000,2,RE
-0.0017430836499999999,0.07148498553937586,0.07150623398121084,0.68406,5.307649121889516,2.501405467759442,0.2037029017934813,STO20_b,257,1000,2,RE
-0.0019875125,0.055202620199454384,0.0552383877645145,0.34016,3.1992244370594407,-0.08312275461733343,0.025447152165877354,STO20_b,257,1000,2,RE
-0.0025551695999999997,0.0648906490578432,0.06494093644869105,0.83297,6.835595916463682,4.944049158297219,-0.11165286510897138,STO20_b,257,1000,2,RE
-0.0020684223999999996,0.06832653421166768,0.06835783531244254,0.60359,5.019468484215518,1.4427803058090047,0.07300377436585169,STO20_b,258,1000,2,RE
-0.0020119047499999997,0.05807045795921451,0.058105299657741825,0.47265999999999997,4.38858419975508,0.43412043984662585,0.061607402179030483,STO20_b,258,1000,2,RE
-0.00199691465,0.07727582369618737,0.0773016209147235,1.01813,6.706715769542856,9.132460077721047,0.16268382095165657,STO20_b,258,1000,2,RE
-0.0010700457500000002,0.05687287882413756,0.05688294422453999,0.40842999999999996,3.6587416990665282,0.32816384835498047,-0.0022881607695577322,STO20_b,258,1000,2,RE
-0.0014087302,0.07473504882351034,0.07474832468643605,1.135,8.447145841043534,10.927916079085863,0.35145576923697824,STO20_b,258,1000,2,RE
-0.00230812485,0.05589817702283827,0.055945809805558744,0.37062,3.4100855928810634,0.3754363164993295,0.15298250871168298,STO20_b,258,1000,2,RE
-0.0015511938999999996,0.0750888290362606,0.07510484970061634,1.23422,8.798100290913403,16.658935480198817,0.48718067861730485,STO20_b,258,1000,2,RE
-0.0018970540999999996,0.05515533171750523,0.055187946429690285,0.33797,3.1341988820034214,-0.04395098829975508,-0.051606420985159385,STO20_b,258,1000,2,RE
-0.00199185435,0.09326366618743492,0.09328493401655441,1.4817200000000001,8.348079014150372,15.840523252853192,0.3457318069261504,STO20_b,258,1000,2,RE
-0.0017460821500000002,0.053371765718154336,0.053400320024772345,0.39061999999999997,3.8447335129219624,0.22547708310656844,-0.05278337431729619,STO20_b,258,1000,2,RE
-0.0019298064499999996,0.06734170137852853,0.06736934686850818,0.78843,6.398904250050153,3.21522082031937,-0.1263506783640857,STO20_b,258,1000,2,RE
-0.0020012054,0.05959171424326977,0.05962530695522255,0.46438,3.94396292461187,0.6509290920409625,0.06917566155621067,STO20_b,258,1000,2,RE
-0.0020359564500000006,0.0693592958465542,0.06938917090581301,0.83687,6.2802306802529175,4.858508378998518,0.0387688740841194,STO20_b,258,1000,2,RE
-0.0026711451,0.05811789409041419,0.05817924569509178,0.34687999999999997,3.045587784493198,-0.068913478288545,-0.11020684560898666,STO20_b,258,1000,2,RE
-0.0024005634499999996,0.0699157670595343,0.06995696668953377,1.03125,7.506900668387169,7.903843101087489,-0.11830082803368852,STO20_b,258,1000,2,RE
-0.0026255820500000002,0.05834120612937562,0.0584002569663146,0.45516,4.395871068650891,0.903006459958271,-0.045322742727965194,STO20_b,259,1000,2,RE
-0.0026319714000000004,0.07508482992293568,0.07513094540871021,0.99656,7.651174850427966,6.157355517210801,0.1677212870379925,STO20_b,259,1000,2,RE
-0.0021207745499999997,0.06032318395354202,0.06036045234244685,0.37953,3.331485967983525,0.22674626388884045,0.1049683650702006,STO20_b,259,1000,2,RE
-0.002773409,0.06712542413702782,0.06718269392527483,0.60859,5.444556903402019,1.3243936673920418,-0.21966949434044097,STO20_b,259,1000,2,RE
-0.0011249422000000004,0.06133971115916625,0.06135002575421859,0.58484,5.603094632382658,2.551857788920585,-0.2266031834480286,STO20_b,259,1000,2,RE
-0.0028184315,0.0537593707695594,0.05383320073764099,0.34343,3.3726398860220566,0.1112935565133113,-0.03568270086018053,STO20_b,259,1000,2,RE
-0.0015652781499999996,0.07095160374426103,0.07096886760805404,0.89531,6.365044493801895,6.2909845610542305,-0.130627771354638,STO20_b,259,1000,2,RE
-0.0028004657500000007,0.056772218099777595,0.056841246963676276,0.43469,4.282805409873704,0.44069705494300493,-0.0540332320349144,STO20_b,259,1000,2,RE
-0.0014765887499999999,0.06730405869346373,0.06732025424008616,0.6174999999999999,4.641990787579653,1.3356966931626673,0.11100958986510305,STO20_b,259,1000,2,RE
-0.0023336189999999995,0.05551003390799891,0.05555906444590613,0.4014,4.010326707659631,0.489217094389959,0.07110279549159035,STO20_b,259,1000,2,RE
-0.00215063885,0.06556678811716195,0.06560204990291033,0.43875,3.64409344454638,0.17465447560284986,-0.07885019313506399,STO20_b,259,1000,2,RE
-0.00151173335,0.055435830564836454,0.05545643919451336,0.41672,3.7642157165520445,0.17022032369802398,-0.037616176345514535,STO20_b,259,1000,2,RE
-0.0016805055000000003,0.06544124759949335,0.06546282140355489,0.73109,6.076884427996825,3.3629231982548147,0.0341334185083661,STO20_b,259,1000,2,RE
-0.00203967855,0.05936766279439664,0.05940269079979894,0.49485,4.813586659966047,0.8321173082469344,-0.1385277393522848,STO20_b,259,1000,2,RE
-0.0025078289000000004,0.07454870865232104,0.0745908785812335,0.86375,6.793323924293966,5.288967953534604,0.4069712016730064,STO20_b,259,1000,2,RE
-0.0026212669,0.07800357255505266,0.07804760324002526,1.0034399999999999,7.34731082306858,7.621275482894143,0.3739690392373534,STO20_b,260,1000,2,RE
-0.0023265694500000005,0.067490750387609,0.06753083971999917,0.78203,6.325850556149508,4.292391687272356,0.25809782502689127,STO20_b,260,1000,2,RE
-0.0015907397000000003,0.061743362118627326,0.06176385041838875,0.52156,4.500529000653769,0.4473220352769429,-0.01877153830086467,STO20_b,260,1000,2,RE
-0.0018890806000000007,0.07728175836628783,0.0773048433262664,0.83985,5.564463770846833,4.306083550220813,-0.32186221775814006,STO20_b,260,1000,2,RE
-0.0010551105000000003,0.055381738857058375,0.05539178871456147,0.36047,3.5543174280675274,0.040044577332849496,-0.023141627976634046,STO20_b,260,1000,2,RE
-0.0018534128,0.0692708133790064,0.06929560393846305,0.75406,5.447676021919563,3.2754969339511497,0.1436969021061495,STO20_b,260,1000,2,RE
-0.0008157686,0.05827232986226073,0.05827803965461493,0.40984,3.5953508601487028,0.2459154918971742,-0.06927896124291998,STO20_b,260,1000,2,RE
-0.0017068671999999996,0.07801403894423663,0.07803270896253253,1.00469,7.054349481373364,4.948771348852122,-0.07085698478283932,STO20_b,260,1000,2,RE
-0.0026059242000000004,0.05896925506006464,0.05902680648040435,0.58829,5.474292431986343,0.8858377751708595,-0.10064689462239405,STO20_b,260,1000,2,RE
-0.0030827709500000004,0.07253729957040614,0.07260277753431343,0.7973399999999999,6.13351190027872,4.951568500790255,-0.34683784476843643,STO20_b,260,1000,2,RE
-0.0019812464500000002,0.06192908367275447,0.0619607677651162,0.4064,3.338725575257759,0.20124753483866176,-0.11526486003497778,STO20_b,260,1000,2,RE
-0.0024203233499999993,0.06981405775977495,0.06985599921269288,0.6159399999999999,5.055113433061252,1.4326981554360039,-0.2214112252076189,STO20_b,260,1000,2,RE
-0.0020423909,0.05564032299791669,0.05567779542960461,0.39031,3.659448051559589,0.1468842445222287,0.012270976027754222,STO20_b,260,1000,2,RE
-0.002510135,0.06754368917087017,0.06759031531609651,0.7134400000000001,5.404768394578005,3.0341095337216295,-0.27807698845649953,STO20_b,260,1000,2,RE
-0.0023767047,0.05217152963313538,0.0522256376647727,0.33828,3.350844677537393,0.14201379783939894,-0.005026511969393306,STO20_b,260,1000,2,RE
-0.0015623481500000001,0.024201791244197794,0.024252167556108,0.14531300000000003,3.0087619933840712,0.03964756788159107,-0.007561988728272233,STO20_b,261,500,1,OK
-0.0015656242,0.02273071730857353,0.022784571281854526,0.14687499999999998,3.497410550948666,-0.001147869245257116,0.00419939720522222,STO20_b,261,500,1,OK
-0.0012557844999999998,0.021348769958671736,0.021385672153540675,0.129688,3.061348716559314,-0.043678572042044284,-0.0763935939829865,STO20_b,261,500,1,OK
-0.0017612503,0.023667081224657698,0.02373252486175449,0.162187,3.752740195946259,0.19551172114931203,0.029788632671121924,STO20_b,261,500,1,OK
-0.0015337492500000001,0.023607703503865467,0.023657473480663514,0.14921800000000002,3.1768396596292887,0.005877854775214075,-0.06175454719623931,STO20_b,261,500,1,OK
-0.00139922745,0.024697708852720913,0.024737313112595766,0.144843,2.937101522275067,-0.24564169297243454,-0.020514286528368692,STO20_b,261,500,1,OK
-0.0014295297499999997,0.020700668118714367,0.02074996905702012,0.161718,4.224391841699844,0.28793433635713184,0.018416437251545566,STO20_b,261,500,1,OK
-0.0015829629500000001,0.02599031302860096,0.026038474283754366,0.1725,3.61845317714272,0.32615162581416657,0.019608606819183708,STO20_b,261,500,1,OK
-0.00117671115,0.022760322775140146,0.022790720523035192,0.145938,3.3388150200468543,0.3482410188246474,-0.03927051118332309,STO20_b,261,500,1,OK
-0.0016595261500000004,0.0271998378250143,0.02725041659772585,0.193753,3.7959052709906995,0.2400777240786618,-0.029364550416529026,STO20_b,261,500,1,OK
-0.0016920259500000003,0.021997116186716136,0.02206209582853276,0.14718799999999999,3.789032585557372,0.05587533697296143,0.08279547803378635,STO20_b,261,500,1,OK
-0.00152580445,0.02915879360185333,0.02919868701731505,0.197036,3.446387844094689,0.11251058196508312,0.008552157845159447,STO20_b,261,500,1,OK
-0.00149624985,0.023273702695992476,0.023321749522603838,0.165781,4.086828902249463,0.14568264615252335,-0.12819181458373735,STO20_b,261,500,1,OK
-0.0016314044,0.026543357615831792,0.026593444941155613,0.163906,3.1962763826981773,0.21106240644067942,-0.014958423689904325,STO20_b,261,500,1,OK
-0.0015862448500000004,0.022782821854458152,0.02283797592555276,0.141562,3.236101143153789,-0.13392935224462876,0.023965131200434257,STO20_b,261,500,1,OK
-0.0018652945000000002,0.024863173853469304,0.024933045093601582,0.165313,3.453007832649121,0.4758045514674687,-0.03170796904326682,STO20_b,262,500,1,OK
-0.00163234375,0.02055920062489039,0.020623900611975842,0.126407,3.348687588219691,0.21441021700452634,0.0011585051397245902,STO20_b,262,500,1,OK
-0.0015962465,0.0279247707928627,0.027970356213725272,0.180938,3.5249461696744198,-0.18490984585471093,-0.003776684958248646,STO20_b,262,500,1,OK
-0.0013640588499999997,0.025908478668881237,0.02594436207506628,0.175781,3.4448717506102593,0.2050267260301304,-0.07026289219012005,STO20_b,262,500,1,OK
-0.00147031095,0.02476006844896188,0.024803685288419693,0.15468700000000002,3.3513165093579573,0.11302552380707986,-0.05014661797020899,STO20_b,262,500,1,OK
-0.0016837529499999998,0.024559777240792186,0.02461742639095256,0.16484300000000002,3.8209518130038904,0.4197382390453308,-0.1298225033996279,STO20_b,262,500,1,OK
-0.0015203055499999998,0.0215855995184159,0.02163907196565503,0.142813,3.458743522771699,-0.21414435078672156,0.014464024170538353,STO20_b,262,500,1,OK
-0.001684701,0.02513357243302917,0.025189971828204274,0.160469,3.3123498735547443,-0.13949747136619095,-0.047966906742505956,STO20_b,262,500,1,OK
-0.00137952835,0.02475251430901907,0.024790927031610732,0.16062500000000002,3.8131288870103246,-0.13144692655233792,-0.0771751179063964,STO20_b,262,500,1,OK
-0.00176359055,0.024300546485056324,0.02436445794801174,0.137812,2.853788093638835,-0.3319264432005231,-0.01801281259385588,STO20_b,262,500,1,OK
-0.00113625745,0.02604240995217881,0.02606718621389778,0.189062,3.6983661837886026,0.4622001352788443,0.15120301962528135,STO20_b,262,500,1,OK
-0.0016328024999999996,0.02445449096938431,0.024508940666126414,0.152969,3.1557463479805326,-0.13169321664749534,0.06380025397928907,STO20_b,262,500,1,OK
-0.0015693595,0.02595636372717401,0.026003763327210834,0.18484099999999998,4.386288190857568,0.29249430381617136,-0.07664728653214983,STO20_b,262,500,1,OK
-0.0017456234500000003,0.023402895570195852,0.0234679083494606,0.146563,3.1892062507445518,-0.16226342753178447,-0.0663956659876054,STO20_b,262,500,1,OK
-0.0013541962,0.02443425944926837,0.024471756826641093,0.156094,3.556385453505896,0.2530238319108795,-0.050289207961392975,STO20_b,262,500,1,OK
-0.0015360863499999996,0.020540529096364488,0.020597885736969523,0.129688,3.261888179106147,-0.005267349829136236,0.028345180087651693,STO20_b,263,500,1,OK
-0.0012367136499999997,0.021362177724533405,0.021397946111406288,0.13281199999999999,3.285922846703489,-0.2446724842083965,-0.0009364930562421065,STO20_b,263,500,1,OK
-0.0016553021499999998,0.022633152911176735,0.02269360341392487,0.149688,3.649178074081689,0.1058329654859973,0.06248190262743656,STO20_b,263,500,1,OK
-0.00147218685,0.02719882894950129,0.027238642226541734,0.18703,3.8834534820141076,0.09970617731998788,0.03547781049443272,STO20_b,263,500,1,OK
-0.0015246945,0.022491068030888055,0.02254268915831394,0.156719,3.6528028853039842,0.18945553828796546,0.0836226365343678,STO20_b,263,500,1,OK
-0.0014879692000000003,0.02112894590969889,0.021181274928462876,0.143281,3.784285897365335,0.2617746949837616,-0.046827604880883104,STO20_b,263,500,1,OK
-0.0016876559499999998,0.02715971375071306,0.027212097192723723,0.15625,2.8766985302746773,-0.3842524134920038,0.08478775725903119,STO20_b,263,500,1,OK
-0.0012684361499999998,0.021713647116271845,0.021750664388855055,0.135625,3.376310658244941,-0.08397209027654728,-0.09019767797718227,STO20_b,263,500,1,OK
-0.0016168747000000004,0.027111052710440994,0.027159224268447177,0.15656199999999998,2.9570800405114746,-0.40171155698365757,-0.04941861374754876,STO20_b,263,500,1,OK
-0.0016179538999999998,0.020814166671414322,0.02087695641246444,0.134531,3.2856321891368436,-0.12665835280692095,0.049027830879748796,STO20_b,263,500,1,OK
-0.0016078169,0.028360779986564798,0.028406318251935785,0.27765,5.27488281554365,1.4131016220579884,0.15149390137153382,STO20_b,263,500,1,OK
-0.0012399959500000001,0.026821055368393153,0.026849703928170744,0.18375,3.497468733778986,0.7381840232481705,-0.10437185463967125,STO20_b,263,500,1,OK
-0.0015712675499999999,0.02675492227651754,0.026801021393524867,0.19343700000000003,3.707881074413419,0.46316404378041875,-0.01357984367090565,STO20_b,263,500,1,OK
-0.0016735985000000003,0.02290562778752894,0.02296668709849159,0.145156,3.1771669848191766,-0.07598013564630302,0.03367101121368582,STO20_b,263,500,1,OK
-0.00142671565,0.022030053137817723,0.022076203450798044,0.164375,4.06972150805904,0.47056190515819374,-0.063338199600796,STO20_b,263,500,1,OK
-0.0018082733,0.026284590829539597,0.026346718342211237,0.181563,3.6710074759118,-0.10775465205863144,-0.014842860102610983,STO20_b,264,500,1,OK
-0.0015576531999999996,0.02939164691746789,0.02943289302825276,0.177344,3.0312684490226056,0.00122253188560828,-0.015462934955522981,STO20_b,264,500,1,OK
-0.0015042171499999996,0.024073833493144348,0.024120782082884304,0.16093800000000003,3.4980209062073104,0.26502534261153654,-0.0383003716062336,STO20_b,264,500,1,OK
-0.0014971882,0.022391780828725432,0.022441778476491005,0.139531,3.202731908047885,0.025215793837257916,0.03308203443751699,STO20_b,264,500,1,OK
-0.001565642,0.02002896324376604,0.02009006230682959,0.14796900000000002,3.982068287205068,0.3329205650908884,-0.02046107854662019,STO20_b,264,500,1,OK
-0.0012817210999999998,0.021042064898741632,0.02108106506277707,0.143437,3.8022746840021764,-0.056135024815987755,0.004815281550758101,STO20_b,264,500,1,OK
-0.0018198403499999998,0.025686367956607437,0.025750753730749656,0.159218,3.404016865546256,0.050041384094639874,-0.06466910376081249,STO20_b,264,500,1,OK
-0.0015764108,0.023938865286409844,0.023990713666150805,0.14843800000000001,3.3606753480516987,-0.0017548170793144635,-0.05846151077727788,STO20_b,264,500,1,OK
-0.0016848477499999998,0.02209820535530923,0.022162341750503207,0.171562,3.962216673154866,0.36227272489224527,-0.0310894800725685,STO20_b,264,500,1,OK
-0.0012170349,0.022524455841293967,0.022557311118442728,0.145156,3.3802787752330303,-0.032535370478297576,0.025619922188492666,STO20_b,264,500,1,OK
-0.0018142217,0.023675821870515267,0.023745229870883965,0.134687,2.961099992812261,-0.33156329095700565,-0.0017388955402918697,STO20_b,264,500,1,OK
-0.0014763995999999998,0.023679848310841856,0.02372582921213419,0.15218700000000002,3.4245378432736087,0.05056226577677991,-0.17642398852781555,STO20_b,264,500,1,OK
-0.0013710935499999998,0.031945928727819616,0.03197533830635389,0.27047,4.7890032791168675,0.8173939023577401,-0.1061197500480521,STO20_b,264,500,1,OK
-0.0017173467999999996,0.027237986305247215,0.02729207170583254,0.173593,3.5151966854717545,0.11073143237265226,-0.04765910352113801,STO20_b,264,500,1,OK
-0.0013337576000000003,0.026006512920642152,0.02604069168872219,0.166406,3.360125800264163,-0.39041420754567513,0.013136927100416498,STO20_b,264,500,1,OK
-0.0017323396499999998,0.02196979531730827,0.022037987815301616,0.124844,2.9140137719565704,-0.16778978781859388,0.11735676096065689,STO20_b,265,500,1,OK
-0.0013806248,0.023380835366648044,0.02342156244319911,0.14,3.2888924548399374,-0.14019474295412904,-0.07255172550799657,STO20_b,265,500,1,OK
-0.0014767126499999996,0.023674209417809868,0.023720220736936398,0.15625,3.306756748593841,-0.07110479267328529,-0.11874265777011152,STO20_b,265,500,1,OK
-0.0017817110499999999,0.02139150754732612,0.021465579177208392,0.120468,2.9261730830301658,-0.20650052786461925,-0.08154863828790593,STO20_b,265,500,1,OK
-0.0014324956500000006,0.025547606055210118,0.025587735713413128,0.16625,3.3158072660381848,-0.062493988596247885,-0.022541102672707352,STO20_b,265,500,1,OK
-0.0016929602499999995,0.023399366984088104,0.02346053046425235,0.162969,3.8362303928777837,0.01817711738467409,0.06904004890890814,STO20_b,265,500,1,OK
-0.0016684332499999996,0.025104049292881854,0.02515943084430066,0.15265600000000001,3.1610810471897492,-0.052162569221689825,0.06509431685012809,STO20_b,265,500,1,OK
-0.00154532575,0.021752021002613284,0.02180684409472729,0.156406,3.8691981120001295,0.3840388350824582,-0.008493093449459132,STO20_b,265,500,1,OK
-0.0013723513499999999,0.025183197182704398,0.02522056241583081,0.155313,3.314517678936791,-0.149407177186077,-0.04026728262515856,STO20_b,265,500,1,OK
-0.0015768654999999997,0.02146297386606548,0.0215208213593371,0.141562,3.3470376802671784,0.21580835986750602,0.12537363911525826,STO20_b,265,500,1,OK
-0.00140109635,0.026884156191953636,0.026920641246733747,0.175,3.4708682881518182,-0.01263975669465589,0.15158370700702084,STO20_b,265,500,1,OK
-0.0016792209000000002,0.021340272727587813,0.02140623794408595,0.12734299999999998,2.9926790577276026,-0.11638476848208112,-0.05276185651470931,STO20_b,265,500,1,OK
-0.0015685935999999998,0.023746571879364693,0.023798322669965524,0.173593,4.0312504931734745,0.01493451888441566,-0.06572877436526692,STO20_b,265,500,1,OK
-0.0016318671,0.021795696837588207,0.021856701280571024,0.166406,4.003348852911348,0.414924696213963,0.06577713871683721,STO20_b,265,500,1,OK
-0.0015445245,0.021383507302144326,0.021439215015292886,0.129062,3.184864742076341,-0.13165242718038161,-0.010895318129503086,STO20_b,265,500,1,OK
-0.0014486257000000014,0.08646442524949305,0.08647655954155363,1.49485,11.605457077854158,26.67983383364882,-1.5934410333917246,STO20_b,266,500,1,OR
-0.002881702949999999,0.08740371694140524,0.08745120895142232,0.9273499999999999,6.509000925489688,5.398160118386565,-0.46913896030334074,STO20_b,266,500,1,OR
-0.0024927612000000005,0.10181162436161628,0.10184213623815579,1.43547,9.480064300126893,13.150442167952576,-1.3530055986892011,STO20_b,266,500,1,OR
-0.0011088705500000003,0.0668613040517704,0.06687049852812485,0.9985900000000001,7.949095815046644,13.473630070548957,-0.1987324022175876,STO20_b,266,500,1,OR
-0.0025829513,0.09817035904269868,0.09820433306117679,1.17641,7.3825663023276,9.598232829944669,-1.0813924409291538,STO20_b,266,500,1,OR
-0.001965002,0.05983085975236947,0.05986311895957067,0.6553100000000001,5.838820396846673,7.351697865855314,-0.6003186888314376,STO20_b,266,500,1,OR
-0.0019781724499999998,0.11144347533146465,0.11146103067977035,1.46906,8.772662463612656,10.791877679506761,-1.0787173328645068,STO20_b,266,500,1,OR
-0.0016516980499999999,0.05599392005522987,0.05601827549648282,0.75578,7.583953562202645,10.215139240264348,-0.4844834558791845,STO20_b,266,500,1,OR
-0.0004278466999999987,0.15600198232892876,0.1560025690280583,2.05268,8.313324633562555,14.358915711722894,-1.3284831178012835,STO20_b,266,500,1,OR
-0.0012765711499999998,0.06306829509194224,0.06308121336582959,0.78922,7.294723348635899,8.780923323312917,0.15372555300598534,STO20_b,266,500,1,OR
-0.00321065985,0.10419161064344579,0.10424106707602243,1.1284399999999999,6.625315908329366,7.931396650566832,-1.1204851890161105,STO20_b,266,500,1,OR
-0.0022926419000000005,0.07038449742157452,0.07042182675967207,1.04141,8.065255136568753,16.877472627062904,-0.8183033565562461,STO20_b,266,500,1,OR
-0.0006948229500000001,0.09534871503683458,0.09535124665208801,1.04891,5.79111463549919,7.741852415199157,-0.269461461693471,STO20_b,266,500,1,OR
-0.00285905145,0.0356518082818806,0.035766263558858334,0.36968,6.356269215146854,4.1148662026268665,-0.6303231785698068,STO20_b,266,500,1,OR
-0.002469232550000001,0.11733094086122485,0.11735692051500934,1.5,8.033697508954484,14.872693060177003,-1.4567355825983161,STO20_b,266,500,1,OR
-0.00198355985,0.11328112075045775,0.11329848555103604,1.7062300000000001,9.304625696211348,22.23951019762168,-1.7908194485201334,STO20_b,267,500,1,OR
-0.0010823370999999992,0.08084065245382258,0.0808478975778453,0.91141,6.402887589025618,11.116252455383878,-0.7797430783644709,STO20_b,267,500,1,OR
-0.0023460065999999996,0.06567277141721743,0.06571466086487349,1.05969,9.843769890712124,21.371082858781836,-1.6878545229493298,STO20_b,267,500,1,OR
-0.0020378289,0.10193360246253946,0.1019539702886391,0.99375,5.524846147779369,6.088869141616385,-0.4786377737106941,STO20_b,267,500,1,OR
-0.00302964865,0.11450316605999296,0.11454323990836286,1.65918,9.262004469654809,14.340158643055421,-1.3800660546119605,STO20_b,267,500,1,OR
-0.0007809053500000003,0.06388930390908985,0.06389407615071763,0.7464,6.16739490951344,6.188646795536426,-0.243871130304464,STO20_b,267,500,1,OR
0.000163421149999998,0.10798146191920126,0.10798158558143225,1.2189100000000002,6.112153256929846,8.893560031819707,-0.512612424191587,STO20_b,267,500,1,OR
-0.0009793651499999992,0.07215853792644979,0.07216518379232417,0.81609,5.939013489294084,9.508129488964475,-0.06032898822762037,STO20_b,267,500,1,OR
-0.0018357792000000003,0.09393937592886216,0.09395731177069318,0.99063,5.3980897328971995,7.4044327602743145,-0.45769626114788137,STO20_b,267,500,1,OR
-0.00312373105,0.05171558574585638,0.05180983984447122,0.6159399999999999,6.203647819889923,6.920399743980855,-0.3615795708581986,STO20_b,267,500,1,OR
-0.00226484755,0.1391763193233548,0.13919474629030065,1.59781,7.169595308709869,11.211000913382579,-1.2735419165961699,STO20_b,267,500,1,OR
-0.0017766858000000001,0.03743742570073259,0.037479560503423666,0.47531,7.487280966764966,7.009203242057472,-0.4108595993626534,STO20_b,267,500,1,OR
-0.00187467415,0.12804338123255016,0.12805710398346848,1.33688,6.0751803359572465,7.648078813229628,-0.6938010271430912,STO20_b,267,500,1,OR
-0.00085016515,0.038119854708927516,0.03812933390202375,0.47079,7.118141656956526,7.402315945870914,-0.6427979695649102,STO20_b,267,500,1,OR
-0.0004038748000000005,0.09655316924103129,0.09655401392661676,1.05125,6.228741566943921,7.290550148689087,-0.32662942851624105,STO20_b,267,500,1,OR
-0.00083880175,0.09382365815814678,0.09382740760861182,0.9824999999999999,5.81855572816542,7.285066194678089,-0.6302169917103729,STO20_b,268,500,1,OR
-0.0014381329999999999,0.0437772377750013,0.043800853573129024,0.49391,6.221339945922275,5.637350575262943,-0.2929384910234258,STO20_b,268,500,1,OR
-0.0018295148500000007,0.09753838364711977,0.09755554012499286,0.92765,5.482415445752617,6.051212813945003,-0.43679258524285686,STO20_b,268,500,1,OR
-0.0012837158499999972,0.09841510517962754,0.0984234771479889,1.6396899999999999,10.617385508832864,23.9907685753298,-1.6744203497780055,STO20_b,268,500,1,OR
-0.00420209665,0.09928241523244478,0.09937130164511045,1.2826499999999998,7.57099874455573,12.710027068224388,-0.9458959111475828,STO20_b,268,500,1,OR
-0.0035639477999999994,0.08609936563977452,0.08617309607698165,1.04984,7.314463895284911,12.863380205505495,-1.379416599885002,STO20_b,268,500,1,OR
-0.0015345219499999997,0.07172488054025158,0.07174129386990725,0.72812,5.555935480098629,6.958998866471081,-0.5388918135946182,STO20_b,268,500,1,OR
-0.0019011130499999992,0.10008130861580682,0.10009936345992039,1.185,6.829114355694262,11.415692358918681,-1.0969234376627093,STO20_b,268,500,1,OR
-0.0020487675,0.06432178496244705,0.06435440520294113,0.7240599999999999,5.999433897065292,8.086622573452289,-0.4269280722151551,STO20_b,268,500,1,OR
-0.003083623299999999,0.11000040553815421,0.11004361840295279,1.3351600000000001,7.856248390836284,10.708721832717666,-1.3406671654272206,STO20_b,268,500,1,OR
-0.0022328039499999995,0.056698406149968204,0.05674235343573517,0.6279699999999999,6.614283287087585,6.321694619785108,-0.651435907630128,STO20_b,268,500,1,OR
-0.003306271300000001,0.09970543163813025,0.09976023520448953,1.1461000000000001,6.066144478905217,10.521232372843498,-0.9575962475778911,STO20_b,268,500,1,OR
-0.0014048609999999999,0.07303823179612273,0.07305174151472006,0.85297,6.185752599873958,7.653326447709157,-0.3783464718315257,STO20_b,268,500,1,OR
-0.002869831949999999,0.09595754965183567,0.0960004545333289,0.95922,6.171845778024928,6.823839389754712,-0.9725907205205307,STO20_b,268,500,1,OR
-0.0022440796500000004,0.03828009421652686,0.03834581472210126,0.4511,5.916682215366619,5.826578477615735,0.005883803814104024,STO20_b,268,500,1,OR
-0.0022910339499999993,0.08795475600802344,0.08798458922442605,1.02501,5.931493283088683,8.910015081316846,-0.6598572958614065,STO20_b,269,500,1,OR
-0.0024468726000000003,0.03549626132903886,0.03558049681862312,0.27968,4.022428375004866,0.5655302004080474,-0.040248326178659956,STO20_b,269,500,1,OR
-0.002127542900000001,0.11890424427715886,0.11892327672038643,1.4564,8.140710773352245,8.982154755300527,-0.9679485993122617,STO20_b,269,500,1,OR
-0.001742749050000001,0.0961439030817955,0.09615969672400679,1.33938,9.008451872370932,16.694324002211104,-1.508840782527245,STO20_b,269,500,1,OR
-0.0011644966,0.09567072868658481,0.09567781550471109,0.93187,5.377735656753838,7.134803647494735,-0.5364684935763098,STO20_b,269,500,1,OR
-0.00010361370000000003,0.06313168472164003,0.06313176974860903,0.8761,7.665078959879181,8.783608910858883,-0.21126694084950967,STO20_b,269,500,1,OR
-0.002615465999999999,0.1101823831750912,0.11021342125412756,1.50844,8.63524595435202,12.155126558889341,-1.053494804805185,STO20_b,269,500,1,OR
-0.0005033844499999997,0.08531277594270403,0.08531426102917684,1.13922,7.232436787900915,15.29347257163069,-0.7276709039807169,STO20_b,269,500,1,OR
-0.0017577092000000008,0.06978272889847437,0.0698048622529243,0.77984,6.708415214735024,6.062401857101115,-0.7010587179052057,STO20_b,269,500,1,OR
-0.0026715137,0.13612379332584784,0.1361500058570231,1.90691,9.147998137495142,17.537634073038113,-1.5831790502985081,STO20_b,269,500,1,OR
-0.0021831284999999996,0.06688606085042027,0.0669216794927745,0.8178099999999999,6.866683614083763,10.565049071659839,-0.8199229517409052,STO20_b,269,500,1,OR
-0.0008026674000000011,0.12247203174651099,0.12247466201248902,1.27719,5.932329088002798,8.65155959764318,-0.680916389047768,STO20_b,269,500,1,OR
0.0002846526500000001,0.0639888521976648,0.0639894853292769,0.7839,6.841905318461598,8.234567740783756,0.12546121215171963,STO20_b,269,500,1,OR
-0.0022590555999999996,0.10679713452193909,0.10682102449565369,1.19062,6.876268070522825,9.77667733294433,-1.0518926649944438,STO20_b,269,500,1,OR
-0.0015829251499999998,0.0758271630417361,0.07584368336907518,1.08922,8.473480868177887,11.14564006470085,-0.7356217677757738,STO20_b,269,500,1,OR
-0.00254046695,0.09393596923689258,0.09397031599818355,1.26391,8.320499848219237,10.523023509746,-0.9353397369144315,STO20_b,270,500,1,OR
-0.0013367338500000002,0.03561482477300115,0.03563990180959135,0.2575,4.134130357237632,0.6120066394122277,0.0703211667429527,STO20_b,270,500,1,OR
-0.0012965461000000005,0.11571962134942225,0.11572688450417683,1.60578,7.778313603244985,11.47535330433721,-0.7707095764229085,STO20_b,270,500,1,OR
-0.00181868025,0.07869529744508252,0.0787163098590232,1.04062,8.170098435150154,15.920872782527635,-1.404406577533286,STO20_b,270,500,1,OR
-0.0022571955499999996,0.10978967783493927,0.10981287852911742,1.17969,6.535299043360465,6.86611070606682,-0.6613732510993645,STO20_b,270,500,1,OR
-0.0017615750000000003,0.08836928399953477,0.08838684008986322,1.37703,9.413505439883043,28.764418804260586,-2.1627218117523346,STO20_b,270,500,1,OR
-0.0017498058999999998,0.09461452820536173,0.09463070732172968,1.22531,6.761441588137385,11.499868641873796,-0.5622640987189493,STO20_b,270,500,1,OR
-0.0016752535999999998,0.12222531973051992,0.12223679993296674,1.7523399999999998,9.194448812602538,14.58240218224529,-1.4433783270288978,STO20_b,270,500,1,OR
-0.0013928113000000004,0.07721548458309264,0.07722804531204466,0.87688,6.217430443304424,8.042341095953637,-0.49355178055092447,STO20_b,270,500,1,OR
-0.0018403075499999991,0.08468489380181696,0.08470488752193465,1.1848400000000001,8.34697997582385,14.11617419314269,-1.2206258294957633,STO20_b,270,500,1,OR
-0.0006633137999999996,0.08127864487582089,0.08128135147773488,0.98875,6.860860330954978,9.505358737542803,-0.5465885917965411,STO20_b,270,500,1,OR
-0.004385536199999999,0.13448572752605492,0.1345572139871133,1.64987,7.528396062785725,9.67512531972718,-1.0970059680823523,STO20_b,270,500,1,OR
-0.0004356129999999998,0.045876315509764634,0.04587838361840181,0.59484,6.974962384499703,7.687148559974176,0.270031729501167,STO20_b,270,500,1,OR
-0.0014512033499999996,0.08630098850926116,0.0863131890781396,0.82593,5.6516275810222245,6.534978540605792,-0.7984342595354015,STO20_b,270,500,1,OR
-0.0026206080499999998,0.04055564568544443,0.04064022617450637,0.4575,5.778511147836948,4.549881597366012,-0.03332635415586643,STO20_b,270,500,1,OR
-0.0019509672499999997,0.07220153825920493,0.07222789212074521,1.385,12.562183020420651,49.09460684606628,2.455982056874217,STO20_b,271,500,1,IR
-0.00123435565,0.052330174808280165,0.0523447306740215,0.95891,9.46551818339759,30.392151770647153,0.2874148029431396,STO20_b,271,500,1,IR
-0.00199296265,0.03783033610094797,0.03788279595852163,0.54453,7.815948968608148,9.427908577491888,0.22911792689562152,STO20_b,271,500,1,IR
-0.0015551551499999995,0.058436363761171145,0.05845705361347327,1.10859,10.841292210696237,32.433362295243604,-1.5517809236956386,STO20_b,271,500,1,IR
-0.0021829561000000003,0.022264754705779106,0.022371513123681196,0.155625,3.541065799261621,0.101698484568296,-0.01799551161559237,STO20_b,271,500,1,IR
-0.0015750265999999995,0.06786431008336218,0.06788258459930234,1.48579,14.24341759682994,54.143060645259055,-2.640684382835249,STO20_b,271,500,1,IR
-0.0022825079499999997,0.028006574941807402,0.028099432067443777,0.22875,4.331760147601907,0.5709469428879039,-0.01703381299852838,STO20_b,271,500,1,IR
-0.0013597144999999997,0.05638688985957729,0.05640328156727772,1.13578,13.13646971260366,42.4520651370757,-2.1998180028015164,STO20_b,271,500,1,IR
-0.0019649898999999998,0.02534772433433025,0.025423774586719024,0.173282,3.509274348530709,0.07323481214663152,0.10707491762131155,STO20_b,271,500,1,IR
-0.0020399860999999993,0.07006376172192263,0.07009345368801959,1.10547,8.143128494431114,25.679742222071336,-1.1962167998105953,STO20_b,271,500,1,IR
-0.0020893746499999998,0.02447949195524633,0.02456849634827155,0.13859300000000002,3.0145108984339792,-0.3067889070777041,-0.038360488943639595,STO20_b,271,500,1,IR
-0.0020273422,0.09951889026001394,0.09953953804886077,1.9216000000000002,12.975748384184735,43.38175410079433,-2.0899541493343854,STO20_b,271,500,1,IR
-0.0019071979500000003,0.03156472645106074,0.03162229213625694,0.55203,9.847799731220272,15.915452925737924,-0.27137211606375594,STO20_b,271,500,1,IR
-0.00203676485,0.09299183100525467,0.09301413357530156,1.63239,11.22195047008603,33.285440696733225,-1.7964269351200641,STO20_b,271,500,1,IR
-0.0020634226000000003,0.03429347060591016,0.034355492123161545,0.47735,8.627732618045322,12.136793417704812,-0.5523936062814158,STO20_b,271,500,1,IR
-0.00217920375,0.0813968070571414,0.08142597330140744,1.07453,7.8521628182852625,18.78135476425744,-1.134728263432851,STO20_b,272,500,1,IR
-0.0019529736500000006,0.02558588973056513,0.02566031682154826,0.15625,3.422093367384297,-0.19596762442888238,0.01873647204827782,STO20_b,272,500,1,IR
-0.0015336343999999996,0.10049382551639605,0.10050552721812227,2.31127,15.454871418453916,72.22955032570482,-3.1776720435226276,STO20_b,272,500,1,IR
-0.0019148469,0.02385167787331743,0.02392841775009246,0.166563,3.7808183117185177,0.0830846835249539,-0.05874066857934466,STO20_b,272,500,1,IR
-0.0022460870000000003,0.073478562206774,0.07351288329800652,1.22078,10.072656203651851,29.37306870293245,-1.6923034248187412,STO20_b,272,500,1,IR
-0.0016740274,0.055264377258481115,0.055289725641421615,0.89656,9.057379001078434,18.237653138794798,-0.7393815273879413,STO20_b,272,500,1,IR
-0.0021157618,0.028038556336154874,0.02811826967311591,0.23187000000000002,4.617638336548889,1.5786183256912896,0.024275149490730025,STO20_b,272,500,1,IR
-0.0019857738,0.09260692706345319,0.09262821512757603,1.5340600000000002,9.88662038600986,20.709141944667557,-0.569820235539798,STO20_b,272,500,1,IR
-0.0023254794499999996,0.027076408431381278,0.02717608780187736,0.19922099999999998,4.174257929508286,0.6013570216506277,-0.2987256110051944,STO20_b,272,500,1,IR
-0.0017279768499999998,0.06703209884902718,0.06705436734545997,1.20578,9.756560622360343,28.54448709593644,-0.7143587231767388,STO20_b,272,500,1,IR
-0.00208138855,0.02332297907428833,0.023415668497733785,0.150625,3.289720300210742,-0.006694754599945618,-0.008579125506959244,STO20_b,272,500,1,IR
-0.00200811145,0.0733077913518624,0.07333529017112983,1.3571900000000001,10.284543747491934,34.395871260162515,0.9551660012408257,STO20_b,272,500,1,IR
-0.0016581251500000001,0.0300121775243311,0.030057947015141064,0.37156,7.095627651900665,5.482199185795983,-0.09596821957397667,STO20_b,272,500,1,IR
-0.0022267457,0.09266239982972592,0.09268915113764102,1.95005,11.746790068054025,42.83690633369083,-0.45188434953591683,STO20_b,272,500,1,IR
-0.0019968651500000003,0.03534376197175271,0.03540012684642807,0.46859,7.035568010263516,6.777732244144522,-0.0638904645625702,STO20_b,272,500,1,IR
-0.0022229534500000005,0.06225694136693855,0.06229661524037476,1.07079,10.0026301203624,19.33414566535382,-0.6276686091592056,STO20_b,273,500,1,IR
-0.00151031985,0.06663178955287632,0.06664890430508294,1.03781,8.983643560879015,22.05478542269201,-0.686225474210419,STO20_b,273,500,1,IR
-0.0023218674999999998,0.03105644373923814,0.03114311748068937,0.36358999999999997,7.00893223471757,3.7734737883464975,-0.33386361920921015,STO20_b,273,500,1,IR
-0.0014077731500000002,0.10285116059659623,0.10286079457844319,1.96985,12.21164978501191,38.309281512224466,-2.1480043003822002,STO20_b,273,500,1,IR
-0.0017595242,0.02562151397514039,0.025681859430124993,0.189996,3.9849139536973905,0.2843744472747072,-0.07361819230469349,STO20_b,273,500,1,IR
-0.0014842024499999995,0.05374248590852605,0.05376297655953126,0.81969,8.300321681517604,15.546093127127062,-0.20947396499869161,STO20_b,273,500,1,IR
-0.0022312553499999996,0.025509303680669802,0.025606699801214865,0.185626,3.923582530351427,0.43181439269362265,-0.08527107992750822,STO20_b,273,500,1,IR
-0.0021140365000000003,0.04339087636025173,0.04344234456879583,0.59328,6.992025937250642,11.636371575673536,-0.17612918548990084,STO20_b,273,500,1,IR
-0.0022242281500000002,0.02749526271328727,0.02758508043374058,0.31422,5.749122261250371,4.280737093044688,0.07094818596437341,STO20_b,273,500,1,IR
-0.0014940695499999997,0.06628887660184418,0.06630571170687155,1.16718,9.367066335789497,33.28385708387366,1.0756720622818543,STO20_b,273,500,1,IR
-0.0016628282000000002,0.03241392037867858,0.03245654374603109,0.45531,8.010711246227313,10.046242050408965,-0.22566198898666126,STO20_b,273,500,1,IR
-0.0018994952999999994,0.14967361095254067,0.14968566363539038,2.7273,11.26828020155974,40.42477064796315,-2.3392675264354605,STO20_b,273,500,1,IR
-0.0022404569,0.023857018107559615,0.023961989902868772,0.23094,4.890662272834437,1.7583093167677308,-0.08062403718831407,STO20_b,273,500,1,IR
-0.00223594295,0.07413086460712193,0.07416457731474708,1.1332900000000001,8.311380207616061,23.849838705525094,-1.18162293805655,STO20_b,273,500,1,IR
-0.00208766075,0.08188424766338644,0.08191085607418529,1.61219,11.592236310410755,34.32560297603267,-0.9548376518772738,STO20_b,273,500,1,IR
-0.0016962800499999997,0.045866115977674295,0.04589747227119918,0.79469,8.67760206153928,26.169285525057855,0.4681396396897409,STO20_b,274,500,1,IR
-0.00221390345,0.03590991768746304,0.03597809829335471,0.53312,8.429572834204441,11.631610947318979,0.3235754392127681,STO20_b,274,500,1,IR
-0.0017945535500000004,0.07680224691949751,0.07682320973720952,1.52922,10.098250289902284,40.734066520434695,0.359036647108795,STO20_b,274,500,1,IR
-0.0025084251499999997,0.023856850334944363,0.02398836185814045,0.165313,3.875587693306826,0.261552738317516,-0.01819285013863793,STO20_b,274,500,1,IR
-0.0016121937500000003,0.08915439839745506,0.08916897398927319,1.4661,9.239873053817064,29.03507222940206,-0.8114285575677869,STO20_b,274,500,1,IR
-0.0022685980499999995,0.02636418835594932,0.026461613041922398,0.169688,3.306676726825994,-0.09753378236273846,-0.05419803428854488,STO20_b,274,500,1,IR
-0.0015849730000000002,0.08411099865601876,0.08412593080806606,1.53953,9.997987444786235,32.13678523404604,-0.08748885330169665,STO20_b,274,500,1,IR
-0.0019328221,0.02580614584012317,0.025878426621260324,0.172968,3.5562826653608175,0.11333409751082701,-0.0003138683969520747,STO20_b,274,500,1,IR
-0.00170608885,0.08789899698512935,0.08791555272052763,1.62093,9.240003331177654,30.248075631191675,-0.7254390978680157,STO20_b,274,500,1,IR
-0.00223592915,0.025341460066316282,0.025439909147961248,0.32375,7.634461226665378,4.494259546237029,-0.11962689643066064,STO20_b,274,500,1,IR
-0.0016588794999999993,0.11130777252766852,0.11132013342727685,2.3044900000000004,13.158446319658102,49.00618551583959,-2.5878224096254905,STO20_b,274,500,1,IR
-0.0022306176000000005,0.023963454788178608,0.024067048432712103,0.157968,3.3110416602514854,0.4225374513899749,-0.06421337662207426,STO20_b,274,500,1,IR
-0.001872041,0.04018760797182639,0.040231186559718635,0.52234,7.860817118345806,7.446429761542554,-0.5667467002336416,STO20_b,274,500,1,IR
-0.0018439106,0.02630664885851945,0.026371192245824515,0.188124,3.8689945850345437,0.29326199958439503,0.11849611309781151,STO20_b,274,500,1,IR
-0.00206111165,0.07277999684140926,0.07280917608014327,1.55281,11.146397249526505,42.079163404980456,-0.43494172919731233,STO20_b,274,500,1,IR
-0.001867934650000001,0.06952548286683123,0.06955057115310205,1.21797,8.75938169736839,18.919837099065703,-0.05982468162368559,STO20_b,275,500,1,IR
-0.0019001566500000003,0.02904479314303337,0.029106882416640528,0.28484,5.534429888235099,2.607738914070504,-0.16631653688963932,STO20_b,275,500,1,IR
-0.0018346811,0.043347504125009526,0.04338631314834685,0.57782,7.00474361490151,13.36223350980875,0.22859644930635864,STO20_b,275,500,1,IR
-0.002020163,0.027785761071933694,0.027859102226977003,0.21204,3.999052054596273,0.5417451860035531,0.038658022665474835,STO20_b,275,500,1,IR
-0.0023656138500000004,0.06886602517236726,0.06890664374302694,1.16218,9.727799288843357,22.672819217796693,-0.982603866095735,STO20_b,275,500,1,IR
-0.0020118728,0.03535637280264387,0.03541356703190057,0.2764,4.257690276276808,0.7651906136896147,-0.02217284862295332,STO20_b,275,500,1,IR
-0.0017406401499999997,0.07408353066222968,0.07410397657017684,1.30312,10.323332638910966,35.410877712492216,-1.882815334603385,STO20_b,275,500,1,IR
-0.0018396509999999999,0.08909332304755348,0.08911231411795749,2.03638,12.266542630158492,56.27944742553157,-1.1085974260509046,STO20_b,275,500,1,IR
-0.0021940590499999997,0.026950090610323198,0.027039254409460287,0.30530999999999997,6.593377069510643,2.7100389551608064,0.1970452526499787,STO20_b,275,500,1,IR
-0.0013154714499999999,0.05947681739668887,0.059491363009892766,0.9985900000000001,10.187865420047846,21.740800839290575,-1.003303949943919,STO20_b,275,500,1,IR
-0.00230343825,0.027434315092702596,0.027530845834758736,0.275,5.176012420951061,2.0853422896318987,0.1867970303605902,STO20_b,275,500,1,IR
-0.001780454850000001,0.08326770196653471,0.0832867348997458,1.40766,8.72744022052206,26.811745653116223,-0.5958457512332236,STO20_b,275,500,1,IR
-0.00231294795,0.026136346409211315,0.026238489511435342,0.164375,3.3228665835356828,-0.19237772575830814,0.06089510867612628,STO20_b,275,500,1,IR
-0.001980488499999999,0.08295610812816272,0.0829797457845591,1.37266,9.821673859016032,25.408332873182733,-1.0383249888524413,STO20_b,275,500,1,IR
-0.0020515767999999997,0.030286933497535234,0.030356338844637044,0.49219,8.796515329686251,12.174062445201264,-0.05806944188371436,STO20_b,275,500,1,IR
-0.0018535973000000001,0.021690517929241288,0.021769574892250537,0.161875,4.1126664366730905,0.9620282953316148,-0.04218875176896858,STO20_b,276,500,1,RE
-0.0020932798000000002,0.028761474239248706,0.028837548799023383,0.37766,6.745718970628599,7.340928187649695,-0.05599347094224457,STO20_b,276,500,1,RE
-0.0020870331000000003,0.022421574425883866,0.022518496994603013,0.152032,3.455514816048751,0.20611251423038857,-0.047881649669369836,STO20_b,276,500,1,RE
-0.00209702605,0.023101215184080554,0.023196199284270094,0.170313,3.684612248436691,1.0153854651402394,0.03316702988748105,STO20_b,276,500,1,RE
-0.00182811905,0.01848509437393179,0.018575272091523654,0.110626,3.1123635613597003,-0.13467641728237245,0.08411365841245069,STO20_b,276,500,1,RE
-0.002448282950000001,0.04386538142095349,0.04393365198351934,0.485,6.2630805220385435,6.15407201006111,-0.11658100247401584,STO20_b,276,500,1,RE
-0.0015632780499999998,0.022692667655149334,0.02274645035095965,0.161406,3.88108907710409,0.2356147035992482,0.052219230684689456,STO20_b,276,500,1,RE
-0.00243265365,0.02092796864070804,0.02106887930591747,0.142343,3.42623824228398,0.12430553447431736,-0.10502834108648347,STO20_b,276,500,1,RE
-0.0013440668500000002,0.020139490119964895,0.020184290376167115,0.15609299999999998,4.2498893149737444,0.5621119782593769,0.035575716073611804,STO20_b,276,500,1,RE
-0.00228578465,0.03299446149195372,0.03307354381692704,0.42172,6.581090953083825,6.98937795681451,0.10377189890092187,STO20_b,276,500,1,RE
-0.00186060535,0.01918481395915175,0.01927482655993855,0.11890599999999998,3.291183959696405,-0.09643746688325505,-0.09399650560244774,STO20_b,276,500,1,RE
-0.00204421125,0.020597051319849548,0.020698244435389743,0.14375,3.570640989901343,0.24737200419033245,0.0006425572956706408,STO20_b,276,500,1,RE
-0.0016442256,0.018606350173993275,0.018678858225837976,0.130937,3.61371124422525,0.055274110529227816,0.018545477501060274,STO20_b,276,500,1,RE
-0.0024118491000000002,0.027320056229064194,0.027426310149934498,0.27469,5.070313842430317,2.9944697196867143,-0.026234204336218096,STO20_b,276,500,1,RE
-0.0017502998499999997,0.028329065576916713,0.028383084857466736,0.34891,6.2262435844252595,7.85127998029286,0.15869930601972027,STO20_b,276,500,1,RE
-0.0021323395,0.02092087440203157,0.021029261934001394,0.139531,3.388136027960099,0.030628005795492186,0.04209978009852356,STO20_b,277,500,1,RE
-0.0018070078,0.031792142528354224,0.03184345464506717,0.44359,7.443601915746225,8.101437190993414,0.05657563924047583,STO20_b,277,500,1,RE
-0.00195828295,0.02529939886275288,0.025375075466467535,0.217499,4.956832548782557,1.6216246051368453,-0.18563763667745495,STO20_b,277,500,1,RE
-0.0020418691500000002,0.019654763801750855,0.01976054072459399,0.141719,3.6294047313562863,0.03233401913907308,0.005332873199307804,STO20_b,277,500,1,RE
-0.0021054589,0.018010918315060336,0.018133563790147952,0.11875,3.282917836169825,-0.000395912577604296,-0.095704484111987,STO20_b,277,500,1,RE
-0.0019504545000000005,0.036854474822662305,0.03690605082111631,0.45655999999999997,6.2954446447319,7.370652760244308,0.062668927988851,STO20_b,277,500,1,RE
-0.0018070213999999997,0.02031392137552132,0.020394134646778226,0.144062,3.5932390007818547,-0.13972680725852182,0.010696594649398216,STO20_b,277,500,1,RE
-0.0021193728,0.023029299650451383,0.023126616342553443,0.143125,3.4524721998818917,0.029608474594816858,-0.09008963830802369,STO20_b,277,500,1,RE
-0.00200031345,0.01870761651464442,0.01881425442469745,0.121406,3.3883883230746283,0.09689904372526659,0.07869118946478813,STO20_b,277,500,1,RE
-0.0018793704500000002,0.03093605274289505,0.030993086206435098,0.30610000000000004,5.38442667143457,2.989929783742804,-0.16154840945656834,STO20_b,277,500,1,RE
-0.0018709444500000002,0.02011190731882612,0.020198743751432602,0.159218,4.285514043112734,0.6707858253164072,-0.1192991654968742,STO20_b,277,500,1,RE
-0.00203891015,0.021168833781822383,0.02126679755586622,0.143594,3.9527813145901747,0.0978163696315657,-0.09313589910874946,STO20_b,277,500,1,RE
-0.0020465643,0.021162098726180856,0.02126082895680834,0.158594,4.137609129856141,0.23368256439503998,0.036962944332160824,STO20_b,277,500,1,RE
-0.0021248566000000003,0.021142590008072483,0.021249097105995117,0.14125,3.411909674954857,0.10477637522243377,-0.04121299724967531,STO20_b,277,500,1,RE
-0.0018695186500000001,0.029570962982298016,0.02963000087214203,0.29609,5.5950048977509645,2.6372569469312213,0.1348794417018067,STO20_b,277,500,1,RE
-0.0018124856500000004,0.04038849822727674,0.04042914658122519,0.44125000000000003,5.499497733727875,5.7870839251331585,-0.024961437667843117,STO20_b,278,500,1,RE
-0.00198547445,0.021195808330359913,0.021288597877008188,0.139844,3.317503595493972,0.086272155215672,-0.022651741331459634,STO20_b,278,500,1,RE
-0.0021307747500000002,0.021184118401179924,0.021291009216813737,0.18875,4.454650272054773,1.1373362417594572,-0.05770758830514014,STO20_b,278,500,1,RE
-0.0017753018500000003,0.0201313279625714,0.02020945477233917,0.12343799999999999,3.115818843672425,-0.05533471048904204,0.0534277129938344,STO20_b,278,500,1,RE
-0.00213795135,0.02971076998823475,0.029787592874697975,0.39546000000000003,7.254362610264828,8.39747235662406,-0.0021231145553830357,STO20_b,278,500,1,RE
-0.00198859105,0.019495063288468888,0.019596223794025917,0.145781,4.066446721449124,0.5324231098286423,0.041112645300824896,STO20_b,278,500,1,RE
-0.0023575151999999998,0.02358989776440826,0.02370740716429076,0.156562,3.651263902464368,0.209776036984199,-0.11319673367518324,STO20_b,278,500,1,RE
-0.0019342135000000003,0.023539454622760227,0.023618787136526934,0.166406,3.5723680268709628,0.428745398569518,-0.021236437611538813,STO20_b,278,500,1,RE
-0.0022045378999999998,0.03726277699505471,0.037327932392991106,0.45405999999999996,6.730884458180599,8.057288796331953,-0.14777874450846135,STO20_b,278,500,1,RE
-0.0020473460000000002,0.023318501069517824,0.023408206205790736,0.182658,4.292084541494925,1.0428291991011456,-0.1298393174977364,STO20_b,278,500,1,RE
-0.00170232625,0.021511942394331303,0.021579193224920794,0.134687,3.135242327867349,0.052660493071567505,0.051624016460530796,STO20_b,278,500,1,RE
-0.0018771816500000001,0.01847941997062085,0.018574519466130947,0.122656,3.3395749544481212,-0.02327056079500478,0.06004710688806121,STO20_b,278,500,1,RE
-0.0022915634999999997,0.020523027910767766,0.02065056749585069,0.146406,4.305256987144002,0.256619100263781,-0.1608416276950495,STO20_b,278,500,1,RE
-0.00191047315,0.027496931764542414,0.0275632212217798,0.33391000000000004,7.125799935342879,6.188385547867156,-0.3465455465598044,STO20_b,278,500,1,RE
-0.0021948476,0.022030822793127115,0.022139885025207223,0.135624,3.2040365123502283,0.003868707142709482,-0.05450029250027425,STO20_b,278,500,1,RE
-0.00180499965,0.020754254609151167,0.020832597248494306,0.1275,3.0901091799608786,-0.08651901301246978,-0.0005381648439522414,STO20_b,279,500,1,RE
-0.0023621884,0.0214701107703236,0.021599666444810206,0.14890599999999998,3.689269934033937,0.18684640646549244,-0.01945444826101354,STO20_b,279,500,1,RE
-0.0018244009000000002,0.051044383177508756,0.05107697614988831,0.57297,5.610355616179651,8.870083813052563,-0.14287860050371967,STO20_b,279,500,1,RE
-0.0021239047499999994,0.021660002812132203,0.021763885066978447,0.140938,3.4317402325066215,0.15136747922660065,0.049979892690431564,STO20_b,279,500,1,RE
-0.0019789045000000003,0.019602795998288604,0.019702428123727286,0.14718799999999999,3.854245757077485,0.5590294201140353,0.119075218896715,STO20_b,279,500,1,RE
-0.00234749545,0.02171357622808405,0.021840103651324265,0.16375,3.9920598085034023,0.2398856015387123,-0.09756460331391567,STO20_b,279,500,1,RE
-0.0020757717000000004,0.027196533825722884,0.02727563528653751,0.33937,7.1034092502193555,4.137544929974984,0.21357030510208547,STO20_b,279,500,1,RE
-0.00216905425,0.020677861920218914,0.020791314771583892,0.142812,3.7575786263779603,0.48526190425376203,-0.07140123768952651,STO20_b,279,500,1,RE
-0.0020070278,0.02211592438422227,0.022206806883444768,0.146719,3.482896051014887,-0.006651651438031703,-0.002824295260083959,STO20_b,279,500,1,RE
-0.00213217705,0.019167092278490387,0.019285320982154082,0.147187,3.961873389128616,0.197874836798138,0.0032987467944107555,STO20_b,279,500,1,RE
-0.00203000425,0.021219438477886484,0.02131631972390702,0.141875,3.3498277810083508,0.37772872378166733,0.058270771513201085,STO20_b,279,500,1,RE
-0.0020706024,0.03738085652822537,0.03743816006540192,0.48297,6.852900878456825,8.332016264646931,-0.03840035299666787,STO20_b,279,500,1,RE
-0.0020271907500000004,0.02197763072474367,0.02207092554946626,0.15625,3.6104965250053622,0.028699240921863822,0.012062678740711543,STO20_b,279,500,1,RE
-0.0016621823499999998,0.020490803631690997,0.02055810992375448,0.145625,3.564578663689568,0.06663815238800463,-0.04848061375657009,STO20_b,279,500,1,RE
-0.0021390677499999997,0.02269764435705592,0.022798216381955904,0.171094,4.091592010409599,1.1337290303559664,0.10407842411137906,STO20_b,279,500,1,RE
-0.00232765295,0.021581757337227052,0.021706916363652334,0.152032,3.5343113095724625,0.19929713433676932,-0.030027601865381802,STO20_b,280,500,1,RE
-0.0022556289499999996,0.02022443144021654,0.020349827739813857,0.13874999999999998,3.4167856794170586,0.2564398990129275,-0.05682893230394306,STO20_b,280,500,1,RE
-0.0020182863499999992,0.035065531538844896,0.03512356732868008,0.3436,4.973583644431164,4.51755293261876,0.06297707013188683,STO20_b,280,500,1,RE
-0.00242468765,0.02264056808522679,0.02277003367195254,0.156094,3.6369291847823053,0.10577981433470285,-0.14572789199770442,STO20_b,280,500,1,RE
-0.00223749865,0.025024441742180596,0.02512427281965674,0.171562,3.5635260229284205,0.31321423801249715,0.010325692094053972,STO20_b,280,500,1,RE
-0.0017493682,0.018880247382543715,0.01896111891015981,0.137187,4.202652827481707,0.45655294261422874,0.14194893686717652,STO20_b,280,500,1,RE
-0.0020815539,0.0280562028464395,0.028133314500768745,0.36609,6.636971267459362,6.237018361415574,0.20613739721548047,STO20_b,280,500,1,RE
-0.0018426492999999997,0.018573932308659617,0.018665109639363495,0.115,3.2563966231313666,-0.18959985030231774,0.10257054427203945,STO20_b,280,500,1,RE
-0.00233685385,0.02271026837417719,0.02283018124201848,0.20202799999999999,4.482662617309639,1.8369676531379833,-0.02194300227495643,STO20_b,280,500,1,RE
-0.0019429683500000001,0.018622260157773296,0.01872334637272121,0.15046900000000002,4.055792083761111,0.3512852588802735,-0.04903206473767025,STO20_b,280,500,1,RE
-0.0017020207499999999,0.03212537392074039,0.03217042934405473,0.27719,4.478025408343612,2.0942722103566824,-0.19670005006574467,STO20_b,280,500,1,RE
-0.002144838,0.021817258351593607,0.02192243353340192,0.2314,5.509424846287007,2.0555462683481744,-0.05767558840011892,STO20_b,280,500,1,RE
-0.0021714054,0.02246260468251302,0.022567312878010202,0.14843800000000001,3.364955340961072,0.08608716609686962,-0.05184073354896624,STO20_b,280,500,1,RE
-0.0019518752500000001,0.018909566730598033,0.019010037636220042,0.142032,4.027503862176666,0.46259219690633824,-0.07660517716092083,STO20_b,280,500,1,RE
-0.00207968355,0.020244179323958698,0.020350721858664805,0.127656,3.4550125783407033,-0.061036862517126256,-0.028256421690698957,STO20_b,280,500,1,RE
-0.0013571896999999998,0.021224367560565,0.021267715961704726,0.145,3.57791124054022,0.27536832535680134,0.051167423777063535,STO20_b,281,500,2,OK
-0.0017074970499999997,0.02003651555509013,0.02010913975696443,0.133906,3.644163842196207,-0.06912098516206333,-0.01291625821883761,STO20_b,281,500,2,OK
-0.0015534325,0.024181362925438855,0.024231208501926706,0.165781,3.456286548536808,0.26423656810088225,-0.1140152115805447,STO20_b,281,500,2,OK
-0.0018753167999999998,0.02200475041054119,0.022084516153417874,0.146562,3.799313483579056,0.15129738717423757,-0.030638327218126624,STO20_b,281,500,2,OK
-0.0013771827999999999,0.020039200791709837,0.020086468102558,0.122813,3.3449384758410385,-0.02298532676213494,-0.07709512994553198,STO20_b,281,500,2,OK
-0.0017503095000000002,0.021276980942150598,0.021348852459990207,0.133907,3.1544552629331766,-0.1891498246104275,0.03894531484318939,STO20_b,281,500,2,OK
-0.0018018778999999998,0.019744009263115016,0.01982606026795238,0.138438,3.617410571273679,0.31082258694002896,0.04113340925262148,STO20_b,281,500,2,OK
-0.0017442284000000001,0.023643943344401508,0.02370819245713673,0.133125,3.025072456690425,-0.2879894154921585,-0.017155707085916266,STO20_b,281,500,2,OK
-0.00156000135,0.01917945513803392,0.0192427935498944,0.12234300000000001,3.7107917732865694,-0.050106482746547165,-0.13674037477587128,STO20_b,281,500,2,OK
-0.0019061009499999999,0.028397626914640185,0.028461525525078368,0.19406400000000001,3.705704387035297,0.46365219184471185,-0.02992469325778338,STO20_b,281,500,2,OK
-0.0016349948,0.024261929742604625,0.024316957927156716,0.17015599999999997,3.546907481534836,0.23137268964540114,0.0034026842477091336,STO20_b,281,500,2,OK
-0.0014681286,0.02354699879850067,0.023592722479670078,0.159532,3.589581493741382,0.055535377634938765,0.045633704161022186,STO20_b,281,500,2,OK
-0.0016598469,0.019552997947681207,0.019623323379934016,0.12468699999999999,3.606983314170813,-0.13081103940496908,-0.02128274087666575,STO20_b,281,500,2,OK
-0.0016726589000000001,0.020424486068075638,0.02049286263411642,0.133594,3.2862173139191415,0.22109428090152994,-0.05439777900166421,STO20_b,281,500,2,OK
-0.00156297095,0.023375039965017785,0.02342723567894263,0.167656,3.901698060013094,0.19772980995683698,-0.19238400129602765,STO20_b,281,500,2,OK
-0.0015513973499999998,0.020448314810290125,0.020507082003988708,0.148125,3.6420588743670548,0.31699925283287467,0.017734195013242075,STO20_b,282,500,2,OK
-0.0016871882499999997,0.020472510141900272,0.020541915093319502,0.129844,3.2935585456685392,-0.03475179415486851,0.12318277247258959,STO20_b,282,500,2,OK
-0.0019009201999999998,0.022997219103906497,0.023075649159229515,0.14796900000000002,3.3856035624788707,0.23234135119747634,-0.08306917206851326,STO20_b,282,500,2,OK
-0.00156797145,0.022868536932722592,0.02292222755125061,0.16093800000000003,3.8377160249070346,0.07827736144845332,0.06881621064754496,STO20_b,282,500,2,OK
-0.00148484405,0.023505802912459555,0.02355265446636987,0.14578200000000002,3.1711075329808267,-0.156736982887121,-0.027893875177133258,STO20_b,282,500,2,OK
-0.00183531305,0.023317040259420517,0.02338915860929883,0.16125,3.680936173812238,0.35748751774868337,-0.07251385585816968,STO20_b,282,500,2,OK
-0.0014543616000000001,0.020023148535893785,0.020075897114550573,0.13125,3.6346570010619184,-0.03983349582742868,-0.012150749034485129,STO20_b,282,500,2,OK
-0.0018454695499999997,0.020648582111995856,0.02073088760993635,0.150625,3.798679607054306,0.3229690270496741,0.07329193067549807,STO20_b,282,500,2,OK
-0.0013620276999999998,0.024620030029407006,0.024657676251108297,0.18140699999999998,3.694346501767601,0.22062166655560134,-0.026518688375072944,STO20_b,282,500,2,OK
-0.0017732738500000002,0.023941519496096287,0.024007100114946257,0.148281,3.1956795961473308,-0.3233312752951658,0.037030818153960775,STO20_b,282,500,2,OK
-0.0016190625999999999,0.024776006934043793,0.02482885183206233,0.168594,3.6248152193562158,0.45109632596214766,0.035843961747310166,STO20_b,282,500,2,OK
-0.00154562165,0.021387963421925865,0.021443738611132798,0.150312,3.657804332649271,0.15533944653645815,-0.1960940352155326,STO20_b,282,500,2,OK
-0.00196501635,0.02027389925353693,0.02036890473732774,0.122031,3.137429372080417,-0.05884694369277543,-0.020855109601523026,STO20_b,282,500,2,OK
-0.0014965780999999997,0.021846576876596947,0.021897777677985043,0.13,3.0896285913076027,0.0069245195504739065,0.11384613910089911,STO20_b,282,500,2,OK
-0.0015378045,0.018584556380458472,0.01864807171100165,0.11343700000000001,3.326402909712326,0.0097797315547683,-0.16676183032494513,STO20_b,282,500,2,OK
-0.00203594255,0.020174587202897536,0.02027705676064003,0.136875,3.8913931608242636,0.37576130704914856,-0.03300445248083748,STO20_b,283,500,2,OK
-0.0015040738500000002,0.019905642399347067,0.0199623855657819,0.129219,3.506594929214724,0.025291081218969946,0.03633309821722512,STO20_b,283,500,2,OK
-0.0016496921000000002,0.024981504163011432,0.025035914887843826,0.157969,3.2391067138263496,-0.05830175465790699,0.09865781232099043,STO20_b,283,500,2,OK
-0.0012964041000000002,0.024354591828866852,0.02438907146123454,0.15968700000000002,3.3314101411832615,-0.16099346334078968,-0.056138290008757495,STO20_b,283,500,2,OK
-0.0015114091000000003,0.02537992403998803,0.025424887447993254,0.156875,3.337045254322123,0.018170081550559214,-0.1310137923151583,STO20_b,283,500,2,OK
-0.0016848501500000002,0.02138975013354568,0.021456004539603186,0.128906,3.196960546563559,-0.24819088354809749,-0.08717014360429125,STO20_b,283,500,2,OK
-0.0017140635,0.023142196951158565,0.02320558754714573,0.15125,3.3195022467541335,-0.04673725315830035,-0.07971889544635753,STO20_b,283,500,2,OK
-0.0017643709,0.02341749534664923,0.023483868782274885,0.182655,4.451140524124244,0.2811160920278377,-0.024601219840508334,STO20_b,283,500,2,OK
-0.0015775079,0.023793418097155516,0.023845655283942398,0.147969,3.1648952021385894,-0.1855663689978373,-0.058652054972421826,STO20_b,283,500,2,OK
-0.0016548398,0.022315348607296188,0.022376623476941734,0.154688,3.7986070636434177,0.16888334904448143,-0.010505822563309722,STO20_b,283,500,2,OK
-0.00146921895,0.02024468673837307,0.020297929585499537,0.123437,3.325462319478177,-0.29431329474861023,-0.03350106915309033,STO20_b,283,500,2,OK
-0.0016490558499999998,0.020582954350588215,0.02064890784024224,0.15000000000000002,3.8515838520526318,0.48830468331944665,-0.04789671805070721,STO20_b,283,500,2,OK
-0.0015767229500000001,0.021291741790645517,0.021350042710509446,0.129687,3.2932955195161875,-0.03647336031786175,-0.06648187461807063,STO20_b,283,500,2,OK
-0.0016081249500000002,0.021048301593060186,0.021109643905268333,0.152188,4.293061522339689,0.48709752201219736,-0.11720292188837107,STO20_b,283,500,2,OK
-0.00152749925,0.019855057067765556,0.019913727554704004,0.132657,3.538714678425631,0.22736397064931246,-0.03223089380378492,STO20_b,283,500,2,OK
-0.00164640755,0.022356359207435374,0.0224169010978899,0.14796900000000002,3.617538376329517,0.321487325834104,-0.08441492837519061,STO20_b,284,500,2,OK
-0.00161937925,0.020211555005584355,0.02027632473845032,0.125781,3.2442269912583535,-0.10971009858189129,0.06136193575087953,STO20_b,284,500,2,OK
-0.0017928104,0.018838417309420843,0.018923533915583393,0.12343799999999999,3.649582594249329,0.27942831590918704,0.11292061315022,STO20_b,284,500,2,OK
-0.0016440537500000002,0.02049465111531588,0.020560487277090676,0.125937,3.1918017854140075,0.021821058725189246,-0.038532556690380464,STO20_b,284,500,2,OK
-0.0017314068999999999,0.026242103543277117,0.026299159078370642,0.155469,3.083520646357646,-0.07218132612200145,-0.0019270411894067702,STO20_b,284,500,2,OK
-0.0014445227499999998,0.021539914929051832,0.02158829731882664,0.15375,3.98799399176884,0.29447003523586224,-0.15733893915978098,STO20_b,284,500,2,OK
-0.00180297035,0.02209219816406911,0.02216564733553878,0.154063,3.8206869719621244,-0.005028868331755643,0.014907072487199597,STO20_b,284,500,2,OK
-0.0016123561,0.020938100071093313,0.021000088732677415,0.13953100000000002,3.5118899228859215,0.08537379565478709,0.0941494251333143,STO20_b,284,500,2,OK
-0.0015539127000000002,0.02393508277683626,0.02398547127352775,0.152031,3.2767336152674433,-0.22834257824910686,-0.10591296935659675,STO20_b,284,500,2,OK
-0.0018164012,0.019821929008915065,0.019904978848364296,0.135156,4.050494130850353,0.0618638045274027,-0.12238257997462683,STO20_b,284,500,2,OK
-0.00150639585,0.020330800129398873,0.020386531395959993,0.13749899999999998,3.632888722535551,0.12275867700341037,0.021756914107621213,STO20_b,284,500,2,OK
-0.0015820313,0.020911069067139784,0.02097082813254808,0.150156,4.172462787208405,0.19546450627372103,-0.005552378569681451,STO20_b,284,500,2,OK
-0.0018025043,0.019584590034153037,0.019667363538546926,0.130156,3.344678094299368,0.03787771492024028,0.1486414019208639,STO20_b,284,500,2,OK
-0.0017901563499999997,0.02323389550279854,0.023302758634814194,0.166406,4.083465030523788,0.3149281677563911,-0.0403733233177939,STO20_b,284,500,2,OK
-0.0014206211999999996,0.02154283268306168,0.021589622613753117,0.13093700000000003,3.0758295866504755,-0.18768808836132855,-0.05657610592055042,STO20_b,284,500,2,OK
-0.0015790696,0.020999311958459756,0.02105859832776994,0.131094,3.160846651043411,-0.051368150562093096,0.02706227440086715,STO20_b,285,500,2,OK
-0.0015499961,0.022389304527897353,0.022442892976462278,0.143125,3.4044630556378497,0.12562146448765166,-0.03534918199774381,STO20_b,285,500,2,OK
-0.0016318625999999998,0.020119224883262184,0.020185296268535546,0.13078099999999998,3.2434004995037813,0.23649033672375452,0.09019825909376829,STO20_b,285,500,2,OK
-0.0016531407999999996,0.021531231110102956,0.021594600890530252,0.127813,3.0389540576680965,-0.08826155148264636,0.10977938918050391,STO20_b,285,500,2,OK
-0.0017462484000000003,0.022643724469885967,0.02271095861787025,0.13531300000000002,2.9859153521877735,-0.23008697903605135,0.00804583285289392,STO20_b,285,500,2,OK
-0.00161858875,0.021350500365045568,0.021411765349439022,0.15812500000000002,3.9770658145303766,0.4243665324918058,-0.006408571926790314,STO20_b,285,500,2,OK
-0.0013600113,0.019013326574098554,0.019061904892991414,0.12234400000000001,3.3853384728472986,0.01568937173815277,-0.025557917716332677,STO20_b,285,500,2,OK
-0.00169421285,0.021165491491461696,0.021233190698909162,0.14625,3.510117770657472,0.1320422515367503,-0.06316623949113391,STO20_b,285,500,2,OK
-0.0016659232,0.019031517420967297,0.019104291545432403,0.1175,3.5577869945274436,-0.23564267173370101,-0.05376271095165443,STO20_b,285,500,2,OK
-0.0016403207000000003,0.02015662438522139,0.020223257863305557,0.144531,4.450321536140923,0.11986738089170634,-0.12735241816048365,STO20_b,285,500,2,OK
-0.00143608845,0.022136145182206163,0.02218267958484575,0.137812,3.3035233511672963,-0.09071772271537792,-0.08731160170064214,STO20_b,285,500,2,OK
-0.00166982865,0.024696018105442762,0.024752406710958786,0.19156,4.709037038745596,0.24417365898489685,-0.02596775793700597,STO20_b,285,500,2,OK
-0.0015854721499999997,0.02563575059564254,0.02568473146716571,0.141406,2.859169467817049,-0.05157083680992525,0.1751942081887016,STO20_b,285,500,2,OK
-0.0019789109,0.02360239652793337,0.02368521079095434,0.17171799999999998,4.076890041311271,0.32947463902203067,-0.14488900076893962,STO20_b,285,500,2,OK
-0.0017463935,0.021896579308631467,0.02196611198359942,0.156719,4.040314465585148,0.20348848622564208,-0.01625960499349326,STO20_b,285,500,2,OK
-0.002264316349999999,0.08606608393469369,0.0860958647809906,1.18188,9.079646298791793,12.433726875413974,-1.2706061285770003,STO20_b,286,500,2,OR
-0.0028686784500000007,0.1211065995415896,0.1211405702833549,1.66469,8.075576974020725,24.00881678465988,-1.666685510683941,STO20_b,286,500,2,OR
-0.00216682385,0.11571651212274005,0.11573679753409963,1.5386,8.252863569329197,12.055008847832948,-1.2875068546537614,STO20_b,286,500,2,OR
-0.0001666933500000004,0.0948207286760382,0.09482087519806906,1.21094,7.25546983786973,11.174247935613002,-0.8963466610150715,STO20_b,286,500,2,OR
0.0002556612500000013,0.07575440779240707,0.07575483920287243,0.88984,6.907545517965517,8.907971738582908,-0.8606996324542368,STO20_b,286,500,2,OR
-0.0030683132999999997,0.07315959112514642,0.07322390538687186,1.03969,9.156435954318916,18.805151198143214,-1.7565911758638753,STO20_b,286,500,2,OR
-0.002041657250000001,0.17602445723799856,0.17603629713856872,2.9086,10.095645210039036,22.42645265287083,-1.5089855678870825,STO20_b,286,500,2,OR
-0.0016059339499999998,0.07454934980751077,0.07456664522810696,0.88859,6.242335277067647,5.673830023917985,0.38347944947789286,STO20_b,286,500,2,OR
-0.001395839099999999,0.1412337394266447,0.1412406369258736,1.9891900000000002,9.314599740090792,14.38982986720939,-1.1097572064592076,STO20_b,286,500,2,OR
-0.001461764850000001,0.061564613842612845,0.061581965168925334,0.90187,8.65204607450331,10.960953435194172,-0.5138815395211185,STO20_b,286,500,2,OR
-0.00206383045,0.12037317756988991,0.12039086873346581,1.44594,6.555480563457514,8.583760404511667,-0.7355791070758418,STO20_b,286,500,2,OR
-0.0009122224500000001,0.13089695388905617,0.1309001324950895,1.80735,8.621840012593857,12.608945177616583,-0.6418960742971908,STO20_b,286,500,2,OR
-0.002880045,0.12232837637745216,0.12236227493122878,1.7261199999999999,8.535310418076026,17.07050204652046,-1.1582334058999018,STO20_b,286,500,2,OR
-0.0032841583999999994,0.08994738453085112,0.09000732014862506,1.00172,7.15041842082698,7.962753400893403,-0.7908945320463489,STO20_b,286,500,2,OR
-0.0020266421000000004,0.09459515123386944,0.09461685851453813,1.84449,10.98958490404997,40.274267753327536,-1.7427279332201722,STO20_b,286,500,2,OR
-0.0026098163,0.10760006695913518,0.10763171256990255,1.39922,7.31373664140809,11.731549010930483,-0.8321950721914889,STO20_b,287,500,2,OR
0.0005936534499999989,0.1452879567618334,0.14528916960478186,1.7589000000000001,7.494708676235433,9.60875515747547,-0.9606190426063125,STO20_b,287,500,2,OR
-0.002210639299999999,0.10583941024880622,0.10586249424574225,1.6431200000000001,8.6417763582667,15.113068943598815,-0.8669631826402303,STO20_b,287,500,2,OR
-0.00273580085,0.09916700199844232,0.09920473220391217,1.32422,8.0294556751859,11.201074066813705,-0.9081247203051831,STO20_b,287,500,2,OR
-0.0034076419500000004,0.0974124783956694,0.09747206251457984,1.31265,8.085598885138122,13.841778854791666,-1.0977864513342632,STO20_b,287,500,2,OR
-0.0015003636999999994,0.12307828040461016,0.1230874250221692,1.75577,9.719920615647919,14.458049282644833,-1.2001639045810633,STO20_b,287,500,2,OR
-0.0019836042,0.08203777671286992,0.08206175414657524,1.03938,7.014595361583838,11.208852023791616,-0.9589241014511082,STO20_b,287,500,2,OR
-0.0018551658499999996,0.13740384560322993,0.13741636884624503,1.44171,5.889909672301143,7.0358329955821794,-0.7489005354610925,STO20_b,287,500,2,OR
-0.0010278531000000007,0.08359323753729656,0.08359955648185022,1.04672,7.092980213701685,10.67860156916781,-0.7856847185601006,STO20_b,287,500,2,OR
-0.00016749849999999876,0.11015683538671307,0.11015696273119961,1.71769,9.818716612941433,30.226634500007044,-2.2249185174413553,STO20_b,287,500,2,OR
-0.0012219852500000006,0.12769472988048008,0.12770057669094523,2.11763,10.47841783235173,22.30762520244829,-1.6229497942382065,STO20_b,287,500,2,OR
-0.0030362032000000017,0.12959792784381532,0.12963348884945766,1.7657599999999998,8.37437925674205,13.450588582994424,-1.353732347982992,STO20_b,287,500,2,OR
-0.0015493513499999995,0.08470379508697719,0.08471796380781568,0.86219,6.143561254383971,7.198115816853152,-0.6496696196282606,STO20_b,287,500,2,OR
-0.00253634015,0.12906857852553322,0.12909349706301332,1.90754,9.288616601769595,14.719115883639624,-1.237303621355095,STO20_b,287,500,2,OR
-0.0008826070500000002,0.10884996857442816,0.10885354681340753,1.51281,8.415802946415015,10.834524252808553,-0.5404298867345848,STO20_b,287,500,2,OR
-0.0022825058,0.09190300128121928,0.09193134110423291,1.2336,7.860866504499689,14.562766394034966,-1.2225468508714994,STO20_b,288,500,2,OR
-0.00044566925000000035,0.13045388370064456,0.13045464496774997,1.4874999999999998,7.098942319983632,10.266676772911202,-0.9088565275746121,STO20_b,288,500,2,OR
0.00011642820000000026,0.10624142423184647,0.10624148802768592,1.3115700000000001,6.837347758257129,10.151683853611397,-0.30656781614654277,STO20_b,288,500,2,OR
-0.0028856009,0.10539717695683046,0.10543667105435146,1.14516,6.544212683311221,6.497298555791401,-0.8523064294809517,STO20_b,288,500,2,OR
-0.0032431668500000005,0.10630499063044808,0.10635445060812732,1.25047,6.749223900792233,10.348664981165236,-1.1035656436494325,STO20_b,288,500,2,OR
-0.0015345237999999993,0.07298140877536582,0.07299753961696114,0.80703,5.933350661853864,6.793819008503041,-0.3461434874219856,STO20_b,288,500,2,OR
-0.00021815014999999996,0.09630641304711687,0.09630666012010711,1.25078,7.67247040940348,9.393008678682113,-0.6072574883791193,STO20_b,288,500,2,OR
-0.0020904833,0.1247030045163395,0.12472052539910891,1.40672,7.118395285451092,9.130557851930622,-1.0281720514393664,STO20_b,288,500,2,OR
-0.002746071100000001,0.0847814687441133,0.08482592969661644,0.80469,5.304981644285471,5.623702227624674,-0.6852097465129706,STO20_b,288,500,2,OR
-0.0020138563,0.10436315412088067,0.10438258262399785,1.56268,9.95759995462154,21.329056347528017,-1.6792561787932334,STO20_b,288,500,2,OR
-0.001457506599999999,0.0887878989250938,0.08879986104168021,0.9998400000000001,6.672307738430996,8.699903104998386,-0.6381182351943555,STO20_b,288,500,2,OR
-0.0021159129999999996,0.11101129186380722,0.11103145504358196,1.51844,8.242348977961086,10.767425496846625,-0.8086406953585589,STO20_b,288,500,2,OR
-0.0010903280499999987,0.1148109693205863,0.11481614647596056,1.6673299999999998,9.104120213778973,12.248565819557022,-0.9090709455027728,STO20_b,288,500,2,OR
-0.0019145293,0.10766327670667183,0.1076802979827691,1.4654699999999998,7.854547357728718,10.709477803429609,-0.6887046238710318,STO20_b,288,500,2,OR
-0.0030659712,0.11872473149788611,0.11876431302644906,1.8357899999999998,9.933118543255315,16.66261851210925,-1.101076709455534,STO20_b,288,500,2,OR
-0.003368242349999999,0.11549063881849894,0.1155397451582498,1.32969,7.1011927443343215,9.96297875233441,-0.9297924659418543,STO20_b,289,500,2,OR
-0.0008408977500000001,0.09568531968522771,0.09568901458521863,1.2990599999999999,8.495959578264712,8.862016070928727,-0.502951050143004,STO20_b,289,500,2,OR
-0.0029622063000000007,0.13260234642960117,0.1326354286938438,1.89871,9.743248939790861,15.214418319810598,-1.4288371673992084,STO20_b,289,500,2,OR
-0.0030129379999999993,0.11363164104918717,0.1136715779908204,1.69169,10.012177363209542,16.690847029586184,-1.4612199042618608,STO20_b,289,500,2,OR
-0.0030679420999999998,0.059164407860810106,0.059243897797572706,0.78296,8.057201125270275,14.801922519979303,-1.0665949257265441,STO20_b,289,500,2,OR
-0.0019927123500000006,0.13644180799084019,0.13645635884897098,1.86003,8.321341779731673,16.091120819291664,-1.3545011112585752,STO20_b,289,500,2,OR
-0.0024400088000000003,0.10023400717933924,0.10026370149845808,1.38422,8.532200459536755,13.665020624576464,-1.0821620133364447,STO20_b,289,500,2,OR
-0.002449063400000001,0.0798173999049691,0.0798549637726233,0.8892200000000001,6.5489980245822865,8.202847227427087,-0.9263072079120124,STO20_b,289,500,2,OR
-0.0024272005500000004,0.10710550237480734,0.10713300117830071,1.17031,6.649118312427909,7.734212137738764,-0.6805990662605657,STO20_b,289,500,2,OR
-0.0025656687000000012,0.1381437429278636,0.1381675662592268,2.10296,9.374848490634827,17.600405540402676,-1.4693239583012494,STO20_b,289,500,2,OR
-0.003034485850000001,0.1133635912252781,0.11340419709986839,2.19526,13.898956478761837,46.717426446480005,-2.9210441475811053,STO20_b,289,500,2,OR
-0.0014961092500000003,0.10594246027897908,0.10595302370791972,1.2498399999999998,6.701082943675625,9.61352288116436,-0.6480721794336941,STO20_b,289,500,2,OR
-0.0019402731000000002,0.11290752042362832,0.11292419062324348,1.52688,7.473243734069287,13.288408025248685,-1.0315883665480663,STO20_b,289,500,2,OR
-0.003929971949999998,0.1542646344934886,0.15431468541567073,1.73307,6.844455517340817,10.960238245573139,-1.1881163820799305,STO20_b,289,500,2,OR
-0.0008440531,0.06769448067624562,0.06769974253763607,0.71375,5.375352791004971,4.95154979769604,-0.06207992781177824,STO20_b,289,500,2,OR
-0.0017871878999999999,0.0878892266561506,0.08790739560927807,1.3271899999999999,9.217768247868293,23.311604960627886,-1.5983436033434375,STO20_b,290,500,2,OR
-0.002589781,0.08616931903177114,0.08620822761214335,1.13687,7.813523356848572,7.959363817448521,-0.6274638647430798,STO20_b,290,500,2,OR
-0.00261048465,0.1621862586606374,0.16220726595452828,2.1863900000000003,8.833143149097022,12.49256352807728,-1.2237257163348954,STO20_b,290,500,2,OR
-0.0022465053499999997,0.0984792629148077,0.0985048831811469,1.57497,10.273602356737673,18.58414047627134,-1.5516030626061563,STO20_b,290,500,2,OR
-0.00152251115,0.0935461889949347,0.09355857799089251,1.3599999999999999,8.46731552586355,14.79479152396987,-0.835648284385023,STO20_b,290,500,2,OR
-0.0022371684,0.07974126774223825,0.07977264382975711,0.99641,7.0101725748670445,8.962493256374541,-0.9477701346516109,STO20_b,290,500,2,OR
-0.0005204731499999999,0.10934707206987061,0.10934831074394039,1.45954,7.797651323545945,14.286178554339106,-0.9940823348601113,STO20_b,290,500,2,OR
-0.0007946594,0.11168728714641614,0.11169011412693614,1.28359,7.386508702662664,6.758834652946762,-0.7240445954395286,STO20_b,290,500,2,OR
-0.0010955422500000002,0.12178961770342427,0.12179454500579148,1.30954,5.769223900516954,9.493207104269459,-0.6318252995074948,STO20_b,290,500,2,OR
-0.003222737950000001,0.12147691779443506,0.12151965930140812,1.87578,10.483077448730459,18.325768223803585,-1.6825778787277994,STO20_b,290,500,2,OR
-0.0031761174000000006,0.09941645249339945,0.0994671742240169,1.27297,8.305151990540171,8.984623563763895,-0.9565508138166994,STO20_b,290,500,2,OR
-0.001306889099999999,0.13695624969682565,0.13696248497358302,1.29125,5.509026797706919,5.899640980997884,-0.5350714503824465,STO20_b,290,500,2,OR
-0.0024379239000000006,0.07828290652748332,0.07832085882657876,0.98156,6.761034134884896,8.230830349846599,-0.24011827904957075,STO20_b,290,500,2,OR
-0.002207326850000001,0.14710683369042724,0.14712339314414194,2.1937699999999998,9.783624271021056,16.57466436426665,-1.4301972656310133,STO20_b,290,500,2,OR
-0.0021816215000000005,0.09664994389734384,0.09667456298183599,1.45391,8.436862550423395,17.059116376026545,-1.0995421800269127,STO20_b,290,500,2,OR
-0.0021081333,0.03334593976830726,0.03341251150455687,0.38047,7.281104862973888,5.65954696812322,0.5625652705173549,STO20_b,291,500,2,IR
-0.0023873778,0.05438454108415058,0.054436916533668535,0.84578,9.391604678486857,19.8915931687282,-1.144639752401884,STO20_b,291,500,2,IR
-0.001620772,0.0252868357898012,0.025338724635157843,0.20922,4.162403653641623,0.4124736846210846,0.07263906504476043,STO20_b,291,500,2,IR
-0.00183405915,0.05080395736056812,0.05083705200402677,1.03766,10.52382030251524,28.41628160596953,-0.2300761491927086,STO20_b,291,500,2,IR
-0.0017743587,0.02364639834947617,0.023712876326974233,0.173906,3.716335327054133,0.7913436340197242,0.04283384877945943,STO20_b,291,500,2,IR
-0.0023667422,0.044073303127611894,0.044136804565120306,0.63969,9.165366727062185,16.45162841478636,-1.253943525515776,STO20_b,291,500,2,IR
-0.0018120286,0.028855882410512367,0.0289127203378813,0.47297,10.246355117676519,12.370790612879322,-0.8677984390947553,STO20_b,291,500,2,IR
-0.0019087449499999997,0.06441268021332304,0.06444095498631261,1.0775,9.184842157067916,23.02650077741082,-0.10484997463872693,STO20_b,291,500,2,IR
-0.0022907824,0.03244509132720588,0.03252586102219094,0.3739,6.172934203433286,5.478629069304251,-0.20987898425143603,STO20_b,291,500,2,IR
-0.0019796853,0.043817643276061455,0.0438623416629255,0.7711,9.41878578154428,23.718654068239527,0.27098237191438684,STO20_b,291,500,2,IR
-0.0019209098999999998,0.028990088032756423,0.02905365896046288,0.39281,8.862911220594073,7.812553389238502,-0.6144305409184698,STO20_b,291,500,2,IR
-0.0012874878,0.06061983849984649,0.06063350925505318,1.0428199999999999,10.289854696938944,21.535327521615486,-0.8912145020876168,STO20_b,291,500,2,IR
-0.00183359335,0.0440374995073356,0.044075655723219226,0.80219,10.085612856028819,27.49110121289421,-0.6948229915812778,STO20_b,291,500,2,IR
-0.0022465454500000003,0.04427128176579702,0.044328245573736706,0.70187,8.336219834942817,16.051026886542733,0.055006072720186615,STO20_b,291,500,2,IR
-0.0017186446499999999,0.10838627091059372,0.10839989603933017,2.34767,12.8994588656493,43.783910912874134,-1.59015695022506,STO20_b,291,500,2,IR
-0.00187533545,0.06327664199076272,0.06330442563263,1.39562,12.365802109047236,64.28880026274174,-2.233641608058701,STO20_b,292,500,2,IR
-0.0018225043500000005,0.0391992694601514,0.03924161373230372,0.54547,7.640868238636464,10.300574175716445,-0.33731913039825717,STO20_b,292,500,2,IR
-0.00189672735,0.027115782637436994,0.027182038972103757,0.28297,5.581626902812788,2.973358767944652,-0.07726677218346258,STO20_b,292,500,2,IR
-0.0019149779,0.07561521332794582,0.07563945813521039,1.6754600000000002,14.844104223921368,67.20017840749303,-3.163511170279213,STO20_b,292,500,2,IR
-0.00217375395,0.02373140197879156,0.023830750011573965,0.159531,3.5865006329423106,-0.18051620649901912,0.08276786359651296,STO20_b,292,500,2,IR
-0.0023095287999999998,0.07225374658780052,0.07229064821435843,1.36016,11.04914701596702,30.64561242141128,-1.0240517370117046,STO20_b,292,500,2,IR
-0.00172264165,0.024899648360748042,0.024959166307054758,0.176719,4.1067076816194845,0.27219169344434224,0.14698346576517954,STO20_b,292,500,2,IR
-0.00231845795,0.057544908850722706,0.05759159471575606,0.7978099999999999,7.45282366495354,13.344337453329207,-0.8010223197003902,STO20_b,292,500,2,IR
-0.00207858825,0.026174827424686097,0.02625722985817692,0.167499,3.320494982559959,0.05760878413598158,-0.026048328415841458,STO20_b,292,500,2,IR
-0.0020079616500000004,0.06718791984683307,0.06721791787412296,0.9453099999999999,7.9405910935762405,13.317322656563757,-0.5688780978908341,STO20_b,292,500,2,IR
-0.00214343425,0.023117878973563717,0.02321703337251365,0.15218700000000002,3.3717055380846324,0.2823156348294398,0.08446804502745874,STO20_b,292,500,2,IR
-0.00249875005,0.06181061967312909,0.06186110616686859,0.90187,9.413669364869653,19.506673608502503,-1.0770043249578556,STO20_b,292,500,2,IR
-0.00211905185,0.025430513355420178,0.025518647892535225,0.23516,5.143297581937857,1.1158404950953047,0.07845087405866487,STO20_b,292,500,2,IR
-0.002356390900000001,0.0824799589652316,0.08251361226476447,1.43234,11.314375584532105,39.7368942339005,-2.406504149700072,STO20_b,292,500,2,IR
-0.00187156,0.026538265993036072,0.026604178219797263,0.205314,4.105370182745389,0.5913574960373547,0.009648566229337019,STO20_b,292,500,2,IR
-0.0019195225,0.033114722017122435,0.03317030872481141,0.5125,9.397561011147095,12.555976244468107,-0.4620214100701305,STO20_b,293,500,2,IR
-0.0027365862999999997,0.06193146040409052,0.06199189215018994,0.97563,8.443684840782783,23.094583560479766,-0.6174273052274893,STO20_b,293,500,2,IR
-0.0014663782999999996,0.03753552550661878,0.0375641576556262,0.48358999999999996,8.140206491604946,13.526475935281333,-1.0145031532973592,STO20_b,293,500,2,IR
-0.0018606494499999995,0.0678109708854148,0.06783649304613526,1.2067199999999998,9.572723630603367,29.810412056656773,0.314959771433239,STO20_b,293,500,2,IR
-0.00163130365,0.08490607838283348,0.0849217480858135,1.4745300000000001,9.551028073284511,25.710469039006586,-0.7141706748654103,STO20_b,293,500,2,IR
-0.0022171916999999997,0.024350597417842977,0.02445132989512861,0.181563,3.827767258526357,0.34064660215339204,0.010603645644818685,STO20_b,293,500,2,IR
-0.00133762905,0.07852905948005914,0.07854045094279809,1.375,9.626759089410744,24.884817438156087,-0.9994303090828986,STO20_b,293,500,2,IR
-0.0025100064,0.027492690282897088,0.027607030827659553,0.186249,3.695797662448215,0.17350286372313084,0.0364284864708558,STO20_b,293,500,2,IR
-0.0006409178000000001,0.04592398527600014,0.04592845740123039,0.62297,6.940141647157976,7.286834351335532,0.4952741725649803,STO20_b,293,500,2,IR
-0.0019854639999999997,0.031732478242615623,0.03179453164796378,0.23468,3.7692016138779927,0.17206375430469434,-0.09037898793005754,STO20_b,293,500,2,IR
-0.00191436195,0.045244761793146446,0.045285243196809405,0.55391,7.197488121758928,8.400514554032359,-0.2518849728811423,STO20_b,293,500,2,IR
-0.0019049905500000003,0.025825595379520744,0.025895759608521092,0.198751,3.8797857841922503,0.7955496299143849,0.053992494022469036,STO20_b,293,500,2,IR
-0.0022683679,0.10694130194445847,0.10696535679604675,1.86558,9.650788170307417,26.90764175971868,-0.7073000338175492,STO20_b,293,500,2,IR
-0.0021006456999999997,0.032325860495500756,0.03239404218574003,0.41828,7.129088697108031,8.262820932562489,-0.4433120144862312,STO20_b,293,500,2,IR
-0.002452157649999999,0.07440749865500752,0.07444789408193758,1.2429700000000001,9.089847447601404,29.412880148879907,-1.0504220012375898,STO20_b,293,500,2,IR
-0.00209998415,0.06300824991503384,0.06304323509136894,1.0237500000000002,9.544560952938465,25.5495829506286,-0.8253461560359967,STO20_b,294,500,2,IR
-0.0017742165,0.027656422536960247,0.027713273926617817,0.29390000000000005,5.722528504569025,2.707504866750499,-0.11665023997669109,STO20_b,294,500,2,IR
-0.0018303274999999998,0.10532062558050502,0.10533652866610986,1.70344,9.483035112788764,25.503518365986583,-0.9723166667933908,STO20_b,294,500,2,IR
-0.0022777925000000004,0.025627507394144555,0.025728534235552363,0.18640600000000002,3.759211430954786,0.4870932568526092,-0.07937031139175783,STO20_b,294,500,2,IR
-0.0017898752499999997,0.07830884151838628,0.0783292940946253,1.49859,10.604206377713219,29.093372651443893,-0.7422094817024907,STO20_b,294,500,2,IR
-0.0028438961,0.07375327162471215,0.07380808099643403,1.3910900000000002,11.200941534300862,41.11988589550058,-1.6790335273403199,STO20_b,294,500,2,IR
-0.0009750124999999998,0.04856684732582221,0.04857663335951638,0.95797,11.373781215156253,33.691076412126506,1.2701326563568687,STO20_b,294,500,2,IR
-0.00205310275,0.08037932893522436,0.08040554552379489,1.3087499999999999,8.814690521442397,25.73538484662054,-0.2703679611650621,STO20_b,294,500,2,IR
-0.0019187549499999998,0.022570907341869933,0.02265231729411866,0.156719,3.842035182095754,0.3908379950007803,0.17868018605727654,STO20_b,294,500,2,IR
-0.00215090775,0.08403272539898116,0.08406024828734199,1.5554700000000001,10.009606409010592,31.32531230307874,-0.6397293838277536,STO20_b,294,500,2,IR
-0.0022726552,0.02641368817874272,0.026511278446388436,0.227968,4.885845104072888,1.0119886644109721,-0.20992345609243027,STO20_b,294,500,2,IR
-0.0023562513500000005,0.04701416970242972,0.04707317785356367,0.59109,6.608646668549676,9.947538632460347,-0.33248529184469733,STO20_b,294,500,2,IR
-0.0018167049000000002,0.029003182659390003,0.02906002445056826,0.47858999999999996,9.97383882085248,13.5640437777943,-0.5308252486623554,STO20_b,294,500,2,IR
-0.0020654667,0.05957576048790289,0.05961155416864066,1.13985,10.151723242913727,33.902492109594704,-0.6747429628251527,STO20_b,294,500,2,IR
-0.0017489102,0.032089958650542164,0.03213758131971307,0.38985000000000003,7.137438182359393,4.485690959346005,-0.1596872253769836,STO20_b,294,500,2,IR
-0.0019110623000000006,0.05472943128629315,0.05476278670808822,0.92703,9.800816069879234,34.3182611193093,-1.6162466485339992,STO20_b,295,500,2,IR
-0.00221734945,0.022482716774005474,0.022591794796420282,0.13156299999999999,3.1261349811476986,-0.18346813720417776,-0.12232770459246248,STO20_b,295,500,2,IR
-0.0016790332000000006,0.06639602354109099,0.06641724997736514,1.33156,12.877829182802477,45.56328955107316,-2.7069372942807277,STO20_b,295,500,2,IR
-0.0019592112500000005,0.0291186522391689,0.02918448932134641,0.39875,8.20744188334317,6.486707834860274,-0.40516843854250423,STO20_b,295,500,2,IR
-0.0020170591499999997,0.10401780489261836,0.10403735993523393,1.71767,10.028128363209932,29.37596122992536,-1.3428217035290246,STO20_b,295,500,2,IR
-0.0020039096,0.0302630614280614,0.030329334656131017,0.44655999999999996,8.052270277898476,9.507408060540294,-0.1613566673693031,STO20_b,295,500,2,IR
-0.0016420249499999996,0.061822434819333985,0.06184423734615233,1.00094,9.487060155920947,23.200798623185378,-0.665318754566564,STO20_b,295,500,2,IR
-0.0018885888999999997,0.0333829804394357,0.03343635971592826,0.42094,7.850735015120425,8.091397694185629,-0.5517900062236456,STO20_b,295,500,2,IR
-0.002197800150000001,0.0654534697445131,0.06549035827581975,1.1545299999999998,8.997049573594268,25.03002737538177,-0.3973982686543651,STO20_b,295,500,2,IR
-0.0018182825000000004,0.07301572824135587,0.07303836472611733,1.17266,8.244845051749449,22.620492207871898,-0.07788343181863248,STO20_b,295,500,2,IR
-0.0020490718000000002,0.025404466830472545,0.0254869698116927,0.21813,4.499946476469065,1.3794181199141953,0.02862448312229719,STO20_b,295,500,2,IR
-0.0017445668500000004,0.06498692075282067,0.06501033288968387,1.02484,8.157318635791079,21.154659360188347,-0.18471074081882172,STO20_b,295,500,2,IR
-0.0019925058,0.0217950582488138,0.021885946253982713,0.167969,4.312127924687105,0.8631500194528678,0.15792957693284143,STO20_b,295,500,2,IR
-0.0019967075000000005,0.09395670279214308,0.09397791676990752,1.8604600000000002,11.639968596859509,39.941412367493875,-1.1945963197478142,STO20_b,295,500,2,IR
-0.0019556137,0.024524439960703227,0.024602288111672966,0.15437499999999998,3.3533466328628396,-0.11816168136743821,-0.09288645521300848,STO20_b,295,500,2,IR
-0.00208922655,0.020654014393235824,0.020759411796417004,0.130625,3.4020713444390367,0.12848034761781735,-0.019983855912056474,STO20_b,296,500,2,RE
-0.00193093075,0.026039235213428734,0.026110730822050204,0.18468800000000002,3.7759954201181736,0.4567719604976914,-0.06283960396281629,STO20_b,296,500,2,RE
-0.0022790346499999992,0.0480663522405045,0.04812035137698136,0.83718,9.721666334792799,24.582594824086254,-0.5594544560813542,STO20_b,296,500,2,RE
-0.0020862345000000003,0.024132978805304576,0.024222985786361475,0.155625,3.4445794889158123,0.03136478044711577,0.015773211807938805,STO20_b,296,500,2,RE
-0.00196750275,0.024910384564938173,0.024987963627402045,0.21187,4.464549479240566,1.074194496309917,-0.05388412823451445,STO20_b,296,500,2,RE
-0.00234281345,0.02558113321890181,0.02568819089824549,0.165156,3.3393165108352902,-0.007440727284225179,0.047257674253456436,STO20_b,296,500,2,RE
-0.0020363979,0.042127962528639346,0.042177151909790746,0.52469,6.82763029177303,7.624574303478106,-0.43747255070772656,STO20_b,296,500,2,RE
-0.0021242309,0.022142068505070844,0.022243730680795545,0.158281,3.9477190791477166,0.03679518176635588,-0.02869160439193366,STO20_b,296,500,2,RE
-0.00197499605,0.022921484379911063,0.023006413357497136,0.152499,3.4908526919007388,0.13380525174172053,0.041557732078311524,STO20_b,296,500,2,RE
-0.00206875765,0.019494449789851185,0.01960391111037444,0.131094,3.8417333957479625,-0.16924762760266665,-0.011707919453245483,STO20_b,296,500,2,RE
-0.00212500045,0.02431782131466915,0.024410490785821522,0.189844,4.096599321881866,0.8603416944036826,0.04137218617717799,STO20_b,296,500,2,RE
-0.0022170310499999997,0.021938910157683733,0.022050646375641293,0.17375000000000002,4.329532947635577,0.9239024274944847,-0.013975324439711516,STO20_b,296,500,2,RE
-0.0022162437499999993,0.025361046572431673,0.02545769863142508,0.18890600000000002,3.903534307587848,0.4918039049859493,0.10300066930393964,STO20_b,296,500,2,RE
-0.0017743781,0.021161922152350677,0.02123618060819577,0.127969,3.4434158076324968,-0.11288640473003841,-0.08862687362561686,STO20_b,296,500,2,RE
-0.0019332697,0.022472795914397742,0.02255579943037067,0.167657,3.7892250400541645,0.38763026112682475,-0.11037436745637165,STO20_b,296,500,2,RE
-0.00240312515,0.02135486630990639,0.021489656246681508,0.171093,4.195320714537821,0.3710223529351837,0.01612500438578391,STO20_b,297,500,2,RE
0.00034048159999999994,0.03064179984943217,0.030643691450812513,0.27124899999999996,5.613879785864984,3.231157095714595,0.6931333407715541,STO20_b,297,500,2,RE
-0.00222637895,0.036261180971932844,0.036329464745689106,0.52984,8.769465837995982,11.006740444589518,-0.3859709894270025,STO20_b,297,500,2,RE
-0.0017315475999999995,0.03235520340592374,0.03240150373871196,0.49640000000000006,8.352081501596317,11.539639409291715,-0.41303796125717557,STO20_b,297,500,2,RE
-0.00213578205,0.023471553519802332,0.023568525401434167,0.158594,3.5799863828080523,0.4851486441951298,0.06929481162637846,STO20_b,297,500,2,RE
-0.0021967178,0.020794783796113585,0.020910490243414785,0.147344,3.7062736979304733,0.17098893914317914,-0.021886962384596163,STO20_b,297,500,2,RE
-0.00219594395,0.019565320066888145,0.01968816698302098,0.13125,3.4205317365541075,-0.008804363694374207,0.01310498281852821,STO20_b,297,500,2,RE
-0.0020940781000000006,0.03747827023449716,0.03753672738610673,0.36984,5.12404818943246,3.4471471026060874,0.04113294629183226,STO20_b,297,500,2,RE
-0.00219969365,0.025218057106715163,0.025313811573751545,0.18125000000000002,3.6356042128175194,0.10572997834056963,0.0010406958692572381,STO20_b,297,500,2,RE
-0.0019868632,0.019990692161322998,0.02008918610756282,0.12218699999999999,3.1111265367028036,-0.12081131028597625,0.01842522788259617,STO20_b,297,500,2,RE
-0.0023128107999999996,0.022089049160452637,0.022209799337443145,0.146406,3.8271394850785465,-0.0908401318684442,-0.005169312950288803,STO20_b,297,500,2,RE
-0.0022475168,0.032749491365228985,0.03282652154047836,0.41047,7.906107251722474,5.414902581768224,-0.4092953612311517,STO20_b,297,500,2,RE
-0.0019198448999999999,0.02154172371208416,0.021627104866990984,0.14140599999999998,3.323375941534429,0.18319388776233225,0.015892753732070934,STO20_b,297,500,2,RE
-0.0020639094,0.020511453280203276,0.020615029412478898,0.140156,3.60023740519492,-0.029502859859113162,0.0436626374737027,STO20_b,297,500,2,RE
-0.002051863,0.020101312493004307,0.020205764170458388,0.12125,3.039033786694292,-0.04805283396618609,-0.037888491821310495,STO20_b,297,500,2,RE
-0.00174029975,0.022219775546617082,0.022287823324898565,0.13624999999999998,3.0776446403077444,-0.09682145717576374,-0.2006531257496166,STO20_b,298,500,2,RE
-0.0022704737,0.021502295507915506,0.021621835327559846,0.141875,3.51209778677794,0.048096477878617705,-0.05637556751497288,STO20_b,298,500,2,RE
-0.00210310835,0.045347727761288086,0.045396469883061806,0.57422,7.014642345985924,7.396849927035957,-0.06776033744020478,STO20_b,298,500,2,RE
-0.0022998589999999996,0.025152874277346797,0.02525779950494292,0.17375000000000002,3.7921355730635113,0.13920107146511018,-0.021329580976008615,STO20_b,298,500,2,RE
-0.0020454704499999997,0.019772743304363443,0.01987826267916974,0.125156,3.18342709427578,0.014460952659025583,0.0418667491372324,STO20_b,298,500,2,RE
-0.0022090534999999996,0.020022225824608206,0.0201437197244568,0.136875,4.09556929546808,0.03107700455114859,-0.030217654963024775,STO20_b,298,500,2,RE
-0.001885449,0.026200699390322275,0.02626845192381224,0.20780700000000002,4.591819889114154,0.5183413682007805,-0.12035911433184107,STO20_b,298,500,2,RE
-0.0019892203499999998,0.02664214626707059,0.026716305046110653,0.22828,4.462443432736444,1.3960471831544048,-0.045914581361387596,STO20_b,298,500,2,RE
-0.0019198412500000001,0.023783198361663135,0.02386055981605246,0.21391,4.773986900481931,1.0446777416427713,0.1398543068069366,STO20_b,298,500,2,RE
-0.00229672565,0.02342704833500466,0.023539361554681396,0.143126,3.252552106060562,0.0518934357881764,-0.05606525764310461,STO20_b,298,500,2,RE
-0.0023084296,0.025109410392263273,0.025215299670344093,0.198432,4.089580585920231,0.5980789608313684,-0.09102898143404753,STO20_b,298,500,2,RE
-0.0021309612000000003,0.04626272739367356,0.04631177972759479,0.63594,8.448174574618527,11.774451883797388,-0.36412907503520875,STO20_b,298,500,2,RE
-0.0019137399500000003,0.022678291857436847,0.022758895451390263,0.15656199999999998,3.5837415824596905,0.061613865446680016,-0.0246093431479303,STO20_b,298,500,2,RE
-0.0021304673,0.022406880480268013,0.02250793601762243,0.13625,3.103083283394627,-0.1674529205102404,-0.09167488359841629,STO20_b,298,500,2,RE
-0.0019771957,0.02252019946746779,0.022606828324438503,0.144844,3.289935188281096,0.18130310851565445,-0.07426356879801216,STO20_b,298,500,2,RE
-0.0024934382,0.020854528084522334,0.021003061102738096,0.151563,3.652753264141978,0.3577207187627871,-0.05415840292511272,STO20_b,299,500,2,RE
-0.0017010911500000001,0.020784261455078435,0.020853758302370042,0.185626,4.877777833861221,1.0278090527328594,-0.08756683463099685,STO20_b,299,500,2,RE
-0.00234625595,0.028298562438308986,0.028395660813895184,0.29391,5.662132712943367,2.5358662478898557,-0.01609639204926361,STO20_b,299,500,2,RE
-0.00198451415,0.021367853651412378,0.02145981048564333,0.146563,3.4876356457141515,0.34335917626980317,0.036845329266659746,STO20_b,299,500,2,RE
-0.0022459246,0.024144613084325865,0.024248845710686622,0.154531,3.614852477756062,-0.1515785108797747,-0.017328419104237935,STO20_b,299,500,2,RE
-0.00188092345,0.020576521197230295,0.02066231104220502,0.129062,3.1533742700374505,0.06280087307494187,0.12007536442910316,STO20_b,299,500,2,RE
-0.0020445086500000004,0.03993061084988161,0.03998291758319555,0.54688,7.683031118497194,9.886350720845437,-0.11924335864812644,STO20_b,299,500,2,RE
-0.00202015475,0.021190112977059607,0.021286190668940688,0.12375,3.1931030336571955,-0.24763889980130527,-0.1914109748502844,STO20_b,299,500,2,RE
-0.00215312435,0.022271049473945644,0.022374887466476732,0.153125,3.540531773341439,0.3691062014495792,-0.12939025200957582,STO20_b,299,500,2,RE
-0.0019106123499999996,0.023967478523960233,0.024043511938742802,0.184846,4.40617827669727,0.6350602919495798,-0.06672219585873794,STO20_b,299,500,2,RE
-0.0020995238,0.03231562358671728,0.03238375407492413,0.39422,6.306248482727167,5.143427542249487,0.08567994682811925,STO20_b,299,500,2,RE
-0.0019506240499999998,0.030320553023183615,0.03038323336671276,0.31110000000000004,5.790693764435098,1.4530007162260477,0.03888385803684316,STO20_b,299,500,2,RE
-0.0020817312,0.021788707699196885,0.021887927905356756,0.137187,3.240918935165132,0.04257437045436019,-0.0034557213801601375,STO20_b,299,500,2,RE
-0.00210249225,0.02037925869543437,0.020487426842743028,0.134531,3.3786087697254414,-0.006534228416404719,-0.07564091454614481,STO20_b,299,500,2,RE
-0.0019186047000000002,0.025066846371970646,0.02514016370334211,0.196096,4.01508920908821,0.730283215480636,-0.0187553730822775,STO20_b,299,500,2,RE
-0.0022967034499999997,0.02221696735938066,0.0223353640083395,0.162969,3.9665348622445147,0.09413025724443314,0.026560191620442458,STO20_b,300,500,2,RE
-0.00183265645,0.02151575926642239,0.02159366866640237,0.145312,3.3864092817991285,0.438448326255104,-0.059673948541951904,STO20_b,300,500,2,RE
-0.0021525163000000003,0.03441958602117186,0.034486826880573036,0.40829000000000004,6.02142959452666,6.961946467466069,-0.2022834579984362,STO20_b,300,500,2,RE
-0.0020614052999999998,0.021015759861367063,0.021116617966935782,0.16031299999999998,4.254658588826911,0.6490264330570508,0.016112858887392344,STO20_b,300,500,2,RE
-0.00192735205,0.020784422104163692,0.020873593081419582,0.125469,3.226277322611294,-0.19190234501344294,0.05659821986618278,STO20_b,300,500,2,RE
-0.0018598481000000001,0.021513926694513286,0.021594167656382706,0.14937499999999998,3.856643206869989,0.12123129612587702,-0.03233827585411965,STO20_b,300,500,2,RE
-0.0023084286,0.032247717660133825,0.03233023564542957,0.55594,8.858889961121855,16.912932634861217,-0.377512761196074,STO20_b,300,500,2,RE
-0.0016462421999999999,0.025081147261753183,0.025135116099728086,0.206561,4.357648461436186,1.2283945471185875,-0.18406007920554923,STO20_b,300,500,2,RE
-0.0021789095499999997,0.021546574119241355,0.02165646561891027,0.13437500000000002,3.369386366364602,-0.025658298643740363,-0.1228641186401267,STO20_b,300,500,2,RE
-0.001803284,0.01967347377786887,0.01975594603336297,0.12390699999999999,3.464172248923181,-0.056756361779845665,-0.05954489061043674,STO20_b,300,500,2,RE
-0.0019526456499999998,0.02321341853490301,0.023295399226264453,0.2225,5.848794376804868,1.9738730611568824,0.35834145953778695,STO20_b,300,500,2,RE
-0.0018520367499999999,0.035531940731727094,0.035580174989540414,0.4225,6.890353970211508,6.322152226446288,-0.27225083465609007,STO20_b,300,500,2,RE
-0.0021295277500000005,0.021518430681821632,0.02162354613485916,0.123126,2.875939016299791,-0.09143630005101278,0.05597639582608512,STO20_b,300,500,2,RE
-0.001930154,0.02210979314296018,0.022193883105220795,0.139687,3.3370456016585024,-0.1033652102723348,0.07721326774293785,STO20_b,300,500,2,RE
-0.0021224984,0.019932096744836016,0.020044786856025808,0.140312,3.9442674331172842,-0.012819533625942459,-0.08869495513887768,STO20_b,300,500,2,RE
